ds,y
2020-01-01,402.9144208739319
2020-01-02,393.4711112075736
2020-01-03,388.2009895020015
2020-01-06,384.6001597304359
2020-01-07,391.0864040322696
2020-01-08,386.2932959778327
2020-01-09,388.7017553760943
2020-01-10,395.8558055149487
2020-01-13,393.9480425950018
2020-01-14,398.7651050457533
2020-01-15,402.0559386039809
2020-01-16,404.5360061960384
2020-01-17,410.1161469888477
2020-01-20,410.1638370042921
2020-01-21,409.2337855050732
2020-01-22,400.6966971637108
2020-01-23,401.5790235014607
2020-01-24,402.5090385674988
2020-01-27,400.1482044467943
2020-01-28,405.3229012198766
2020-01-29,407.3022043784222
2020-01-30,406.8253198689616
2020-01-31,403.9636970376926
2020-02-03,397.2865818338113
2020-02-04,384.79091754767336
2020-02-05,382.0962824942905
2020-02-06,391.08645527959214
2020-02-07,387.4856128907863
2020-02-10,386.36476694023
2020-02-11,381.8816292613584
2020-02-12,382.3585781069282
2020-02-13,381.5477102025398
2020-02-14,385.5778505773615
2020-02-17,399.6712476026496
2020-02-18,405.3944710559514
2020-02-19,399.9574033879452
2020-02-20,395.9034549905387
2020-02-24,403.3436936456045
2020-02-25,394.4249832571568
2020-02-26,396.18966029804136
2020-02-27,404.917566298698
2020-02-28,395.8319692599547
2020-03-02,384.1708827718616
2020-03-03,388.74944944014527
2020-03-04,384.8862811753036
2020-03-05,379.1630613773836
2020-03-06,371.0551890653601
2020-03-09,369.6004904630327
2020-03-11,363.04268341240703
2020-03-12,357.98716188340546
2020-03-13,302.94890540274906
2020-03-16,333.8542726228758
2020-03-17,330.0387945065553
2020-03-18,333.56809298804194
2020-03-19,303.32929442476404
2020-03-20,293.61406888607286
2020-03-23,266.0188301993256
2020-03-24,198.133143040732
2020-03-25,242.6876810838292
2020-03-26,256.44894159296604
2020-03-27,261.6578818149254
2020-03-30,235.007535913658
2020-03-31,230.16201465959605
2020-04-01,222.8937384438889
2020-04-03,216.18269035077856
2020-04-07,225.3164880661153
2020-04-08,226.770163838594
2020-04-09,234.9590728467796
2020-04-13,244.5047443803472
2020-04-15,237.2364687029759
2020-04-16,233.06934199465985
2020-04-17,248.0904208239527
2020-04-20,270.8643528436123
2020-04-21,270.6462672724891
2020-04-22,256.0855332096066
2020-04-23,274.74076512784563
2020-04-24,264.177558447076
2020-04-27,278.5687328850862
2020-04-28,270.3555809925543
2020-04-29,262.8692600006439
2020-04-30,265.0255324913085
2020-05-04,254.1957706180565
2020-05-05,246.39449270322524
2020-05-06,243.4387204707761
2020-05-07,246.80636318125
2020-05-08,245.4738355532029
2020-05-11,234.52297982096485
2020-05-12,229.48363600349225
2020-05-13,236.4611760131379
2020-05-14,227.7392485201621
2020-05-15,226.7943669996633
2020-05-18,227.64233017454868
2020-05-19,227.7392509869634
2020-05-20,225.31649995111167
2020-05-21,227.01242241985864
2020-05-22,226.4067208422652
2020-05-26,223.1844672345384
2020-05-27,225.84949932956724
2020-05-28,236.92151710808176
2020-05-29,235.3224850183261
2020-06-01,240.6283200354521
2020-06-02,250.1255535825348
2020-06-03,267.763157762698
2020-06-04,259.7196848581664
2020-06-05,255.8432192958324
2020-06-08,263.9836933522263
2020-06-09,256.1582183847772
2020-06-10,250.94928942387605
2020-06-11,253.42049347275776
2020-06-12,241.7912655379892
2020-06-15,243.366035098489
2020-06-16,242.8330336379913
2020-06-17,239.8288305478976
2020-06-18,240.1195425073816
2020-06-19,242.8088045475587
2020-06-22,244.8681579115334
2020-06-23,247.92082993820512
2020-06-24,248.381129686524
2020-06-25,243.3418316593197
2020-06-26,246.92751725179863
2020-06-29,244.5047292118207
2020-06-30,242.2516060584948
2020-07-01,240.3375881679497
2020-07-02,241.06444311375785
2020-07-03,243.6325390094834
2020-07-06,243.55987362616943
2020-07-07,242.2757884860136
2020-07-08,241.6943352290591
2020-07-09,238.39938959863065
2020-07-10,237.43028584362656
2020-07-13,239.36849262868955
2020-07-14,232.58476173595108
2020-07-15,227.78774389473327
2020-07-16,231.906399091984
2020-07-17,235.97662733248188
2020-07-20,237.18802402098228
2020-07-21,239.12621310933235
2020-07-22,239.0292903348616
2020-07-23,238.8839532953904
2020-07-24,237.43027382103293
2020-07-27,238.88393471386567
2020-07-28,238.35094928824867
2020-07-29,236.8003789786005
2020-07-30,238.22978922591253
2020-07-31,235.73437120706623
2020-08-03,235.6859057685481
2020-08-04,233.11779132815104
2020-08-05,235.3951710838573
2020-08-06,236.92150255354224
2020-08-07,247.09709146332605
2020-08-10,242.2758168375865
2020-08-11,250.99772814578176
2020-08-12,249.51984067180308
2020-08-13,255.35870294229747
2020-08-14,252.20910424635537
2020-08-17,264.5167333557188
2020-08-18,274.7407666439328
2020-08-19,270.7190047060162
2020-08-20,264.1290635048572
2020-08-21,269.4591237874008
2020-08-24,273.2871040544444
2020-08-25,282.9781193999633
2020-08-26,284.43174396477053
2020-08-27,305.7520867671082
2020-08-28,331.1668206246968
2020-08-31,337.1752299876188
2020-09-01,306.79388134312427
2020-09-02,300.4219842524093
2020-09-03,297.0301542879728
2020-09-04,304.75875456881107
2020-09-07,300.42200592749464
2020-09-08,297.03012639856763
2020-09-09,288.3566466913093
2020-09-10,291.70011109589126
2020-09-11,294.1228131040593
2020-09-14,296.9816691100128
2020-09-15,326.5877607939379
2020-09-16,338.1443163991472
2020-09-17,326.1032649634521
2020-09-18,318.35038344281907
2020-09-21,308.0778994452809
2020-09-22,310.1130660607716
2020-09-23,321.7180153171606
2020-09-24,304.29842243954715
2020-09-25,307.0603489383395
2020-09-28,316.8725332264346
2020-09-29,316.5333149453827
2020-09-30,314.95855816336496
2020-10-01,312.05126170341583
2020-10-05,311.5908981889476
2020-10-06,305.75206476026966
2020-10-07,303.81385419385384
2020-10-08,313.9894457253464
2020-10-09,311.08214851856155
2020-10-12,306.2366357260169
2020-10-13,303.8138774296428
2020-10-14,293.6867341066834
2020-10-15,302.3359615581749
2020-10-16,304.2983840056033
2020-10-19,314.95851441866097
2020-10-20,301.3910768130424
2020-10-21,305.2675460860187
2020-10-22,297.975017106434
2020-10-23,315.44309138609947
2020-10-26,310.1614905605075
2020-10-27,310.59756687996503
2020-10-28,312.5357992493894
2020-10-29,300.44622153081644
2020-10-30,304.2984264570399
2020-11-02,305.65512687016525
2020-11-03,307.6418196623017
2020-11-04,305.7035822634657
2020-11-05,306.7938764808435
2020-11-06,313.50486152907365
2020-11-09,320.6278268802397
2020-11-10,323.4866136826036
2020-11-11,322.2268035389194
2020-11-12,318.5926631940829
2020-11-13,324.6495685497096
2020-11-14,329.97964956525146
2020-11-17,333.226147416648
2020-11-18,338.77427122173907
2020-11-19,345.00074269481263
2020-11-20,355.66088539591897
2020-11-23,359.5130631189015
2020-11-24,371.60262430577774
2020-11-25,378.6043696706604
2020-11-26,373.10471188994586
2020-11-27,368.9376043825088
2020-12-01,393.5770642375224
2020-12-02,381.0514200711005
2020-12-03,377.9260201945093
2020-12-04,399.7308628342051
2020-12-07,404.6005846932172
2020-12-08,399.755048570026
2020-12-09,392.9713750444884
2020-12-10,384.22520003133286
2020-12-11,387.56859183333256
2020-12-14,378.0229632849301
2020-12-15,378.91935649212905
2020-12-16,381.82664283701024
2020-12-17,377.95027574311945
2020-12-18,377.39301626822345
2020-12-21,377.4172696524277
2020-12-22,367.3628396508668
2020-12-23,386.64799805912304
2020-12-24,387.5928331920149
2020-12-28,382.2385490515102
2020-12-29,379.0405023772967
2020-12-30,386.5268221306198
2020-12-31,380.46990306410447
2021-01-01,392.2445467493796
2021-01-04,392.0991860581059
2021-01-05,390.0640594678466
2021-01-06,397.33231007505753
2021-01-07,391.0815879444039
2021-01-08,387.641261945938
2021-01-11,396.82355459671146
2021-01-12,388.755720341919
2021-01-13,388.65884126067056
2021-01-14,382.7957644455489
2021-01-15,381.5844311327733
2021-01-18,379.1374165176848
2021-01-19,379.3797150151931
2021-01-20,374.6068114638435
2021-01-21,375.9636107256485
2021-01-22,375.5274926892352
2021-01-25,367.7746609827149
2021-01-27,369.0829719509517
2021-01-28,363.41371833430713
2021-01-29,358.3986461833674
2021-02-01,353.9891712654085
2021-02-02,381.00291181358193
2021-02-03,390.0640457868489
2021-02-04,388.4166106154766
2021-02-05,390.5001382587694
2021-02-08,396.847775523961
2021-02-09,395.0064673701411
2021-02-10,393.89202829478864
2021-02-11,394.5946375960213
2021-02-12,404.11601659988463
2021-02-15,393.9404625875614
2021-02-16,397.2353761182061
2021-02-17,397.30811722704783
2021-02-18,392.8259921049028
2021-02-19,414.04933028809495
2021-02-22,392.05068052716274
2021-02-23,391.541924023255
2021-02-24,407.55633839674266
2021-02-25,399.2705593590063
2021-02-26,405.4001083288923
2021-03-01,433.67368948457744
2021-03-02,429.79728862055833
2021-03-03,440.8208193341541
2021-03-04,445.06066996461607
2021-03-05,444.8183716924456
2021-03-08,459.3548932490172
2021-03-09,461.4384914805522
2021-03-10,454.4124767916056
2021-03-12,455.45429589683926
2021-03-15,460.3240619737312
2021-03-16,450.14847436642674
2021-03-17,435.5876629818379
2021-03-18,430.2818607162227
2021-03-19,411.3843413643538
2021-03-22,440.4574132559849
2021-03-23,437.5500914203726
2021-03-24,438.37385996625807
2021-03-25,429.8699554123431
2021-03-26,421.535700388833
2021-03-30,443.3647255645064
2021-03-31,441.911039856244
2021-04-01,457.9012561463399
2021-04-05,450.5845283322756
2021-04-06,453.0557706040352
2021-04-07,444.76990691482473
2021-04-08,443.36468284932175
2021-04-09,442.7347831625509
2021-04-12,441.9837673576021
2021-04-13,423.98263568750167
2021-04-15,420.59076140228126
2021-04-16,423.01353868112255
2021-04-19,411.8688769774907
2021-04-20,401.49945308830536
2021-04-22,404.6248542471431
2021-04-23,402.6624180350075
2021-04-26,407.0233384837147
2021-04-27,407.1687236655771
2021-04-28,421.366068351341
2021-04-29,424.4672174791112
2021-04-30,419.86396878883727
2021-05-03,404.116032641146
2021-05-04,406.78107687108513
2021-05-05,410.89976490540994
2021-05-06,407.50793169806985
2021-05-07,414.7761648121574
2021-05-10,411.2873682885871
2021-05-11,402.1778515996483
2021-05-12,395.39413634287456
2021-05-14,396.847793824586
2021-05-17,396.8477746352364
2021-05-18,395.9755642075258
2021-05-19,394.4734536368362
2021-05-20,394.90958602237913
2021-05-21,390.11249302811535
2021-05-24,396.2663135155066
2021-05-25,397.3323193140963
2021-05-26,395.1518449238831
2021-05-27,394.8611211849041
2021-05-28,407.07180410987934
2021-05-31,407.0233832570956
2021-06-01,402.1778695611648
2021-06-02,395.4667936310688
2021-06-03,399.4158987756608
2021-06-04,408.9615767367407
2021-06-07,401.2087369890011
2021-06-08,401.20873484127327
2021-06-09,406.0300176662779
2021-06-10,401.087574592888
2021-06-11,403.146912838343
2021-06-14,401.2571960650181
2021-06-15,399.6581328564274
2021-06-16,396.6781869282959
2021-06-17,392.4867934810758
2021-06-18,396.36316365321375
2021-06-21,395.9271290936728
2021-06-22,400.7725967083223
2021-06-23,394.9095949949224
2021-06-24,394.958029040055
2021-06-25,394.9337708189111
2021-06-28,395.17608431312647
2021-06-29,396.36319631677947
2021-06-30,396.702408555802
2021-07-01,396.36322279903095
2021-07-02,397.3323039905725
2021-07-05,404.3340679989285
2021-07-06,426.2600331001564
2021-07-07,416.7143833786727
2021-07-08,417.4654257607157
2021-07-09,416.71438923136986
2021-07-12,419.1371336046984
2021-07-13,421.5599038585642
2021-07-14,421.0753200897548
2021-07-15,419.2098168519199
2021-07-16,414.4854672226138
2021-07-19,416.22984553917706
2021-07-20,421.5598742215679
2021-07-22,415.4343089371443
2021-07-23,417.6738718636775
2021-07-26,408.9834906135119
2021-07-27,411.44209308794274
2021-07-28,407.03606853093936
2021-07-29,406.5248571163907
2021-07-30,405.55116124641614
2021-08-02,410.4196895918188
2021-08-03,413.82772197186296
2021-08-04,410.9065440629081
2021-08-05,409.4459707480702
2021-08-06,420.6436811136096
2021-08-09,412.7079458160678
2021-08-10,404.5774722427103
2021-08-11,398.3700000215538
2021-08-12,393.37976179956536
2021-08-13,394.7916108122376
2021-08-16,399.3194218241878
2021-08-17,396.30086875738544
2021-08-18,396.7877417717062
2021-08-20,392.0165427823617
2021-08-23,392.72248885751947
2021-08-24,387.5374558983549
2021-08-25,401.1694123912436
2021-08-26,381.2083606510007
2021-08-27,376.8266344237964
2021-08-30,373.9054786456642
2021-08-31,376.6318500007483
2021-09-01,375.85291962627934
2021-09-02,376.145027873844
2021-09-03,389.4362324350508
2021-09-06,384.4702738324211
2021-09-07,396.78776692741377
2021-09-08,403.1168694199007
2021-09-09,411.393408232648
2021-09-13,403.60369733400216
2021-09-14,412.8539529442255
2021-09-15,417.72252824542136
2021-09-16,419.6699655942322
2021-09-17,419.1830848785768
2021-09-20,418.69628219734415
2021-09-21,409.93286887365247
2021-09-22,407.49858239307935
2021-09-23,417.1869950018476
2021-09-24,422.5180949002717
2021-09-27,440.5074334986278
2021-09-28,441.57848667502685
2021-09-29,443.5259445453376
2021-09-30,432.0847902871593
2021-10-01,443.16073349403104
2021-10-04,441.09161468153104
2021-10-05,430.77027612096384
2021-10-06,428.96889470484143
2021-10-07,423.9299769824121
2021-10-08,434.5677686634798
2021-10-11,430.81899457400766
2021-10-12,438.1705327886016
2021-10-13,445.424669338583
2021-10-14,447.39642694675433
2021-10-18,447.90765561709856
2021-10-19,448.3944815808658
2021-10-20,439.1442183923536
2021-10-21,433.3993084798258
2021-10-22,432.8394107881513
2021-10-25,444.49962466619536
2021-10-26,451.80246488860615
2021-10-27,452.2650237565313
2021-10-28,462.5132802695986
2021-10-29,457.8395003427286
2021-11-01,477.605835801713
2021-11-02,487.342978378498
2021-11-03,505.8434737454459
2021-11-04,493.6721168117128
2021-11-08,504.1395142135861
2021-11-09,505.0645322751148
2021-11-10,511.4179868523886
2021-11-11,512.6595277254589
2021-11-12,528.238900880066
2021-11-15,515.0937840519543
2021-11-16,507.4988397370486
2021-11-17,504.4316314362727
2021-11-18,491.6272358725436
2021-11-22,513.6088186367807
2021-11-23,508.7646350489956
2021-11-24,500.9505852748812
2021-11-25,489.2904005874537
2021-11-26,479.7723541052978
2021-11-29,447.9076631650842
2021-11-30,447.90759735245854
2021-12-01,456.1355035506273
2021-12-02,461.9777812956556
2021-12-03,479.5532963875961
2021-12-06,482.9855978981532
2021-12-07,482.42576959918966
2021-12-08,493.8181213683451
2021-12-09,480.04014279136464
2021-12-10,477.6058620137985
2021-12-13,484.9087010727316
2021-12-14,481.5007194192612
2021-12-15,495.1326818278934
2021-12-16,484.42185124283327
2021-12-17,478.5795900241051
2021-12-20,491.2378536792952
2021-12-21,490.1910842341517
2021-12-22,478.9203638089824
2021-12-23,474.6846944140133
2021-12-24,492.1141518083251
2021-12-27,475.7558041322848
2021-12-28,493.67207169956106
2021-12-29,498.00512502145153
2021-12-30,494.1589752779703
2021-12-31,508.2777712832856
2022-01-03,497.5669344907551
2022-01-04,498.39458172051576
2022-01-05,502.8737129753963
2022-01-06,481.9875704495959
2022-01-07,490.99438763295234
2022-01-10,488.97390869173466
2022-01-11,477.1189729340584
2022-01-12,479.04207646397896
2022-01-13,492.11415310625216
2022-01-14,499.4656715749223
2022-01-17,503.8960400805461
2022-01-18,513.8279158914029
2022-01-19,496.5932646181453
2022-01-20,490.72662090394607
2022-01-21,485.3468730703451
2022-01-24,482.45008022027565
2022-01-25,452.82486518373673
2022-01-27,447.42076667201707
2022-01-28,429.0662755938665
2022-01-31,414.4849155649861
2022-02-01,423.126612700661
2022-02-02,425.0253824795004
2022-02-03,455.6973337331343
2022-02-04,486.88046548965394
2022-02-07,489.29039499460697
2022-02-08,513.6332079117767
2022-02-09,506.1599645793677
2022-02-10,503.8960748504656
2022-02-11,513.5845494304046
2022-02-14,505.60007366783736
2022-02-15,490.7510094589328
2022-02-16,511.19889625639297
2022-02-17,549.1736856528787
2022-02-18,529.6507741825055
2022-02-21,499.02752089871376
2022-02-22,506.3303870318573
2022-02-23,524.3439834698906
2022-02-24,503.8960847829446
2022-02-25,503.89608537773137
2022-02-28,516.0675061049417
2022-03-02,516.2622472128926
2022-03-03,518.5016764245669
2022-03-04,504.3829145744159
2022-03-07,496.5932382141882
2022-03-08,493.2826232581887
2022-03-09,499.9768984715605
2022-03-10,494.1589739660483
2022-03-11,479.5532553542135
2022-03-14,483.5455237303404
2022-03-15,481.9388865684443
2022-03-16,481.9875580795815
2022-03-17,486.3692362068931
2022-03-21,483.8863192638599
2022-03-22,478.5552444887263
2022-03-23,482.6691904230333
2022-03-24,486.83180508174064
2022-03-25,491.38385753773656
2022-03-28,489.2903874892028
2022-03-29,484.3244718130204
2022-03-30,510.2252215495158
2022-03-31,512.0022061319536
2022-04-01,512.1969831117591
2022-04-04,535.5416891189983
2022-04-05,537.9759564186471
2022-04-06,551.1211615658726
2022-04-07,558.3996193557465
2022-04-08,572.0315175221959
2022-04-11,565.4833494434512
2022-04-12,566.6761397262295
2022-04-13,564.0472053335529
2022-04-18,558.8621461537239
2022-04-19,549.173722967991
2022-04-20,555.3567649661018
2022-04-21,568.1611064373818
2022-04-22,560.8582496283371
2022-04-25,554.0179645274152
2022-04-26,552.5816607641042
2022-04-27,558.4239255224763
2022-04-28,554.6994896851598
2022-04-29,555.9897016633081
2022-05-02,550.6342539420122
2022-05-04,559.8846052503563
2022-05-05,555.0159728871769
2022-05-06,535.5416508093116
2022-05-09,522.8834793585581
2022-05-10,506.4520723252762
2022-05-11,503.4335835809324
2022-05-12,486.3205995600575
2022-05-13,511.1989278752317
2022-05-16,488.31665463588286
2022-05-17,493.5747466548117
2022-05-18,500.0012184695867
2022-05-19,486.3692781976288
2022-05-20,506.23299876280544
2022-05-23,498.24856633250926
2022-05-24,502.8006540416398
2022-05-25,491.2621941527439
2022-05-26,477.1190265300744
2022-05-27,493.8181598163737
2022-05-30,496.5932337302529
2022-05-31,489.2417483583353
2022-06-01,501.242750063077
2022-06-02,497.15316776781367
2022-06-03,489.2903706778509
2022-06-06,488.8035294192129
2022-06-07,478.09271519465074
2022-06-08,466.40815751132953
2022-06-09,467.3818745438351
2022-06-10,471.2767294383115
2022-06-13,460.07903901504017
2022-06-14,458.740191848763
2022-06-15,455.4782293250262
2022-06-16,475.8531664712447
2022-06-17,450.8287430049693
2022-06-20,442.77128083336487
2022-06-21,447.6885139448965
2022-06-22,457.6447258762665
2022-06-23,457.6447271518712
2022-06-24,463.8521763555236
2022-06-27,476.60782401185736
2022-06-28,469.2319283560184
2022-06-29,452.7761736797084
2022-06-30,445.6681014705496
2022-07-01,434.324351435097
2022-07-04,428.4333695046173
2022-07-05,425.0254120105874
2022-07-06,430.7459622715541
2022-07-07,426.8510896400615
2022-07-08,431.59794968621605
2022-07-11,431.0623802333709
2022-07-12,461.6369824186759
2022-07-13,459.9816430976901
2022-07-14,461.58827587142406
2022-07-15,474.9037785220443
2022-07-18,478.7499582886251
2022-07-19,487.6107282310833
2022-07-20,500.974909040661
2022-07-21,490.1751450128265
2022-07-22,491.6997110137649
2022-07-25,494.0603480060112
2022-07-26,492.56034232094106
2022-07-27,492.97837518433255
2022-07-28,487.8636747312257
2022-07-29,491.281676266298
2022-08-01,489.1423477575148
2022-08-02,469.6671615620679
2022-08-03,477.5359263240432
2022-08-04,477.8309784367255
2022-08-05,506.5519981399044
2022-08-08,487.3472982491732
2022-08-10,498.978313475463
2022-08-11,496.7160444757546
2022-08-12,487.8637006269906
2022-08-16,491.7980593228765
2022-08-17,494.7488652212575
2022-08-18,520.8141347327763
2022-08-19,529.6664780716816
2022-08-22,528.1911095582462
2022-08-23,517.7158409898932
2022-08-24,522.7814006444884
2022-08-25,550.3220478427197
2022-08-26,535.0763005793339
2022-08-29,514.2978521190263
2022-08-30,532.3222543142125
2022-09-01,536.0598868526837
2022-09-02,538.5188591245151
2022-09-05,534.2402318582135
2022-09-06,549.3384642725337
2022-09-07,543.436898721145
2022-09-08,565.5185842318305
2022-09-09,559.1744004160867
2022-09-12,546.3876967492265
2022-09-13,564.3382995138578
2022-09-14,550.1007611449074
2022-09-15,565.5186041732412
2022-09-16,557.5514414696954
2022-09-19,537.7565643627739
2022-09-20,523.2240069013392
2022-09-21,538.5188492862136
2022-09-22,530.158330019161
2022-09-23,533.6008874091222
2022-09-26,531.6583263591009
2022-09-27,539.4533516691449
2022-09-28,524.2567822215701
2022-09-29,538.5435034640839
2022-09-30,540.9779266402522
2022-10-03,543.4368529161982
2022-10-04,558.1907759707423
2022-10-06,554.8711794995247
2022-10-07,556.2236178489279
2022-10-10,567.4858023627169
2022-10-11,568.9857040127204
2022-10-12,575.821810812486
2022-10-13,580.3217046465932
2022-10-14,564.4366047889449
2022-10-17,568.592319508577
2022-10-18,590.7478104197826
2022-10-19,595.8133239683391
2022-10-20,598.3952585828426
2022-10-21,591.6331018968375
2022-10-24,600.4854466179886
2022-10-25,597.8297258698109
2022-10-27,596.8215664076178
2022-10-28,604.8870096517261
2022-10-31,600.9772029758236
2022-11-01,612.2393896860669
2022-11-02,602.2805227196283
2022-11-03,600.6084180045884
2022-11-04,606.8296662843006
2022-11-07,601.4690436188562
2022-11-09,597.3624906166746
2022-11-10,582.1168023886886
2022-11-11,602.4526292301696
2022-11-14,599.9936727129882
2022-11-15,593.5264782358433
2022-11-16,589.8379814778148
2022-11-17,574.5677326282749
2022-11-18,561.1170349202957
2022-11-21,580.0758411801236
2022-11-22,587.501939676376
2022-11-23,587.1576905052094
2022-11-24,593.9445002861228
2022-11-25,590.059370736232
2022-11-28,595.0510709771942
2022-11-29,599.9936445490795
2022-11-30,602.2805142645242
2022-12-01,603.411655315755
2022-12-02,602.5756182624373
2022-12-05,609.6820446771977
2022-12-06,603.239521006699
2022-12-07,614.7476232930555
2022-12-08,617.2066021877794
2022-12-09,620.3048762234764
2022-12-12,627.0425081018803
2022-12-13,626.3048041485831
2022-12-14,628.5179192789815
2022-12-15,623.5999590858413
2022-12-16,614.747611122526
2022-12-19,620.0098529263176
2022-12-20,610.3213932462803
2022-12-21,614.8213234865187
2022-12-22,601.026399573674
2022-12-23,592.616625419
2022-12-26,587.6986588912084
2022-12-27,582.2889349738525
2022-12-28,586.3709042109823
2022-12-29,580.3708525099297
2022-12-30,590.1330725688607
2023-01-02,589.4199560916968
2023-01-03,590.0593536735543
2023-01-04,592.174033122361
2023-01-05,590.1577344043817
2023-01-06,585.2397405469225
2023-01-09,593.600282267666
2023-01-10,591.6330521278593
2023-01-11,598.5182789366625
2023-01-12,614.4033217751431
2023-01-13,613.7886483709508
2023-01-16,611.2312205836306
2023-01-17,609.1656777776556
2023-01-18,607.3705477689812
2023-01-19,608.354220329357
2023-01-20,605.9444383998504
2023-01-23,598.2723501627752
2023-01-24,609.6328591891253
2023-01-25,608.1820699377575
2023-01-27,613.3459470052513
2023-01-30,606.8788188596462
2023-01-31,594.0429494698767
2023-02-01,608.6492954022948
2023-02-02,622.1245469234765
2023-02-03,655.6160075097217
2023-02-06,677.9927512456958
2023-02-07,666.3863696280163
2023-02-08,668.8453491138221
2023-02-09,668.8453513198758
2023-02-10,668.8700379603551
2023-02-13,677.0338260899168
2023-02-14,674.6977705453813
2023-02-15,668.7224333429166
2023-02-16,683.1074695525011
2023-02-17,696.9024280402562
2023-02-20,700.3204769519552
2023-02-21,703.3450246537321
2023-02-22,693.9271038069926
2023-02-23,722.0578843600566
2023-02-24,704.0089503435325
2023-02-27,719.0825345656364
2023-02-28,718.0251577191219
2023-03-01,709.3449385495305
2023-03-02,709.9843275889269
2023-03-03,705.5089140554978
2023-03-06,711.4842628957684
2023-03-08,731.7955385930106
2023-03-09,744.1887933551332
2023-03-10,744.8281337078164
2023-03-13,747.5084194145636
2023-03-14,735.262763667756
2023-03-15,746.7954438680879
2023-03-16,728.5988294362518
2023-03-17,702.140040681864
2023-03-20,794.2538833724974
2023-03-21,715.0743854449823
2023-03-22,721.4185913358228
2023-03-23,705.7301947113693
2023-03-24,715.0497364510891
2023-03-27,701.2794779658468
2023-03-28,695.8942514126886
2023-03-29,680.2796749974044
2023-03-31,678.7551037234884
2023-04-03,676.5174048680195
2023-04-05,685.9599565212355
2023-04-06,708.4842808038516
2023-04-10,712.6154375786489
2023-04-11,704.2056640729596
2023-04-12,699.16470722696
2023-04-13,708.0416323477
2023-04-17,724.9103978546073
2023-04-18,736.934737563511
2023-04-19,719.9923628445121
2023-04-20,722.5743391801979
2023-04-21,731.3036986947229
2023-04-24,732.28733362358
2023-04-25,730.8119815463817
2023-04-26,726.508714915935
2023-04-27,726.8775408830787
2023-04-28,723.9021993101969
2023-05-02,762.2870289669102
2023-05-03,722.9431404844483
2023-05-04,713.1071889114486
2023-05-05,736.6888395932583
2023-05-08,712.5170204643458
2023-05-09,700.8368944035606
2023-05-10,684.115736474177
2023-05-11,698.3532777728801
2023-05-12,704.8203827869079
2023-05-15,696.0664175704478
2023-05-16,702.2876913647968
2023-05-17,699.8286944851365
2023-05-18,696.2877380535272
2023-05-19,703.2711811078692
2023-05-22,690.9762272633934
2023-05-23,694.3451082986323
2023-05-24,685.0747283680525
2023-05-25,706.7138298121158
2023-05-26,717.0415656445408
2023-05-29,722.9431137823916
2023-05-30,723.5578646299288
2023-05-31,720.484180766328
2023-06-01,708.4351398119305
2023-06-02,712.9595998269463
2023-06-05,708.95150175838
2023-06-06,704.3531547694331
2023-06-07,714.2383002856628
2023-06-08,724.4185826549791
2023-06-09,722.9431514759319
2023-06-12,718.4923835240106
2023-06-13,734.18075087718
2023-06-14,750.9756502970336
2023-06-15,762.2378281180705
2023-06-16,752.4510479819754
2023-06-19,767.2049899323202
2023-06-20,767.2050386521225
2023-06-21,781.9589494143393
2023-06-22,787.1719507533489
2023-06-23,785.2047680359691
2023-06-26,767.2049530281508
2023-06-27,771.6312112539915
2023-06-28,767.2049862140622
2023-06-30,755.6968678482359
2023-07-03,757.4181726762861
2023-07-04,756.8281163176695
2023-07-05,764.2542040633434
2023-07-06,779.7950580488549
2023-07-07,777.0409317071193
2023-07-10,779.8933774752292
2023-07-11,777.0409893816195
2023-07-12,778.9589479671457
2023-07-13,772.614745362821
2023-07-14,786.8769685039371
2023-07-17,780.7785982824986
2023-07-18,783.0900982421621
2023-07-19,781.9589183448996
2023-07-20,777.0900505153961
2023-07-21,779.1121202201685
2023-07-24,775.593659465805
2023-07-25,776.0397056242992
2023-07-26,763.2543606280746
2023-07-27,774.0574851766083
2023-07-28,760.6774696697001
2023-07-31,761.2721221717507
2023-08-01,782.7297002945472
2023-08-02,780.4997069729721
2023-08-03,761.1730299286951
2023-08-04,758.1997447002201
2023-08-07,757.6050810734615
2023-08-08,729.5070098833393
2023-08-09,729.4575383390758
2023-08-10,737.3864151621915
2023-08-11,743.53128576645
2023-08-14,735.5528857444214
2023-08-16,732.9263840637144
2023-08-17,737.1881775430096
2023-08-18,735.7510319809362
2023-08-21,744.6710518733097
2023-08-22,739.6163999782375
2023-08-23,734.3139878347819
2023-08-24,731.0928796449246
2023-08-25,722.9657200721081
2023-08-28,703.6886533713571
2023-08-29,726.4346297573665
2023-08-30,731.6875063445252
2023-08-31,736.3953013192973
2023-09-01,733.174135327779
2023-09-04,738.3775180397369
2023-09-05,735.3546313658215
2023-09-06,735.651903281315
2023-09-07,748.2390709280071
2023-09-08,792.8886138235748
2023-09-11,806.7641633194779
2023-09-12,800.2723544765892
2023-09-13,775.197283029364
2023-09-14,790.4108304697618
2023-09-15,784.1173110472937
2023-09-18,797.3486264781887
2023-09-20,808.7463448699624
2023-09-21,894.9234818437639
2023-09-22,884.9628230265137
2023-09-25,893.882829655834
2023-09-26,908.3034969289876
2023-09-27,895.4190041127548
2023-09-28,887.7379198244729
2023-09-29,882.0885934486098
2023-10-03,868.4607924443525
2023-10-04,876.5879326511829
2023-10-05,874.9525678698914
2023-10-06,872.0287460285516
2023-10-09,863.2574319248527
2023-10-10,862.5141286110999
2023-10-11,859.2434881269409
2023-10-12,880.8001283963127
2023-10-13,869.9474329352253
2023-10-16,865.6856684391689
2023-10-17,881.7416905020164
2023-10-18,903.149642698564
2023-10-19,935.9554101198888
2023-10-20,930.653006932566
2023-10-23,911.1776704912836
2023-10-25,870.1952421316191
2023-10-26,876.1914689191038
2023-10-27,853.3958724839155
2023-10-30,859.0452725046142
2023-10-31,920.741869557184
2023-11-01,880.552347808738
2023-11-02,926.936359372015
2023-11-03,918.9084038207588
2023-11-06,973.2707133248772
2023-11-07,965.0941002471614
2023-11-08,953.9440961889208
2023-11-09,941.5552318180552
2023-11-10,913.8040758634868
2023-11-13,950.376129839946
2023-11-15,951.1689906371926
2023-11-16,955.7280899108192
2023-11-17,951.6150263346713
2023-11-20,961.0801252685828
2023-11-21,980.208495861352
2023-11-22,978.2263180242708
2023-11-23,971.288526939882
2023-11-24,975.9963304720926
2023-11-28,1001.021829744696
2023-11-29,994.8769619812518
2023-11-30,976.8387253087268
2023-12-01,997.057378230852
2023-12-04,988.1374214263516
2023-12-05,988.930342347367
2023-12-06,1018.6636716594248
2023-12-07,997.9990000105804
2023-12-08,1003.0040845133362
2023-12-11,999.039587781296
2023-12-12,981.199636804052
2023-12-13,988.4347224240724
2023-12-14,996.0662533843785
2023-12-15,988.9798405784684
2023-12-18,959.94030111041
2023-12-19,954.7369787340102
2023-12-20,944.5285624195946
2023-12-21,908.7990189933868
2023-12-22,926.6885782610258
2023-12-26,951.0698634826758
2023-12-27,940.3658479164274
2023-12-28,944.528518661827
2023-12-29,939.5729588606288
2024-01-01,938.8791786375684
2024-01-02,945.519692261132
2024-01-03,942.6454012674176
2024-01-04,934.5183778558556
2024-01-05,930.652966903428
2024-01-08,940.5641055607092
2024-01-09,948.4929722144544
2024-01-10,963.3596457915884
2024-01-11,967.324086384601
2024-01-12,990.1196389369728
2024-01-15,1016.2353959352372
2024-01-16,1055.5329678113856
2024-01-17,1035.7106636394071
2024-01-18,1050.5774143919764
2024-01-19,1045.126250465915
2024-01-23,1088.1901032595108
2024-01-24,1057.5151714438596
2024-01-25,1065.4440698913536
2024-01-29,1050.9737787749573
2024-01-30,1081.797428457052
2024-01-31,1095.1774058189242
2024-02-01,1129.866213572208
2024-02-02,1179.4218468575805
2024-02-05,1184.4269026766135
2024-02-06,1152.562693296171
2024-02-07,1159.500440596053
2024-02-08,1167.528454047603
2024-02-09,1149.2424376534375
2024-02-12,1171.492871679201
2024-02-13,1141.3136876440203
2024-02-14,1164.5551266661848
2024-02-15,1181.4536536414669
2024-02-16,1228.977407735086
2024-02-19,1228.9773120264806
2024-02-20,1268.5226922066763
2024-02-21,1278.532893558301
2024-02-22,1269.216374176414
2024-02-23,1267.4819375896454
2024-02-26,1288.691794365129
2024-02-27,1258.8097827794477
2024-02-28,1291.219058521
2024-02-29,1280.515031874262
2024-03-01,1265.3015831143366
2024-03-04,1304.499834548261
2024-03-05,1308.3157695088985
2024-03-06,1287.1060572220708
2024-03-07,1245.82625611677
2024-03-11,1319.2180576531402
2024-03-12,1327.5927932503253
2024-03-13,1310.2484512353788
2024-03-14,1254.201018693616
2024-03-15,1258.710597038269
2024-03-18,1253.8047868547333
2024-03-19,1276.699410020783
2024-03-20,1263.666208357852
2024-03-21,1229.3241536524329
2024-03-22,1235.9151522363163
2024-03-26,1227.688837250405
2024-03-27,1261.5848713023308
2024-03-28,1307.275049908234
2024-04-01,1266.6395140131344
2024-04-02,1278.5329184730897
2024-04-03,1299.7426091849572
2024-04-04,1353.4607173291568
2024-04-05,1337.0082989190282
2024-04-08,1397.416551212346
2024-04-09,1409.359499583652
2024-04-10,1399.4484172520886
2024-04-12,1406.9807581115651
2024-04-15,1361.6870770107114
2024-04-16,1355.2448428732805
2024-04-18,1407.3772469595597
2024-04-19,1372.688371202922
2024-04-22,1422.3429940485446
2024-04-23,1454.9505646866692
2024-04-24,1455.991345692735
2024-04-25,1434.732005213848
2024-04-26,1454.9009255139904
2024-04-29,1456.9328298378266
2024-04-30,1471.7498290379142
2024-05-02,1487.0130110590017
2024-05-03,1477.3496780294722
2024-05-06,1446.4764963035177
2024-05-07,1441.4714533033316
2024-05-08,1434.1373138287397
2024-05-09,1421.252912795608
2024-05-10,1382.4506980440713
2024-05-13,1403.957960190287
2024-05-14,1418.2794113274065
2024-05-15,1483.5936523713983
2024-05-16,1490.1350535857373
2024-05-17,1560.9994926267016
2024-05-21,1578.0464429036972
2024-05-22,1559.611766063259
2024-05-23,1515.854204127284
2024-05-24,1509.412032999444
2024-05-27,1471.9481733528553
2024-05-28,1479.2328966353584
2024-05-29,1504.5558049739038
2024-05-30,1476.7549677333584
2024-05-31,1486.7157574720484
2024-06-03,1610.5550000835497
2024-06-04,1565.9549047510131
2024-06-05,1595.6883279064823
2024-06-06,1536.221685201047
2024-06-07,1536.2216615672164
2024-06-10,1560.9995052630056
2024-06-11,1590.534541181809
2024-06-12,1647.9198659087335
2024-06-13,1679.784011045392
2024-06-14,1675.9683119145222
2024-06-18,1726.514872919837
2024-06-19,1723.541660328031
2024-06-20,1691.2314226944864
2024-06-21,1660.1105210375115
2024-06-24,1672.7966994940796
2024-06-25,1679.9326814411274
2024-06-26,1666.7508633099987
2024-06-27,1640.189123388606
2024-06-28,1638.801642114693
2024-07-01,1629.287081855763
2024-07-02,1614.569041223329
2024-07-03,1603.61714355022
2024-07-04,1602.2295223539677
2024-07-05,1589.7417073078543
2024-07-08,1695.3939810311224
2024-07-09,1648.365958117651
2024-07-10,1855.359313835092
2024-07-11,1712.6393033643285
2024-07-12,1735.5835875436535
2024-07-15,1703.6697354518774
2024-07-16,1671.5082743881223
2024-07-18,1724.5326847298
2024-07-19,1674.0584968138446
2024-07-22,1603.2983432192923
2024-07-23,1631.7616043058545
2024-07-24,1675.7005823761112
2024-07-25,1641.116657617628
2024-07-26,1666.992404783019
2024-07-29,1706.8012013129032
2024-07-30,1736.657708493368
2024-07-31,1712.37443894948
2024-08-01,1729.6414409932718
2024-08-02,1736.657711830938
2024-08-05,1648.0832906786884
2024-08-06,1649.0286340274806
2024-08-07,1598.322334550537
2024-08-08,1613.151068022803
2024-08-09,1632.159724069986
2024-08-12,1593.3462041195862
2024-08-13,1632.6573175587646
2024-08-14,1721.729520514186
2024-08-16,1720.0872946702834
2024-08-19,1715.0116899291463
2024-08-20,1732.6768793094204
2024-08-21,1702.2232125407636
2024-08-22,1716.6041110450444
2024-08-23,1751.2875029174393
2024-08-26,1715.3601084242614
2024-08-27,1691.8728729771767
2024-08-28,1718.5448466760115
2024-08-29,1753.0788440037306
2024-08-30,1695.7542724609375
2024-09-02,1695.7543020253229
2024-09-03,1660.0258569390312
2024-09-04,1676.2479589836637
2024-09-05,1701.8250488259655
2024-09-06,1696.848965157736
2024-09-09,1729.392557756838
2024-09-10,1802.690495275477
2024-09-11,1784.4283418424743
2024-09-12,1771.4903974244853
2024-09-13,1836.1298797484803
2024-09-16,1878.9740915559507
2024-09-17,1941.722789629028
2024-09-18,1892.907210842185
2024-09-19,1884.9454208085656
2024-09-20,1870.713724252064
2024-09-23,1934.7562748053576
2024-09-24,1995.4148462564783
2024-09-25,2033.1833405204216
2024-09-26,2050.749013841119
2024-09-27,2118.523401149772
2024-09-30,2109.865129366615
2024-10-01,2064.134736038562
2024-10-03,2063.1394058697224
2024-10-04,2112.452711298408
2024-10-07,2035.223579259777
2024-10-08,1937.6920420748745
2024-10-09,1900.6699211433229
2024-10-10,2019.996715097595
2024-10-11,2040.1996698606567
2024-10-14,2015.717301303515
2024-10-15,2034.2284013239623
2024-10-16,2040.1996621924536
2024-10-17,2019.3000732832984
2024-10-18,2010.3431386544053
2024-10-21,2015.3192118898307
2024-10-22,1990.438757778583
2024-10-23,1901.864145505575
2024-10-24,1891.0661152639689
2024-10-25,1861.0602362505947
2024-10-28,1841.2056008510324
2024-10-29,1823.092542091604
2024-10-30,1842.4496443738656
2024-10-31,1800.2523173375946
2024-11-01,1871.957733761915
2024-11-04,1890.9167745838995
2024-11-05,1824.3365479288368
2024-11-06,1855.088834841639
2024-11-07,1906.890019247853
2024-11-08,1772.435849643513
2024-11-11,1781.4425996511402
2024-11-12,1789.006282132969
2024-11-13,1746.6099167457494
2024-11-14,1743.6243578221863
2024-11-18,1791.3947768168478
2024-11-19,1807.2685562383613
2024-11-21,1806.0742662981284
2024-11-22,1834.63703642634
2024-11-25,1855.088889511193
2024-11-26,1826.227553842993
2024-11-27,1815.976719255015
2024-11-28,1859.0697326766444
2024-11-29,1826.725130404968
2024-12-02,1841.155810778192
2024-12-03,1837.1749797776167
2024-12-04,1868.0267762122423
2024-12-05,1919.5790907120104
2024-12-06,1970.3352599911195
2024-12-09,2072.5442007185243
2024-12-10,2084.9846456790287
2024-12-11,2072.842979217146
2024-12-12,2120.762659695642
2024-12-13,2040.2494690719068
2024-12-16,2079.1127304781835
2024-12-17,2146.339819821628
2024-12-18,2054.132721556632
2024-12-19,2000.390945117095
2024-12-20,2037.2638190364569
2024-12-23,1983.0740910032875
2024-12-24,1996.609039513211
2024-12-26,1987.3535874192305
2024-12-27,2045.2752762389985
2024-12-30,2074.584434929465
2024-12-31,2123.798057466151
2025-01-01,2119.668115032898
2025-01-02,2249.195635050489
2025-01-03,2281.739315734174
2025-01-06,2366.084242293318
2025-01-07,2209.386929689447
2025-01-08,2144.697667478053
2025-01-09,2070.056273862939
2025-01-10,2015.3191887659136
2025-01-13,1915.847040856396
2025-01-14,1841.1557937050884
2025-01-15,1875.938661101512
2025-01-16,1923.560021951075
2025-01-17,1935.3533725470363
2025-01-20,1929.531278161023
2025-01-21,1926.844220739857
2025-01-22,1871.0123850595728
2025-01-23,1870.4649587227173
2025-01-24,1894.3004959854927
2025-01-27,1787.4637308029023
2025-01-28,1795.375751014218
2025-01-29,1754.770654850929
2025-01-30,1878.974161829116
2025-01-31,1777.4119335475991
2025-02-01,1829.6112505524995
2025-02-03,1990.4386652653227
2025-02-04,2107.5759506241425
2025-02-05,1985.462601937838
2025-02-06,1965.558199428233
2025-02-07,1975.5103988658068
2025-02-10,2030.9938416168031
2025-02-11,1973.4701917942384
2025-02-12,1874.9932916244727
2025-02-13,1968.543816619896
2025-02-14,2001.1870716176547
2025-02-17,1925.7494140894232
2025-02-18,1938.189663349181
2025-02-19,1850.51083819354
2025-02-20,1887.0353567657448
2025-02-21,1902.8096307534631
2025-02-24,1880.9645230727049
2025-02-25,1873.0028395815689
2025-02-27,1879.023909198878
2025-02-28,1907.8355049964068
2025-03-03,1928.1379894798315
2025-03-04,1990.4386918947844
2025-03-05,2111.556890586084
2025-03-06,2138.1789057457754
2025-03-07,2148.628748319354
2025-03-10,2090.95574156299
2025-03-11,2045.1757965866807
2025-03-12,2019.9469935759964
2025-03-13,2049.704024110125
2025-03-17,2016.1153614172893
2025-03-18,2004.1727294921875
2025-03-19,2146.5389972061275
2025-03-20,2228.296068149134
2025-03-21,2198.3399714630395
2025-03-24,2171.021161555081
2025-03-25,2229.2913492153743
2025-03-26,2199.4347686455253
2025-03-27,2190.4279004324085
2025-03-28,2198.4893550428465
2025-04-01,2123.0517711331163
2025-04-02,2078.217075851297
2025-04-03,2070.0562634360444
2025-04-04,2089.214181632708
2025-04-07,1648.1330328748595
2025-04-08,2022.634026709272
2025-04-09,1963.667271743012
2025-04-11,1990.438652654477
2025-04-15,1982.377497721749
2025-04-16,2015.3191312527224
2025-04-17,2042.0905221305825
2025-04-21,2033.5317436848056
2025-04-22,2031.242665291615
2025-04-23,2056.123125286528
2025-04-24,1935.7016409732285
2025-04-25,1849.1176090501608
2025-04-28,1761.538300503638
2025-04-29,1755.0693028512042
2025-04-30,1738.6482011387889
2025-05-02,1694.8585921955382
2025-05-05,1668.584775466698
2025-05-06,1680.7265312871152
2025-05-07,1662.016303012038
2025-05-08,1669.6794639498858
2025-05-09,1532.6377939489885
2025-05-12,1634.1501332612224
2025-05-13,1629.373039930951
2025-05-14,1584.2897491783217
2025-05-15,1555.1297165250264
2025-05-16,1564.484785331321
2025-05-19,1555.527828862552
2025-05-20,1630.1693446275035
2025-05-21,1622.2075734759992
2025-05-22,1572.44661430488
2025-05-23,1553.5373550904942
2025-05-26,1548.5613321309052
2025-05-27,1556.1249138806083
2025-05-28,1550.5517691131267
2025-05-29,1553.5373881359867
2025-05-30,1513.728582488316
2025-06-02,1524.9746947068854
2025-06-03,1550.551805291201
2025-06-04,1535.4244042459782
2025-06-05,1552.5422447998817
2025-06-06,1577.422666396082
2025-06-09,1586.180592373047
2025-06-10,1564.4848691424284
2025-06-11,1628.178895425884
2025-06-12,1625.1932524864271
2025-06-13,1567.570015868081
2025-06-16,1637.0363328420217
2025-06-17,1667.1914599491654
2025-06-18,1644.102426540283
2025-06-19,1624.4965785981317
2025-06-20,1583.393933560389
2025-06-23,1587.3748803874498
2025-06-24,1602.3031524527223
2025-06-25,1623.202742431418
2025-06-26,1637.6334366154929
2025-06-27,1660.025856957647
2025-06-30,1632.0602535635487
2025-07-01,1627.7807614533976
2025-07-02,1701.8251232398563
2025-07-03,1756.2635562449686
2025-07-04,1826.227515744432
2025-07-07,1827.222751763093
2025-07-08,1808.512566338104
2025-07-09,1801.4464621977816
2025-07-10,1800.9489498894036
2025-07-11,1781.44260274138
2025-07-14,1780.5468790221646
2025-07-15,1826.2274687444108
2025-07-16,1871.012357601856
2025-07-17,1859.0697969733228
2025-07-18,1881.9000244140625
2025-07-21,1826.0999755859373
2025-07-22,1815.0
2025-07-23,1730.0
2025-07-24,1755.0
2025-07-25,1765.0999755859375
2025-07-28,1740.0999755859375
2025-07-29,1730.0
2025-07-30,1747.9000244140625
2025-07-31,1735.0
2025-08-01,1739.5999755859375
2025-08-04,1696.0
2025-08-05,1740.0
2025-08-06,1755.0999755859375
2025-08-07,1735.199951171875
2025-08-08,1830.0
2025-08-11,1794.9000244140625
2025-08-12,1761.9000244140625
2025-08-13,1750.9000244140625
2025-08-14,1757.5999755859375
2025-08-18,1850.0
2025-08-19,1915.699951171875
2025-08-20,1928.0
2025-08-21,1935.0999755859373
2025-08-22,1897.0
2025-08-25,1920.0
2025-08-26,1895.0
2025-08-27,1865.0
2025-08-28,1850.0
2025-08-29,1891.0
2025-09-01,1880.0
2025-09-02,1951.9000244140625
2025-09-03,1955.9000244140625
2025-09-04,2038.0
2025-09-05,1944.0
2025-09-08,1945.0999755859373
2025-09-09,1899.0
2025-09-10,1894.5
2025-09-11,1886.0
2025-09-12,1887.0
2025-09-15,1888.4000244140625
2025-09-16,1903.0
2025-09-17,1925.0
2025-09-18,1939.0
2025-09-19,1956.0
2025-09-22,1963.800048828125
2025-09-23,1996.0
2025-09-24,1960.0
2025-09-25,1947.0999755859373
2025-09-26,1909.0
2025-09-29,1885.0999755859373
2025-09-30,1900.5999755859373
2025-10-01,1872.5999755859373
2025-10-03,1877.800048828125
2025-10-06,1895.0999755859373
2025-10-07,1895.0
2025-10-08,1920.0
2025-10-09,1891.0
2025-10-10,1940.0
2025-10-13,1939.0
2025-10-14,1911.800048828125
2025-10-15,1876.0
2025-10-16,1913.300048828125
2025-10-17,1954.9000244140625
2025-10-20,1979.9000244140625
2025-10-21,1987.0
2025-10-23,1963.9000244140625
2025-10-24,1974.9000244140625
