Date,Open,High,Low,Close,Volume,Stock,MA_7_Close,MA_30_Close,Lag_1_Close
2020-02-11,222.22554233614656,234.4248791755958,221.4248230426437,233.6241455078125,25174,CCL.BO,224.95909772600447,195.62479146321616,221.89581298828125
2020-02-12,232.58792246194807,235.5082302669712,226.2763047656496,234.28358459472656,16419,CCL.BO,227.54629734584265,197.17221425374348,233.6241455078125
2020-02-13,235.50818475128884,237.4393547411052,229.2436727866161,232.49368286132807,20683,CCL.BO,229.2504141671317,198.7316116333008,234.28358459472656
2020-02-14,233.3886499711841,237.1567815549772,226.0407905079313,228.4900817871093,7007,CCL.BO,228.94762093680245,200.15599721272787,232.49368286132807
2020-02-17,227.5480215961116,229.90310355348333,224.20380234178788,226.51177978515625,19409,CCL.BO,229.25714547293526,201.626567586263,228.4900817871093
2020-02-18,225.3342755654711,233.3415555267704,220.718319925729,231.410385131836,17082,CCL.BO,229.81563895089286,203.2962437947591,226.51177978515625
2020-02-19,231.22195531562443,232.9176172849717,227.7835412348405,230.2799224853516,19818,CCL.BO,231.01336887904577,204.9469258626302,231.410385131836
2020-02-20,229.71471523192488,243.9394169553152,228.49006965734816,234.4719696044922,34252,CCL.BO,231.13448660714286,206.71709696451822,230.2799224853516
2020-02-24,228.72559473320737,233.01184737311928,227.5009490683352,228.2074737548828,9506,CCL.BO,230.26647077287947,208.22706044514973,234.4719696044922
2020-02-25,229.85604926127644,230.7980822500521,220.15310660203,221.94297790527344,6718,CCL.BO,228.7592272077288,209.41919352213543,228.2074737548828
2020-02-26,225.14585492144369,228.5371789879644,219.30525402846325,222.69656372070312,18132,CCL.BO,227.93158176967077,210.69095255533855,221.94297790527344
2020-02-27,225.1458672930163,225.75818293970727,217.04437845242524,221.99005126953125,9098,CCL.BO,227.2856205531529,212.00457051595052,222.69656372070312
2020-02-28,221.99004326336697,224.6277382122169,211.10957495756767,220.7183074951172,14862,CCL.BO,225.75818089076452,213.1387502034505,221.99005126953125
2020-03-02,225.66396767984725,226.2291787542271,210.77984606602703,213.4646453857422,8987,CCL.BO,223.35599844796317,214.05917460123698,220.7183074951172
2020-03-03,215.7255167909177,219.0226316763685,209.36679522612,216.196533203125,12453,CCL.BO,220.74522181919642,215.0582015991211,213.4646453857422
2020-03-04,217.84510007502325,219.06974567462547,204.04432434971244,212.09869384765625,7842,CCL.BO,218.44396754673548,215.9144048055013,216.196533203125
2020-03-05,216.0081207925228,217.5624691403432,210.8269404674152,214.02984619140625,5507,CCL.BO,217.31352015904017,216.9206339518229,212.09869384765625
2020-03-06,210.975022022072,221.0464569821513,208.06337287722133,219.90089416503903,11818,CCL.BO,216.9141387939453,218.1474817911784,214.02984619140625
2020-03-09,217.51429061587933,217.6097456831436,200.3308053132409,202.9083251953125,8942,CCL.BO,214.18817792619978,218.83127034505208,219.90089416503903
2020-03-11,207.013271689788,208.11109964567407,198.3260594100404,199.0420379638672,8223,CCL.BO,211.09156799316406,219.4531483968099,202.9083251953125
2020-03-12,195.7008296515429,195.7008296515429,179.4242455403705,185.7725982666016,12574,CCL.BO,207.13556126185827,219.48165028889974,199.0420379638672
2020-03-13,172.59853399204857,186.1543891612354,152.74206290152648,181.47666931152344,10861,CCL.BO,202.17558070591517,219.0539316813151,185.7725982666016
2020-03-16,177.56267316920582,181.23803540285093,174.22144007193583,177.5149383544922,18874,CCL.BO,197.23504420689173,218.05187276204427,181.47666931152344
2020-03-17,176.60805107814124,177.18083977315143,169.63918993308485,172.3121795654297,6506,CCL.BO,191.27537754603796,216.7642608642578,177.5149383544922
2020-03-18,176.13073609788813,176.27392599164412,165.67745142166305,169.8778533935547,3384,CCL.BO,184.12922886439733,215.22108306884766,172.3121795654297
2020-03-19,168.49364271897537,168.7323022695688,149.830462949243,155.1287078857422,6455,CCL.BO,177.30356924874442,213.03987782796224,169.8778533935547
2020-03-20,160.85652119478124,174.2214547065138,158.7085854518242,173.12362670898438,9010,CCL.BO,173.60093906947546,211.1236775716146,155.1287078857422
2020-03-23,162.28847849310134,162.28847849310134,143.38664102587464,144.8663330078125,4599,CCL.BO,167.75718688964844,208.4743850708008,173.12362670898438
2020-03-24,152.12159264665468,152.36025218041684,131.02408403543023,142.4320068359375,5446,CCL.BO,162.17937796456474,205.63875427246094,144.8663330078125
2020-03-25,146.1550773327648,164.77051753112718,142.86156472129758,156.27423095703125,3127,CCL.BO,159.1449911934989,203.4513682047526,142.4320068359375
2020-03-26,152.78982591224766,166.10702406630858,151.78745302610955,165.58197021484375,3753,CCL.BO,158.18353271484375,201.18329569498698,156.27423095703125
2020-03-27,169.8301154146924,171.69167139862836,166.20250221854005,167.10940551757812,3184,CCL.BO,157.7880401611328,198.94415639241535,165.58197021484375
2020-03-30,162.28847770531638,171.64393403930006,152.16930797468925,156.46517944335938,10286,CCL.BO,157.97896466936385,196.40987294514974,167.10940551757812
2020-03-31,166.10700913641202,174.2214319965241,158.46990526807124,171.45298767089844,6268,CCL.BO,157.74030194963728,194.50863647460938,156.46517944335938
2020-04-01,171.64394803529774,175.7488951311834,167.10941667084072,169.5437469482422,1873,CCL.BO,161.2656467982701,192.60970204671224,171.45298767089844
2020-04-03,169.5437073818067,172.5985459379452,167.30030235102262,170.68927001953125,2226,CCL.BO,165.30239868164062,190.58566487630208,169.5437469482422
2020-04-07,173.93505892970185,173.93505892970185,168.73228419733738,169.40052795410156,8978,CCL.BO,167.1775839669364,188.5563517252604,170.68927001953125
2020-04-08,174.03051906975318,178.23092065445044,168.49361547783724,175.0806121826172,12393,CCL.BO,168.53453281947546,186.5766398111979,169.40052795410156
2020-04-09,178.517306838064,180.9993714763642,176.13071182685994,176.751220703125,8385,CCL.BO,169.91193498883928,184.86143137613934,175.0806121826172
2020-04-13,177.5626740581986,181.3812261884825,170.8802078302019,180.04473876953125,10671,CCL.BO,173.2804434640067,183.4648234049479,176.751220703125
2020-04-15,180.76071669347584,185.5339068404742,176.17845123903336,176.84669494628906,4237,CCL.BO,174.05097307477678,181.93649444580078,180.04473876953125
2020-04-16,180.9993947047614,180.9993947047614,176.27392432284233,177.7536163330078,2315,CCL.BO,175.22381155831474,180.46194661458333,176.84669494628906
2020-04-17,182.24039809045243,183.0995810762362,176.32164508818713,178.27865600585938,6319,CCL.BO,176.3080095563616,179.04729156494142,177.7536163330078
2020-04-20,182.71768691930376,183.2904754818317,179.13779482004924,181.47666931152344,8134,CCL.BO,178.03317260742188,177.98102569580078,178.27865600585938
2020-04-21,186.0589472594747,186.0589472594747,173.98278193917852,177.3717498779297,1967,CCL.BO,178.3604779924665,176.6868662516276,181.47666931152344
2020-04-22,181.9540033828156,181.9540033828156,175.03287808227932,180.1401824951172,2181,CCL.BO,178.84461539132255,175.6215825398763,177.3717498779297
2020-04-23,187.8727605900856,188.0636852760265,183.576889606623,185.4384307861328,6200,CCL.BO,179.61514282226562,174.6685353597005,180.1401824951172
2020-04-24,189.01830671078207,189.01830671078207,178.7082143405066,182.2403717041016,1617,CCL.BO,180.3856680733817,173.4131846110026,185.4384307861328
2020-04-27,183.14731228353688,185.5816276120757,175.5102080267993,178.70823669433594,12869,CCL.BO,180.52204241071428,172.60651499430338,182.2403717041016
2020-04-28,181.28577190485413,188.1591779745117,181.28577190485413,182.5745391845703,3437,CCL.BO,181.13574000767298,172.05759836832684,178.70823669433594
2020-04-29,184.0064664964552,186.34532658140017,179.56740581618453,183.767807006836,2693,CCL.BO,181.46304539271767,171.9907719930013,182.5745391845703
2020-04-30,183.6723643453325,187.10906732696617,181.4767083718336,184.19741821289065,36629,CCL.BO,182.43814086914065,172.0814636230469,183.767807006836
2020-05-04,181.5721992524184,183.09962633808584,176.60808307393526,179.75839233398438,3380,CCL.BO,182.38359941755024,172.15624542236327,184.19741821289065
2020-05-05,180.4743397188853,180.4743397188853,176.32165806518452,178.5650634765625,733,CCL.BO,181.40168980189736,172.36467488606772,179.75839233398438
2020-05-06,178.23092449281356,185.0565954232193,178.23092449281356,181.047103881836,2163,CCL.BO,181.23122297014513,172.7369832356771,178.5650634765625
2020-05-07,180.5697908379636,184.0064938255564,175.1760913981302,177.1331024169922,1955,CCL.BO,181.00620378766743,173.47046305338543,181.047103881836
2020-05-08,178.51732333283258,179.75835576665247,176.6080471474547,178.61279296875,1385,CCL.BO,180.44024004255024,173.65343526204427,177.1331024169922
2020-05-11,179.7106227536117,182.3358775348729,177.61042184192695,181.52442932128903,1218,CCL.BO,180.11975751604353,174.87537180582683,178.61279296875
2020-05-12,178.4695958613021,183.0041269882317,177.56269254924058,182.1449584960937,996,CCL.BO,179.82654898507255,176.19913686116536,181.52442932128903
2020-05-13,183.290519593254,183.5291791239744,179.56743674066468,180.4266052246093,638,CCL.BO,179.92200796944752,177.00421600341798,182.1449584960937
2020-05-14,179.47198921039103,179.9015735052827,178.51735096991024,178.89920043945312,577,CCL.BO,179.96974182128903,177.4481236775716,180.4266052246093
2020-05-15,180.5697922753544,180.6652619127892,178.18319700570066,179.5196990966797,588,CCL.BO,179.75154113769528,177.86180013020834,178.89920043945312
2020-05-18,178.13549429006525,179.28105721894914,175.65342913863108,176.7035369873047,1262,CCL.BO,179.69017464773992,178.53641204833986,179.5196990966797
2020-05-19,176.56032126844133,176.56032126844133,172.83723834510968,174.26919555664062,1483,CCL.BO,179.0696607317243,178.63028564453126,176.7035369873047
2020-05-20,172.78949541787665,173.98279303816585,171.21434838574342,172.07351684570312,991,CCL.BO,177.71953037806915,178.71461130777996,174.26919555664062
2020-05-21,171.40526774586556,172.6463001455852,169.9733106461785,170.7847442626953,752,CCL.BO,176.0966426304408,178.7177937825521,172.07351684570312
2020-05-22,168.87549430527432,170.9757100303096,168.01632573894037,168.82777404785156,351,CCL.BO,174.43966674804688,178.69870198567708,170.7847442626953
2020-05-26,173.9828059132531,173.9828059132531,166.2979657565723,167.3003387451172,902,CCL.BO,172.7826865059989,178.43935953776042,168.82777404785156
2020-05-27,169.4960000241935,176.56031623990157,167.06166992059764,174.8419647216797,2252,CCL.BO,172.11443873814173,178.37571767171224,167.3003387451172
2020-05-28,178.51733154847267,189.97298918794684,177.37176869784963,187.7295837402344,11219,CCL.BO,173.68958827427454,178.6318791707357,174.8419647216797
2020-05-29,190.73669309862103,205.2471891383324,186.6794812203052,202.478744506836,14195,CCL.BO,177.7195238385882,179.4862808227539,187.7295837402344
2020-06-01,204.29256808309185,207.1564825889296,197.6101009028038,199.66256713867188,6339,CCL.BO,181.66081673758373,180.2165791829427,202.478744506836
2020-06-02,201.8105007263993,201.8105007263993,191.3572158121179,195.55763244628903,7827,CCL.BO,185.1998007638114,180.79254506429035,199.66256713867188
2020-06-03,198.80336447271648,199.7580024773873,191.4526547500745,197.5623321533203,6325,CCL.BO,189.3047376360212,181.3287338256836,195.55763244628903
2020-06-04,200.7126807276949,204.4834986889216,197.7532964931701,198.94659423828125,5163,CCL.BO,193.82563127790178,182.047895304362,197.5623321533203
2020-06-05,203.147008901475,208.0633897329038,199.18525168945803,206.8223571777344,7807,CCL.BO,198.39425877162392,182.9373011271159,198.94659423828125
2020-06-08,209.065765724939,219.0417319980328,204.24483990334528,212.78884887695312,11325,CCL.BO,201.97415379115517,183.84898173014324,206.8223571777344
2020-06-09,210.9750330785997,219.56677650714,210.2590544595548,217.1324462890625,16995,CCL.BO,204.06753976004464,185.01205088297527,212.78884887695312
2020-06-10,216.70284602520329,218.94625135916112,212.88429367233624,213.4093475341797,3627,CCL.BO,206.03136553083147,186.16875457763672,217.1324462890625
2020-06-11,216.55965658351568,222.4306750114616,214.793570290038,219.13717651367188,9626,CCL.BO,209.39987182617188,187.38750915527345,213.4093475341797
2020-06-12,209.7817308769852,223.3853243468237,209.39988144834024,218.3734741210937,3958,CCL.BO,212.37289210728233,188.54103139241536,219.13717651367188
2020-06-15,217.65749342963832,229.30407569105773,212.979772423808,217.3233642578125,10544,CCL.BO,214.9981449672154,189.64522959391277,218.3734741210937
2020-06-16,223.33758009982844,232.8362262610109,219.3281030018031,220.85552978515625,26708,CCL.BO,217.00288391113278,191.0151341756185,217.3233642578125
2020-06-17,223.1944027558918,229.11315638244724,221.95337024549576,228.2062530517578,4543,CCL.BO,219.20537022181915,192.66984049479166,220.85552978515625
2020-06-18,227.0606587166436,232.9316767086773,226.24921057359228,227.68116760253903,10754,CCL.BO,220.71233040945867,194.22430928548178,228.2062530517578
2020-06-22,238.6595128025753,238.6595128025753,234.1249820593264,237.08436584472656,6682,CCL.BO,224.09447588239394,196.22268473307292,227.68116760253903
2020-06-23,234.9364203824388,238.6595027994624,232.83620510450743,237.03662109375,11130,CCL.BO,226.65153939383367,198.1701456705729,237.08436584472656
2020-06-24,238.65954259549284,243.43273344740268,233.88635174358296,235.22283935546875,22759,CCL.BO,229.05859157017298,199.96009267171223,237.03662109375
2020-06-25,242.47808990005245,242.47808990005245,228.20625248264545,232.74078369140625,16129,CCL.BO,231.2610800606864,201.64662017822266,235.22283935546875
2020-06-26,233.3135607806423,237.70490214899965,228.0153306390528,231.117904663086,5571,CCL.BO,232.72713361467635,203.3363301595052,232.74078369140625
2020-06-29,231.11789008473488,231.11789008473488,219.66223287243807,222.048828125,10352,CCL.BO,231.84750148228235,204.77465108235677,231.117904663086
2020-06-30,222.62158533913043,227.68116980364664,211.643248011072,224.19674682617188,8545,CCL.BO,231.3497270856585,206.26388600667318,222.048828125
2020-07-01,220.66459547303185,225.24686135948383,217.51430133230392,221.47604370117188,6258,CCL.BO,229.1199667794364,207.7563028971354,224.19674682617188
2020-07-02,226.7742597993968,228.63580098595847,225.24683317284263,227.585693359375,6281,CCL.BO,227.76983424595423,209.53351949055988,221.47604370117188
2020-07-06,238.6595368020516,238.75500644342125,231.83387987616177,235.9388122558593,5204,CCL.BO,227.8721160888672,211.66236267089843,227.585693359375
2020-07-07,235.7478761832264,236.27293005222228,230.0677823942852,234.84097290039065,4723,CCL.BO,228.1721431187221,213.79757029215494,235.9388122558593
2020-07-08,235.79561454281884,240.5688051206087,234.84097642726084,236.9411773681641,15094,CCL.BO,229.00403921944755,216.0680170694987,234.84097290039065
2020-07-09,243.24178315266047,243.24178315266047,237.0366356975753,238.3731231689453,3025,CCL.BO,231.3360813685826,218.4371098836263,236.9411773681641
2020-07-10,238.3254107247756,240.1392319680444,230.3541908318453,231.78614807128903,4327,CCL.BO,232.42028154645647,220.3352493286133,238.3731231689453
2020-07-13,241.5234562161528,241.5234562161528,226.7265646297877,232.16799926757807,1637,CCL.BO,233.9477037702288,221.8165298461914,231.78614807128903
2020-07-14,231.6429237521216,233.88632906160584,228.01531070976904,231.690658569336,1110,CCL.BO,234.53412737165178,222.7902603149414,232.16799926757807
2020-07-15,231.02239612235869,234.45909875082685,226.3446757465292,228.9221954345703,4289,CCL.BO,233.53175354003906,223.765581258138,231.690658569336
2020-07-16,228.25397721602863,234.84097432784392,226.8697403075469,233.3612823486328,2283,CCL.BO,233.32036917550224,225.02570292154948,228.9221954345703
2020-07-17,233.1226378015704,240.1392341657069,232.83624343773616,237.2275848388672,5162,CCL.BO,233.36128452845983,226.3478780110677,233.3612823486328
2020-07-20,239.42326745256696,241.47573379003,236.75027753481697,239.5187225341797,4189,CCL.BO,233.52494158063615,227.70028228759764,237.2275848388672
2020-07-21,240.5210638648341,241.04611772766413,239.28003143449607,240.33013916015625,2115,CCL.BO,234.7455117361886,228.81720835367838,239.5187225341797
2020-07-22,240.37789692439551,241.52345982843903,236.8457385675017,237.4662475585937,2834,CCL.BO,235.50240434919084,229.63978830973306,240.33013916015625
2020-07-23,236.89345264997817,241.4279838922268,236.89345264997817,240.1869659423828,10301,CCL.BO,236.7161625453404,230.40827229817708,237.4662475585937
2020-07-24,233.88634394168105,248.68323508901187,231.0224295260686,236.22520446777344,67329,CCL.BO,237.7594495500837,231.1688008626302,240.1869659423828
2020-07-27,210.0203832339789,242.71673835108703,210.0203832339789,227.63345336914065,14678,CCL.BO,236.9411882672991,231.45201009114584,236.22520446777344
2020-07-28,229.0176655986461,231.0701461750688,223.8626258825826,225.0559234619141,9925,CCL.BO,235.20237949916296,231.6747584025065,227.63345336914065
2020-07-29,229.1131604700713,230.06779863869664,224.62636399085693,225.7719268798828,3836,CCL.BO,233.2385515485491,231.9563771565755,225.0559234619141
2020-07-30,221.52378542781025,227.2038795020368,221.52378542781025,225.67645263671875,5855,CCL.BO,231.1451677594866,232.11707458496093,225.7719268798828
2020-07-31,225.29457221208187,225.86736084943863,222.9079771674624,223.8148803710937,3408,CCL.BO,229.1949724469866,231.97069549560547,225.67645263671875
2020-08-03,219.662244139212,230.83150758076368,219.662244139212,228.8744964599609,7482,CCL.BO,227.5789053780692,232.0104731241862,223.8148803710937
2020-08-04,233.2658293864548,239.232317609286,231.02242398802167,234.4113922119141,7173,CCL.BO,227.31978934151786,231.92137400309244,228.8744964599609
2020-08-05,238.6595366248299,242.95540828407687,238.6595366248299,239.8050994873047,8735,CCL.BO,229.05859592982702,232.01365661621094,234.4113922119141
2020-08-06,240.18695640242404,241.0461248822865,236.22519947131644,238.1344757080078,7352,CCL.BO,230.92696053641183,232.11071116129557,239.8050994873047
2020-08-07,237.75263853528585,239.5664452269333,228.01533213986107,229.63821411132807,5185,CCL.BO,231.47928728376115,232.00729217529297,238.1344757080078
2020-08-10,230.06780380397123,244.3873766548408,227.72894315165377,240.37789916992188,13632,CCL.BO,233.5794939313616,232.31595865885416,229.63821411132807
2020-08-11,240.56881254464025,264.67342570635515,240.56881254464025,248.73095703125,76840,CCL.BO,237.13893345424108,233.20536295572916,240.37789916992188
2020-08-12,249.16054982955205,261.90497458426404,242.00076391490973,246.39210510253903,598536,CCL.BO,239.64144897460938,233.94520823160806,248.73095703125
2020-08-13,249.82880779727407,251.6903346523711,246.2011654592956,248.25363159179688,22090,CCL.BO,241.61891174316406,234.8377944946289,246.39210510253903
2020-08-14,251.0698081634009,251.0698081634009,240.56878957101537,242.81219482421875,6321,CCL.BO,242.04849679129464,235.34534454345703,248.25363159179688
2020-08-17,244.2918610373356,248.6832017118708,241.52341663379383,242.2393951416016,7401,CCL.BO,242.6349138532366,235.55536397298178,242.81219482421875
2020-08-18,241.6666226490788,252.7404301360805,240.8551890260083,248.4922790527344,27637,CCL.BO,245.32835170200892,236.01040751139323,242.2393951416016
2020-08-19,254.8883786556346,260.8548669200455,254.74518876393745,259.8525085449219,15159,CCL.BO,248.11043875558036,236.77411855061848,248.4922790527344
2020-08-20,259.6615585224438,266.29630485122226,252.7404324221213,254.74517822265625,31705,CCL.BO,248.96961321149553,237.31985371907552,259.8525085449219
2020-08-21,256.2248358023113,267.1077032788307,254.8883484162896,263.71875,13923,CCL.BO,251.4448481968471,238.3842737833659,254.74517822265625
2020-08-24,264.4347076244028,278.18148804248955,264.1960481409873,274.3152160644531,48945,CCL.BO,255.16793169294084,239.7891810099284,263.71875
2020-08-25,277.75197696129044,280.47267233875715,262.6686769521594,265.67578125,17925,CCL.BO,258.4341583251953,240.9220184326172,274.3152160644531
2020-08-26,263.8142423490559,264.4824715329992,258.9933025081979,263.3846435546875,19592,CCL.BO,261.4549080984933,242.07076670328777,265.67578125
2020-08-27,263.6709831375859,267.1076560559924,256.320260114165,264.5301513671875,20038,CCL.BO,263.74603271484375,243.10972900390624,263.3846435546875
2020-08-28,264.43476432533294,264.9120833945122,253.4564257342089,256.7499389648437,6279,CCL.BO,263.3028084891183,243.7604741414388,264.5301513671875
2020-08-31,257.2272735973336,257.2272735973336,231.69068728455025,235.70016479492188,34689,CCL.BO,260.58209228515625,243.63318888346353,256.7499389648437
2020-09-01,252.9791132609049,252.9791132609049,230.0677973429362,240.56881713867188,14076,CCL.BO,257.2749590192522,243.64114481608073,235.70016479492188
2020-09-02,244.62598354500832,248.39681523733927,237.6093885318012,243.76681518554688,11283,CCL.BO,252.91090175083704,243.85116373697917,240.56881713867188
2020-09-03,243.43272067134257,252.1199333925372,243.0508712498793,250.9266357421875,2742,CCL.BO,250.8038809640067,244.209152730306,243.76681518554688
2020-09-04,244.57827538617624,248.87414652902527,240.42559412144053,243.5281677246093,8053,CCL.BO,247.96724155970978,244.45258483886718,250.9266357421875
2020-09-07,236.7980004422907,242.4780946275244,229.1131602779757,234.029541015625,16829,CCL.BO,243.61001150948658,244.66578776041666,243.5281677246093
2020-09-08,233.7908496681643,240.85517988899247,233.6953946043412,235.5092010498047,8845,CCL.BO,240.5756203787667,245.01423034667968,234.029541015625
2020-09-09,234.3636516358197,234.3636516358197,224.7218010779216,227.3947906494141,6685,CCL.BO,239.3891383579799,245.06832580566407,235.5092010498047
2020-09-10,232.9317030760492,233.64768167156976,229.63820444997856,232.7885131835937,6357,CCL.BO,238.27766636439728,245.3053944905599,227.3947906494141
2020-09-11,232.93169669794844,237.41849286036333,229.78138805059453,234.84097290039065,15365,CCL.BO,237.0025460379464,245.6729309082031,232.7885131835937
2020-09-14,242.2871491301435,263.48011172514623,240.56879766209005,260.998046875,34511,CCL.BO,238.44131905691964,246.74371592203775,234.84097290039065
2020-09-15,263.4801230294364,269.20795179094586,260.043419945882,267.2986755371094,27988,CCL.BO,241.83710588727678,247.83995869954427,260.998046875
2020-09-16,263.1460334840719,271.1172688708322,259.70932988300325,268.53973388671875,22062,CCL.BO,246.76713344029017,248.79777984619142,267.2986755371094
2020-09-17,268.5396405579688,270.7830455410205,253.933691746165,258.2772827148437,41614,CCL.BO,250.01971653529577,249.46920674641927,268.53973388671875
2020-09-18,259.6615449780943,269.2079253081713,253.5041180118984,266.7258605957031,32884,CCL.BO,255.63844081333704,250.70546162923176,258.2772827148437
2020-09-21,266.7258804457125,269.1124757058446,250.4970326768144,251.4994201660156,23553,CCL.BO,258.3114275251116,251.07617899576823,266.7258605957031
2020-09-22,248.2058941436649,254.88836052445583,231.49972819168744,245.34197998046875,27671,CCL.BO,259.8115713936942,250.9632130940755,251.4994201660156
2020-09-23,248.15821940632648,249.1605778939806,236.17749214641884,240.42564392089844,4046,CCL.BO,256.8726566859654,250.7643310546875,245.34197998046875
2020-09-24,235.55694066244249,240.66426009615896,233.0748758865648,239.4709625244141,6011,CCL.BO,252.89726911272322,250.47157541910806,240.42564392089844
2020-09-25,243.4326980947868,247.1557805919413,242.2871353700177,243.5281677246093,1272,CCL.BO,249.32418823242188,250.49544118245439,239.4709625244141
2020-09-28,249.16051019594133,257.75225192683587,244.7691697068364,255.2701873779297,17380,CCL.BO,248.8946031842913,250.92980092366534,243.5281677246093
2020-09-29,256.9408038256036,261.379864559918,251.16525575979784,255.2701873779297,11122,CCL.BO,247.2580784388951,251.15573120117185,255.2701873779297
2020-09-30,257.5613343968257,258.0386534221225,252.7881441438583,253.21774291992188,3511,CCL.BO,247.50355311802454,250.93457234700517,255.2701873779297
2020-10-01,256.320306889526,263.4323717507438,253.50411309349587,257.0362854003906,3239,CCL.BO,249.1741681780134,251.010942586263,253.21774291992188
2020-10-05,258.7069552439564,260.9503608670015,249.2082933888964,252.9791259765625,5751,CCL.BO,250.96752275739397,250.6529551188151,257.0362854003906
2020-10-06,252.9791004705228,254.1246778617998,246.8694223612796,248.5400390625,6300,CCL.BO,252.26310511997767,249.79378255208334,252.9791259765625
2020-10-07,247.2512646272021,248.7309420093189,241.7620956248608,243.0031280517578,10857,CCL.BO,252.18809945242745,249.03802744547525,248.5400390625
2020-10-08,243.43272222663725,252.3108451486642,241.7143706858308,243.0508728027344,10844,CCL.BO,250.4424830845424,248.36023508707683,243.0031280517578
2020-10-09,243.4327172453688,246.8216708713699,243.24179253732424,244.96014404296875,6010,CCL.BO,248.96961975097656,247.70790150960286,243.0508728027344
2020-10-12,240.13921694219,249.16054407288388,237.51396216747565,244.5782928466797,20914,CCL.BO,247.73541259765625,247.30217997233072,244.96014404296875
2020-10-13,240.47333189371247,244.48282357251784,238.65952532786923,241.237045288086,5764,CCL.BO,245.47837829589844,247.4867426554362,244.5782928466797
2020-10-14,240.5688086700149,241.6666366924555,237.8958189936904,239.0413818359375,3453,CCL.BO,243.48727199009485,247.43582814534506,241.237045288086
2020-10-15,238.46862430363825,239.8051119515545,234.8409962450647,235.70016479492188,8544,CCL.BO,241.6530042375837,247.16693979899088,239.0413818359375
2020-10-16,235.0796359795468,236.4638583339193,234.0295282256799,234.4113922119141,3802,CCL.BO,240.4256134033203,246.6164316813151,235.70016479492188
2020-10-19,236.79797604418928,238.1344635147923,232.78849906575925,234.5068359375,2186,CCL.BO,239.20503670828683,246.3157206217448,234.4113922119141
2020-10-20,237.70489328754627,240.56880766450465,231.3088207589969,235.98654174804688,10157,CCL.BO,237.92309352329798,246.38095397949218,234.5068359375
2020-10-21,240.6165619620864,244.38737995033924,231.9770833122361,233.0271911621093,22781,CCL.BO,236.27293613978796,246.298220316569,235.98654174804688
2020-10-22,233.5999404712252,244.48282356585216,233.55220565283665,242.57354736328125,6800,CCL.BO,236.46386500767298,246.8041788736979,233.0271911621093
2020-10-23,246.2966515754344,246.2966515754344,238.46862137667148,240.5210876464844,11733,CCL.BO,236.67525155203683,247.06193135579426,242.57354736328125
2020-10-26,241.3325000300456,241.3325000300456,233.4567361803108,236.0342559814453,3980,CCL.BO,236.72297886439733,247.1017074584961,240.5210876464844
2020-10-27,237.7048897134256,239.7573558260696,235.70014385304924,236.41612243652344,6436,CCL.BO,237.00936889648438,246.28230997721354,236.0342559814453
2020-10-28,238.7259072629179,240.60260464208264,235.0206212773428,236.80108642578125,30257,CCL.BO,237.33711896623885,245.2657236735026,236.41612243652344
2020-10-29,234.9244095419268,240.4582699314805,232.99958853686456,235.7905731201172,8820,CCL.BO,237.30912344796317,244.17408498128256,236.80108642578125
2020-10-30,234.82813963499004,236.17550833257928,231.5078266632601,232.32586669921875,2231,CCL.BO,237.2089342389788,243.3090377807617,235.7905731201172
2020-11-02,230.97852861120856,234.39508895062656,222.55743642225823,224.8191070556641,9509,CCL.BO,234.6725856236049,241.91214599609376,232.32586669921875
2020-11-03,221.45065731651283,240.02516783187045,221.45065731651283,232.0852813720703,13336,CCL.BO,233.46747044154577,241.26500803629557,224.8191070556641
2020-11-04,227.128875974448,235.59809123596267,227.128875974448,232.13340759277344,2108,CCL.BO,232.9102063860212,240.82472229003906,232.0852813720703
2020-11-05,238.8702772025202,242.7199191064616,236.84922401408204,241.22817993164065,5542,CCL.BO,233.59764317103796,240.85147349039713,232.13340759277344
2020-11-06,252.15154546696607,252.15154546696607,238.1965935231836,241.51690673828125,2288,CCL.BO,234.27133178710938,240.91967163085937,241.22817993164065
2020-11-09,241.5650138005707,242.96050596317195,236.65671481738843,239.83267211914065,5668,CCL.BO,234.8487745012556,240.79648844401044,241.51690673828125
2020-11-10,243.97105999827133,243.97105999827133,232.5664897810693,234.6356811523437,7136,CCL.BO,235.17874799455916,240.10867156982425,239.83267211914065
2020-11-11,242.5274364539762,242.5274364539762,231.94092137066767,234.780029296875,3842,CCL.BO,236.60173688616072,239.42566630045576,234.6356811523437
2020-11-12,233.86574302212608,236.3198926452044,231.55596377994547,235.0687561035156,5056,CCL.BO,237.02794756208147,238.82070007324222,234.780029296875
2020-11-13,235.30934559491,235.30934559491,231.7003065520433,232.6145935058593,8659,CCL.BO,237.09668840680803,238.0066436767578,235.0687561035156
2020-11-14,240.5063577261388,240.5063577261388,235.79055254924097,236.80108642578125,2036,CCL.BO,236.46424647739954,237.46737569173177,232.6145935058593
2020-11-17,237.81164564749773,239.3033702070876,233.09582528278588,238.1003570556641,7456,CCL.BO,235.9761679513114,237.1193862915039,236.80108642578125
2020-11-18,242.52744472125423,248.8793598618508,239.92893932199885,244.64474487304688,19222,CCL.BO,236.6636069161551,237.17410685221355,238.1003570556641
2020-11-19,243.345507655937,249.36057345042607,240.89135787474163,243.68234252929688,13061,CCL.BO,237.95598711286272,237.19515584309895,244.64474487304688
2020-11-20,240.8913588313708,253.73953060829064,240.8913588313708,250.37109375,16288,CCL.BO,240.18328203473772,237.37552083333333,243.68234252929688
2020-11-23,257.92602575635266,258.31098409981166,250.37109711290896,254.605697631836,6680,CCL.BO,242.97427368164062,237.70976765950522,250.37109375
2020-11-24,253.35456071763195,264.9034865623103,253.35456071763195,264.0373229980469,29567,CCL.BO,247.4632350376674,238.46977691650392,254.605697631836
2020-11-25,264.3259626094312,267.6943983993176,254.8943541459209,255.56802368164065,15037,CCL.BO,250.14422607421875,239.02066497802736,264.0373229980469
2020-11-26,257.5891735856524,262.59372011130085,253.210217403539,261.7756652832031,4684,CCL.BO,253.5264129638672,239.8898483276367,255.56802368164065
2020-11-27,260.71698000007666,266.5876895058817,253.1620522392705,255.71246337890625,6008,CCL.BO,255.1075156075614,240.59988403320312,261.7756652832031
2020-12-01,255.7124483037348,257.44477523000614,252.48836767443112,256.00115966796875,2106,CCL.BO,256.86734662737166,241.3163614908854,255.71246337890625
2020-12-02,261.7756178177767,261.7756178177767,253.5470209911633,256.4823608398437,2108,CCL.BO,257.74038478306363,241.999555460612,256.00115966796875
2020-12-03,256.96357106196604,261.2944177652576,256.0974075953945,257.39666748046875,8236,CCL.BO,258.1390947614397,242.81187133789064,256.4823608398437
2020-12-04,257.9259649107154,259.85078554437746,244.01913876955027,250.17857360839844,20474,CCL.BO,256.15927342006137,243.06537221272785,257.39666748046875
2020-12-07,256.72295434716926,258.88837757971334,252.2477522073313,256.0492553710937,6304,CCL.BO,256.22802080426897,243.58297780354818,250.17857360839844
2020-12-08,257.9260056512693,261.77564752666143,254.6538159312734,259.51397705078125,25659,CCL.BO,255.90492248535156,244.36563517252605,256.0492553710937
2020-12-09,261.77566649263025,262.83432395915145,255.0387927225993,255.95309448242188,10226,CCL.BO,255.93929835728235,245.016867574056,259.51397705078125
2020-12-10,264.6628709013545,266.8764031643552,252.44024656973585,259.0809020996094,14605,CCL.BO,256.3792615618025,245.75952809651693,255.95309448242188
2020-12-11,260.3801476311895,267.5501175659336,249.11996246380664,256.5786437988281,12752,CCL.BO,256.39301627022877,246.45246378580728,259.0809020996094
2020-12-14,259.85080717154784,259.85080717154784,246.37706161450464,247.24322509765625,18830,CCL.BO,254.94252450125558,246.9497090657552,256.5786437988281
2020-12-15,247.53197800390524,250.9004145587072,243.008637167854,245.79962158203125,11360,CCL.BO,254.31695992606026,247.64905954996746,247.24322509765625
2020-12-16,249.2642496516196,258.11843551869055,249.2642496516196,256.9635314941406,24699,CCL.BO,254.44757080078125,248.47833455403645,245.79962158203125
2020-12-17,256.9636389120291,259.85087080991707,255.32752908838265,255.8568725585937,12669,CCL.BO,253.92512730189733,249.26911671956378,256.9635314941406
2020-12-18,259.8026964789477,259.8026964789477,253.3545351190082,255.5199584960937,6978,CCL.BO,253.86325073242188,249.74550933837887,255.8568725585937
2020-12-21,259.8507934804042,259.8507934804042,251.0928534556818,251.71841430664065,12735,CCL.BO,252.81146676199776,250.0855595906575,255.5199584960937
2020-12-22,250.2267502660469,252.1515714219396,246.32898448832023,248.63877868652344,4673,CCL.BO,251.6772003173828,250.37909647623695,251.71841430664065
2020-12-23,250.2267333517567,256.8192512391502,250.2267333517567,251.6703491210937,16506,CCL.BO,252.30964660644528,250.94691874186194,248.63877868652344
2020-12-24,259.80271546173645,259.85082423656866,248.59061010480943,252.247787475586,3880,CCL.BO,253.2308131626674,251.52917734781897,251.6703491210937
2020-12-28,255.038740804732,255.76054856172647,252.7289618564361,253.35452270507807,3512,CCL.BO,252.7152404785156,252.1387029012044,252.247787475586
2020-12-29,253.49890956223496,261.5350427859551,253.2583069469765,256.1455383300781,14682,CCL.BO,252.75647844587053,252.92306772867838,253.35452270507807
2020-12-30,251.1891519492837,257.6854231203859,251.1891519492837,254.605697631836,6022,CCL.BO,252.62586975097656,253.5165547688802,256.1455383300781
2020-12-31,256.14560123907825,263.7005310877616,255.03883481115628,258.1185607910156,19285,CCL.BO,253.54017639160156,254.18382822672527,254.605697631836
2021-01-01,260.8131800910273,262.256795478985,256.96353905647334,258.21466064453125,14455,CCL.BO,254.90815952845983,254.63615875244142,258.1185607910156
2021-01-04,265.52901330746903,265.52901330746903,258.88838767610906,259.2733459472656,8379,CCL.BO,255.99430193219868,255.1558588663737,258.21466064453125
2021-01-05,257.9259632415154,260.9575498458274,256.00114262031,256.53045654296875,12690,CCL.BO,256.6061117989676,255.36117095947264,259.2733459472656
2021-01-06,256.9635507175815,257.9740697868376,250.03418479275496,250.948486328125,36582,CCL.BO,256.2623923165458,255.2392639160156,256.53045654296875
2021-01-07,250.900422902344,253.69140740933483,250.900422902344,252.0552978515625,10406,CCL.BO,255.6780722481864,254.83986307779944,250.948486328125
2021-01-08,252.6327220443517,253.0176803181421,248.97557438769263,249.60113525390625,18997,CCL.BO,254.963134765625,254.64096679687498,252.0552978515625
2021-01-11,249.601145159824,252.3440206963915,247.5800774291723,249.79360961914065,14261,CCL.BO,253.77385602678572,254.2415649414062,249.60113525390625
2021-01-12,250.99662395463167,251.18911778539984,248.87933866835672,250.0823516845703,21483,CCL.BO,252.61209760393416,254.05389455159502,249.79360961914065
2021-01-13,250.22668702743576,252.1515076968776,247.43570293083164,249.16802978515625,30375,CCL.BO,251.1684810093471,253.82612355550128,250.0823516845703
2021-01-14,249.9379787089234,251.18910041107355,245.125912291694,245.8958435058593,17244,CCL.BO,249.64925057547433,253.47323964436845,249.16802978515625
2021-01-15,247.0026241546609,247.6281850427742,240.07327218733272,240.89132690429688,23541,CCL.BO,248.21251351492745,252.92306162516272,245.8958435058593
2021-01-18,241.5650278106937,242.04623304537645,236.17552330816068,236.7529754638672,11278,CCL.BO,246.0264674595424,252.47554168701168,240.89132690429688
2021-01-19,245.41467915914703,245.41467915914703,236.4642585115932,237.47479248046875,18953,CCL.BO,244.29413277762276,251.85639292399088,236.7529754638672
2021-01-20,243.34548624368017,243.34548624368017,237.7153792813505,238.29283142089844,10000,CCL.BO,242.65116446358817,251.1490214029948,237.47479248046875
2021-01-21,241.08381748007577,242.5274331536092,238.43718874526456,239.15899658203125,11420,CCL.BO,241.09068516322546,250.58921813964844,238.29283142089844
2021-01-22,238.3890497540349,242.23869129930875,238.244694070174,240.2657470703125,4165,CCL.BO,239.81893048967635,249.96204630533853,239.15899658203125
2021-01-25,241.5649941193201,241.5649941193201,233.9138348920264,235.5980529785156,3843,CCL.BO,238.34781755719862,249.2626932779948,240.2657470703125
2021-01-27,234.5875562440415,235.7905693529853,233.3845431350977,234.0582275390625,6168,CCL.BO,237.37166050502233,248.823193359375,235.5980529785156
2021-01-28,242.4311878554012,242.4311878554012,232.9033302204693,233.9138641357422,4102,CCL.BO,236.96607317243303,248.4270014444987,234.0582275390625
2021-01-29,234.3469360739485,234.3469360739485,229.14992570655988,230.6897735595703,7246,CCL.BO,235.99678475516183,247.55120951334635,233.9138641357422
2021-02-01,231.9408986978156,238.6296478186553,225.68523130555084,232.422103881836,14888,CCL.BO,235.15810939243866,246.77005055745443,230.6897735595703
2021-02-02,233.52890108314568,241.56503460237187,232.9033401345577,238.82215881347656,19018,CCL.BO,235.1099897112165,246.2134572347005,232.422103881836
2021-02-03,237.2341643251937,245.7033788081264,236.9454382672676,243.10487365722656,33831,CCL.BO,235.5155792236328,245.92633921305338,238.82215881347656
2021-02-04,243.82667717481456,246.1845796835449,241.1800486132317,242.4792938232422,11387,CCL.BO,236.49861363002236,245.721023050944,243.10487365722656
2021-02-05,241.70938350701124,243.4898487494244,233.76949713474733,236.7529754638672,6037,CCL.BO,236.88357761928017,245.2237772623698,242.4792938232422
2021-02-08,233.2401593618372,243.48982394223592,233.2401593618372,241.85372924804688,10210,CCL.BO,238.01784406389513,244.87730865478517,236.7529754638672
2021-02-09,245.3665282217964,245.3665282217964,238.77402580155564,239.2071075439453,2952,CCL.BO,239.234606061663,244.40572814941407,241.85372924804688
2021-02-10,239.640215684662,239.640215684662,230.4973158894641,231.07476806640625,3887,CCL.BO,239.04212951660156,243.57003580729167,239.2071075439453
2021-02-11,231.3634499140188,232.7589567158228,228.5724656808448,229.43862915039065,7573,CCL.BO,237.70162527901786,242.73113352457682,231.07476806640625
2021-02-12,229.82362129104968,241.61314945200684,229.43864829507115,234.780029296875,18658,CCL.BO,236.51236179896765,241.95318247477215,229.43862915039065
2021-02-15,236.65671595946,237.6672498356056,230.6416508457565,230.9785003662109,3219,CCL.BO,234.86939130510603,241.0453104654948,234.780029296875
2021-02-16,232.2296700589574,234.10636770578304,226.2146040850164,228.52438354492188,2345,CCL.BO,233.69387817382812,240.02034505208334,230.9785003662109
2021-02-17,238.05223059402468,238.05223059402468,229.9679740058675,230.8341522216797,27524,CCL.BO,232.1196528843471,239.16380157470704,228.52438354492188
2021-02-18,231.6040707780187,232.42212554117427,226.166457565946,226.9845123291016,17545,CCL.BO,230.37356785365515,238.36500244140626,230.8341522216797
2021-02-19,228.09128760012305,231.12287478907515,222.3168246229048,222.99050903320312,21795,CCL.BO,229.2186737060547,237.39617614746095,226.9845123291016
2021-02-22,222.99051142299865,225.44466115166136,220.1514033658166,220.536361694336,17680,CCL.BO,227.9469212123326,236.42735036214194,222.99050903320312
2021-02-23,221.35439411107163,228.0912669753216,219.86265503980133,225.39651489257807,18531,CCL.BO,226.6064191545759,235.6141138712565,220.536361694336
2021-02-24,226.1664716843457,235.790576862403,226.1664716843457,228.9093475341797,25745,CCL.BO,226.31082589285714,234.9083470662435,225.39651489257807
2021-02-25,230.64165543244889,232.71084668384268,228.62060232518303,229.6792449951172,10289,CCL.BO,226.4758061000279,234.25872090657552,228.9093475341797
2021-02-26,229.05367075325407,231.89277844109355,218.94836174943416,220.00701904296875,14968,CCL.BO,224.9290727887835,233.39576009114583,229.6792449951172
2021-03-01,227.89880056029705,227.89880056029705,220.0070377012652,222.8461456298828,6705,CCL.BO,224.33787754603796,232.79425404866535,220.00701904296875
2021-03-02,225.0596720395892,237.2341574077244,224.7228225342947,235.50181579589844,30678,CCL.BO,226.12520708356584,232.75254872639974,222.8461456298828
2021-03-03,236.8973129395948,243.29735087975607,233.8657260683512,241.1319274902344,43231,CCL.BO,229.0674307686942,232.87445322672525,235.50181579589844
2021-03-04,241.1319375843572,247.09887934822493,239.54395155443552,242.43118286132807,14660,CCL.BO,231.5009547642299,233.01239827473958,241.1319274902344
2021-03-05,240.8913295663534,247.33947640324664,240.60260350510376,245.6552581787109,9638,CCL.BO,233.89322771344865,233.22894032796225,242.43118286132807
2021-03-08,247.339482092543,256.6267369273782,244.88533254329712,254.3650665283203,23889,CCL.BO,237.4197736467634,233.69891764322918,245.6552581787109
2021-03-09,256.0974500369888,257.9260241851089,252.72901315397428,253.73953247070312,8368,CCL.BO,242.23870413643974,234.3036336263021,254.3650665283203
2021-03-10,255.80869263113965,259.80271960068006,243.48985029332783,244.5485076904297,13424,CCL.BO,245.33904157366072,234.65330963134767,253.73953247070312
2021-03-12,246.9545191270224,251.67032430102336,236.1274019247795,239.0146331787109,26940,CCL.BO,245.8408726283482,234.82333526611328,244.5485076904297
2021-03-15,238.5815684803568,240.79511567321043,232.2296676878608,237.3785552978516,3057,CCL.BO,245.30467660086495,235.04629465738932,239.0146331787109
2021-03-16,243.6823296040401,247.2432454284578,239.39960592256955,244.83721923828125,4200,CCL.BO,245.64839608328683,235.4601318359375,237.3785552978516
2021-03-17,253.7876387108404,253.7876387108404,233.8657313307847,235.4055938720703,14351,CCL.BO,244.1841583251953,235.34624633789062,244.83721923828125
2021-03-18,235.1649967915499,240.5063629831829,229.0536846259715,232.1815185546875,9968,CCL.BO,241.01508004324776,234.9821345011393,235.4055938720703
2021-03-19,226.16645985176785,238.38906985139417,223.23110498898845,234.25070190429688,14519,CCL.BO,238.230961390904,234.70784810384114,232.1815185546875
2021-03-22,235.50184757716025,235.694326741068,230.4491924271824,231.07476806640625,1550,CCL.BO,236.30614144461495,234.5185745239258,234.25070190429688
2021-03-23,233.76947404263143,233.76947404263143,222.9904807875495,223.85665893554688,10383,CCL.BO,234.14071655273438,233.91867218017578,231.07476806640625
2021-03-24,225.6852476037067,227.03261634217893,216.5423484470533,221.3544006347656,16023,CCL.BO,231.85155160086495,233.3235819498698,223.85665893554688
2021-03-25,227.8987877814032,227.8987877814032,218.4671628364428,222.89425659179688,13085,CCL.BO,228.7168426513672,233.05089823404947,221.3544006347656
2021-03-26,221.40253964045075,230.4010690522138,221.40253964045075,227.4657287597656,3208,CCL.BO,227.58257620675224,232.98513488769532,222.89425659179688
2021-03-30,232.3258736977793,232.3258736977793,225.2040423356121,229.6792449951172,5243,CCL.BO,227.22510855538505,232.8151087443034,227.4657287597656
2021-03-31,227.94692392770835,229.7754979324552,222.02809077192984,225.3484039306641,4466,CCL.BO,225.95335170200892,232.6274388631185,229.6792449951172
2021-04-01,227.1288521670751,229.4867546868509,220.48822634644665,222.2686767578125,13138,CCL.BO,224.6953386579241,232.41891530354818,225.3484039306641
2021-04-05,221.88374023912328,221.88374023912328,217.9859748380873,220.44012451171875,24355,CCL.BO,224.20726231166296,232.07244771321615,222.2686767578125
2021-04-06,220.3919776798093,232.61458660535789,218.9002386492999,230.54541015625,21971,CCL.BO,225.520263671875,232.19114430745444,220.44012451171875
2021-04-07,234.15447782254927,235.7905727371511,229.29430185561736,233.28829956054688,16917,CCL.BO,227.005126953125,232.5344039916992,230.54541015625
2021-04-08,238.48530444237383,239.59207054863845,231.7003080605661,235.69430541992188,4251,CCL.BO,228.1806379045759,233.03966878255207,233.28829956054688
2021-04-09,234.0100915833125,239.15899328876745,232.90332545626444,234.10633850097656,7138,CCL.BO,228.81307983398438,233.32999623616536,235.69430541992188
2021-04-12,232.90332873132004,233.86573918062305,221.0175538083411,223.90478515625,5524,CCL.BO,228.60684858049666,233.16317749023438,234.10633850097656
2021-04-13,250.2267191069711,250.2267191069711,223.5679523545413,230.5935516357422,3458,CCL.BO,229.7961164202009,233.19365437825522,223.90478515625
2021-04-15,226.45517543615483,235.2612249312428,226.3589285197817,232.6627197265625,5020,CCL.BO,231.54220145089286,233.61551106770833,230.5935516357422
2021-04-16,239.592084104114,249.2643122862416,231.94092378758384,246.7620391845703,66129,CCL.BO,233.8588627406529,234.41270751953124,232.6627197265625
2021-04-19,243.4898557208982,243.7304583451284,234.53943516249336,239.928939819336,11560,CCL.BO,234.80752563476565,234.5602783203125,246.7620391845703
2021-04-20,252.15154338807844,254.07636432997217,242.67179437516447,245.3665466308593,14101,CCL.BO,236.18927437918526,234.70143229166666,239.928939819336
2021-04-22,238.7740052706274,250.94848989378505,238.7740052706274,247.1469573974609,19207,CCL.BO,238.0522199358259,234.85862477620444,245.3665466308593
2021-04-23,240.93946236201583,262.4493418231021,240.93946236201583,257.2041931152344,75184,CCL.BO,242.8092782156808,235.24358927408855,247.1469573974609
2021-04-26,265.9139716913574,267.0688758757502,252.632720423007,257.8778686523437,54965,CCL.BO,246.70703778948103,235.36068267822264,257.2041931152344
2021-04-27,256.19365430086725,259.94704889994165,252.72897106693927,254.0763397216797,29063,CCL.BO,249.76612636021204,235.37190958658854,257.8778686523437
2021-04-28,254.0763484064045,261.5350290887895,253.11393799577417,255.6162109375,24860,CCL.BO,251.03100803920202,235.74083302815754,254.0763397216797
2021-04-29,256.3861364459349,260.0914225299773,245.41466325677783,249.1199493408203,18634,CCL.BO,252.34400939941403,236.07767690022786,255.6162109375
2021-04-30,249.64927393618143,262.256857163833,248.9756042189404,257.6372985839844,30000,CCL.BO,254.0969739641462,236.75296834309896,249.1199493408203
2021-05-03,251.6703256660725,278.9065288943796,251.6703256660725,277.02984619140625,190323,CCL.BO,258.365958077567,237.82605590820313,257.6372985839844
2021-05-04,287.6645286835192,303.1112367696501,283.9592419193446,291.7066650390625,167110,CCL.BO,263.29488263811385,239.7027582804362,277.02984619140625
2021-05-05,288.1456685390205,298.34722467623016,283.91106864350934,295.2193908691406,72520,CCL.BO,268.629385811942,241.80402069091798,291.7066650390625
2021-05-06,300.2720356981756,307.2976196570428,295.45998384403816,300.03143310546875,42398,CCL.BO,275.19439915248324,243.99671173095703,295.2193908691406
2021-05-07,302.1005949588753,309.89612446069987,298.34720056775456,303.9291687011719,79771,CCL.BO,282.09625026157926,246.4251917521159,300.03143310546875
2021-05-10,306.04650983287405,313.84204001402475,298.828431770778,304.410400390625,89254,CCL.BO,289.99488612583707,249.11031646728514,303.9291687011719
2021-05-11,298.39532501436184,312.78337186848574,298.39532501436184,306.43145751953125,42574,CCL.BO,296.9654802594866,251.94621836344402,304.410400390625
2021-05-12,311.33980562415184,311.33980562415184,284.87351611978033,287.85699462890625,33053,CCL.BO,298.512215750558,254.11164296468098,306.43145751953125
2021-05-14,287.95320211742256,298.3472226419356,280.39827463772536,295.4599914550781,67498,CCL.BO,299.0484052385603,256.3781183878581,287.85699462890625
2021-05-17,295.36376780452474,303.6886125082152,295.36376780452474,297.81793212890625,29774,CCL.BO,299.4196254185268,258.6494079589844,295.4599914550781
2021-05-18,295.0749992360675,302.14872070444784,287.2794700539838,288.48248291015625,27597,CCL.BO,297.769775390625,260.7538772583008,297.81793212890625
2021-05-19,290.59983469582204,309.8961516447845,290.59983469582204,303.0149230957031,61791,CCL.BO,297.639168875558,263.4454188028971,288.48248291015625
2021-05-20,307.9713351588876,311.86908562131816,303.44799442556734,306.14276123046875,58646,CCL.BO,297.8866489955357,266.3021733601888,303.0149230957031
2021-05-21,311.6284642431001,312.59087460749566,294.8825297767046,300.27203369140625,50006,CCL.BO,297.00673130580356,268.626394144694,306.14276123046875
2021-05-24,305.8540106025756,329.72180592873354,301.57130198361267,315.38189697265625,130834,CCL.BO,300.93886021205356,271.3628473917643,300.27203369140625
2021-05-25,320.48265336578635,327.2195259590611,315.8149571949306,324.1398010253906,50188,CCL.BO,305.03597586495533,274.31103057861327,315.38189697265625
2021-05-26,329.14436985688866,346.0827994429092,319.03906025601924,327.3157958984375,88836,CCL.BO,309.2499564034598,277.418012491862,324.1398010253906
2021-05-27,327.8451266879284,346.46777549486484,327.6526622126936,342.6181335449219,143183,CCL.BO,316.9836207798549,281.3751241048177,327.3157958984375
2021-05-28,343.82114944659173,354.6963762953278,339.20159081731776,350.9911193847656,131833,CCL.BO,323.83736310686385,285.3883763631185,342.6181335449219
2021-05-31,352.3384604948871,353.34897968730803,325.77592703944504,337.4692077636719,81569,CCL.BO,328.3125697544643,288.88192596435545,350.9911193847656
2021-06-01,351.2797898364642,351.2797898364642,329.4330623916119,331.6947326660156,42983,CCL.BO,332.80152675083707,291.7130157470703,337.4692077636719
2021-06-02,334.38949314986814,346.99704543812976,329.3368387323724,345.69781494140625,21279,CCL.BO,337.1323721749442,295.23864491780597,331.6947326660156
2021-06-03,345.794048720339,361.4332178898723,345.794048720339,356.81365966796875,42063,CCL.BO,341.80006626674106,298.9535486857096,345.69781494140625
2021-06-04,353.8783494144008,357.7279913797664,345.7459690143912,350.4136657714844,23336,CCL.BO,345.0997619628906,302.39577229817706,356.81365966796875
2021-06-07,346.660245899062,352.72341981205,339.73087910955974,343.8692321777344,83480,CCL.BO,345.2784903390067,305.28460693359375,350.4136657714844
2021-06-08,339.2978050635468,350.317416875526,333.4752333718949,336.2181091308594,93940,CCL.BO,343.1680603027344,307.8959482828776,343.8692321777344
2021-06-09,336.93989660896085,349.0181357283178,333.28271936147104,346.6602478027344,76705,CCL.BO,344.48106602260043,310.9820785522461,336.2181091308594
2021-06-10,344.59107674463587,357.728003907868,344.54296796655893,348.9700622558594,62167,CCL.BO,346.94897024972096,314.09387359619143,346.6602478027344
2021-06-11,346.51586308204173,350.60610740374267,340.54893604676283,342.233154296875,13799,CCL.BO,346.45401872907365,317.19764709472656,348.9700622558594
2021-06-14,342.2331533412812,344.92789078576214,334.10077349384443,335.8331298828125,68880,CCL.BO,343.45680018833707,319.8041748046875,342.233154296875
2021-06-15,338.8165661994354,338.91281311256427,329.28870920835726,330.6360778808594,48239,CCL.BO,340.63143048967635,321.59104919433594,335.8331298828125
2021-06-16,332.0315826764538,334.8225669176184,328.1819411381761,330.8766784667969,31285,CCL.BO,338.77535138811385,322.89671630859374,330.6360778808594
2021-06-17,329.9142878681017,340.69329656990004,327.70075559901403,332.89776611328125,23028,CCL.BO,338.301016671317,324.1526621500651,330.8766784667969
2021-06-18,337.80607217897574,337.80607217897574,313.7458106277666,326.3533935546875,78819,CCL.BO,335.40003749302457,325.0300608317057,332.89776611328125
2021-06-21,322.1188151061976,338.9128611785789,317.5473651033574,334.5339050292969,30386,CCL.BO,333.33772931780135,326.0502187093099,326.3533935546875
2021-06-22,337.5655054179419,337.5655054179419,330.1068235448441,332.2722473144531,15848,CCL.BO,331.9147426060268,326.97894694010415,334.5339050292969
2021-06-23,336.8436510667492,336.8436510667492,326.064642484439,328.9518737792969,39480,CCL.BO,330.9317060198103,327.72962748209636,332.2722473144531
2021-06-24,328.85570152339034,332.5609586990743,323.9955105520928,325.8722229003906,5432,CCL.BO,330.2511553083147,328.9968017578125,328.9518737792969
2021-06-25,327.41202422054374,333.28270406364817,324.7653956658729,330.2992553710937,7645,CCL.BO,330.16866629464283,330.158110555013,325.8722229003906
2021-06-28,334.9188215497882,348.39256724431993,328.47066007637414,346.8045959472656,53478,CCL.BO,332.15535627092635,331.79099934895834,330.2992553710937
2021-06-29,351.1836043923554,353.97458911780905,344.8798270277736,348.5851135253906,34762,CCL.BO,335.33131626674106,333.79442036946614,346.8045959472656
2021-06-30,351.8573090018006,354.1670884874132,341.9926006947464,346.4678039550781,16237,CCL.BO,337.0361589704241,335.2428497314453,348.5851135253906
2021-07-01,348.3444525754029,348.3444525754029,340.26018179918617,343.09930419921875,9656,CCL.BO,338.58288138253346,336.4747344970703,346.4678039550781
2021-07-02,353.6858534418626,371.6829412699363,343.58054334352363,368.699462890625,84396,CCL.BO,344.2611083984375,338.7556488037109,343.09930419921875
2021-07-05,383.1356024480517,415.5207079146174,374.3776615605933,384.4829711914063,350200,CCL.BO,352.63407244001115,341.05901794433595,368.699462890625
2021-07-06,387.3220625510151,387.3220625510151,374.5219870937997,380.8739013671875,36003,CCL.BO,359.85902186802457,342.9501546223958,384.4829711914063
2021-07-07,380.87393164878216,391.74915787314416,374.61826378847366,388.9100646972656,51257,CCL.BO,365.8740888323103,345.0032969156901,380.8739013671875
2021-07-08,388.91005488802085,391.7491479922906,381.8363324580011,385.68597412109375,24627,CCL.BO,371.17421177455356,346.4388916015625,388.9100646972656
2021-07-09,384.1942318829871,385.5897092987917,377.9385644709724,378.9971923828125,30147,CCL.BO,375.8212672642299,347.37242736816404,385.68597412109375
2021-07-12,384.9641767370586,389.4393794175397,369.3731158310334,371.44232177734375,33096,CCL.BO,379.8702697753906,348.50486450195314,378.9971923828125
2021-07-13,377.2649300731893,377.3611770008672,366.8227698845758,372.1160278320313,28470,CCL.BO,380.3583504813058,349.85224100748695,371.44232177734375
2021-07-14,369.08435866272765,375.3400257587061,367.0151823435289,373.9445190429688,27030,CCL.BO,378.8528573172433,350.7937978108724,372.1160278320313
2021-07-15,373.1265174645846,377.2648703658321,365.28284934200894,367.4482727050781,22456,CCL.BO,376.9349103655134,351.1482849121094,373.9445190429688
2021-07-16,366.67837288833744,375.9175188666976,366.67837288833744,371.3460693359375,12450,CCL.BO,374.42576817103793,351.8460316975912,367.4482727050781
2021-07-19,371.34606612599447,375.8212687012307,365.76406807231945,366.5821228027344,24564,CCL.BO,371.6966465541295,352.60312805175784,371.3460693359375
2021-07-20,372.45284505843273,379.2859651441863,368.4588475552784,370.9611206054688,17610,CCL.BO,370.5486363002232,353.7612284342448,366.5821228027344
2021-07-22,380.1521510598984,406.6665488350149,368.5551161744741,389.96875,778170,CCL.BO,373.1952689034598,355.20484517415366,370.9611206054688
2021-07-23,394.588237047977,411.9116230647174,384.67542235323737,405.8484497070313,76585,CCL.BO,378.0141863141741,357.100791422526,389.96875
2021-07-26,405.1748175473208,411.2861300518727,396.8018345101633,399.3041076660156,113876,CCL.BO,381.6369846888951,359.00315653483074,405.8484497070313
2021-07-27,405.1748242037385,476.393201854752,405.1748242037385,465.5179748535156,326741,CCL.BO,395.6469421386719,363.32598470052085,399.3041076660156
2021-07-28,467.7314505015671,469.8487651120936,425.4816401677964,429.860595703125,386782,CCL.BO,404.0061601911272,366.6334686279297,465.5179748535156
2021-07-29,423.4606169173013,441.5058136609363,413.83651198736266,423.1719055175781,222842,CCL.BO,412.09041486467635,369.70997619628906,429.860595703125
2021-07-30,411.95979300687407,433.9990164305466,411.95979300687407,426.1072387695313,30981,CCL.BO,419.9684317452567,372.81695861816405,423.1719055175781
2021-08-02,426.1072561176301,426.1072561176301,410.27559137536105,412.5372619628906,57192,CCL.BO,423.1925048828125,375.68975423177085,426.1072387695313
2021-08-03,412.8740791934622,417.7823783167024,403.2499747833582,404.74169921875,20068,CCL.BO,423.0343976702009,378.03001403808594,412.5372619628906
2021-08-04,409.986863115306,417.68614692967793,391.2679675934394,393.6258850097656,57541,CCL.BO,422.2232230050223,380.07513529459635,404.74169921875
2021-08-05,402.2875131326421,402.2875131326421,381.98064953822376,388.8618774414063,26784,CCL.BO,411.2723519461496,382.07213541666664,393.6258850097656
2021-08-06,388.8619058270936,413.5477557949311,386.4077710839495,405.9928283691406,68938,CCL.BO,407.86267089843756,384.742822265625,388.8618774414063
2021-08-09,407.09961639227447,413.8364894767802,395.74318494085344,401.1326599121094,65836,CCL.BO,404.7142072405135,387.10393575032555,405.9928283691406
2021-08-10,407.0995867324007,407.0995867324007,383.0393274692565,392.2784729003906,20595,CCL.BO,399.8815264020647,388.61973164876304,401.1326599121094
2021-08-11,395.5507316734654,395.5507316734654,372.5972344358444,388.525146484375,74761,CCL.BO,396.4512241908482,389.95106608072916,392.2784729003906
2021-08-12,395.2619775557855,401.22890463283545,389.4393767995186,397.7642211914063,24472,CCL.BO,395.4544416155134,391.66094665527345,388.525146484375
2021-08-13,392.182264361735,401.0845611601303,390.738648664698,392.7115783691406,9323,CCL.BO,395.3238263811384,393.31468912760414,397.7642211914063
2021-08-16,391.1717386984784,394.58828404385446,380.92204392147823,382.6062622070313,22303,CCL.BO,394.430167061942,393.7782491048177,392.7115783691406
2021-08-17,385.9265824044586,387.129595441879,375.3881764484819,377.74609375,20586,CCL.BO,390.3949192592076,393.5536865234375,382.6062622070313
2021-08-18,382.58281733467385,386.9358455976474,375.0859353262194,377.0689697265625,19965,CCL.BO,386.9572492327009,393.42685546875,377.74609375
2021-08-20,367.58900462448753,374.5538607309791,364.1065765712418,365.4608459472656,40822,CCL.BO,383.12615966796875,392.64521484375,377.0689697265625
2021-08-23,368.5563468074994,372.3773496129284,345.9689637433405,354.7717590332031,57143,CCL.BO,378.3042471749442,391.614741007487,365.4608459472656
2021-08-24,354.820153614889,386.984195327873,350.1769353413593,382.92138671875,51104,CCL.BO,376.18384225027904,391.74554748535155,354.7717590332031
2021-08-25,386.4521768888138,387.95154148642047,368.55639397906896,372.6192321777344,26542,CCL.BO,373.3135070800781,391.78477783203124,382.92138671875
2021-08-26,373.3930497029794,376.24671305698047,360.8176361119464,362.1719055175781,14407,CCL.BO,370.3943132672991,391.45330708821615,372.6192321777344
2021-08-27,368.4112540142059,374.505481048171,364.73534620633,368.31451416015625,26274,CCL.BO,369.0469447544643,391.26564025878906,362.1719055175781
2021-08-30,376.1016568392933,383.7920191253879,374.4571970911612,378.6651306152344,18447,CCL.BO,369.2749677385603,391.63953552246096,368.31451416015625
2021-08-31,386.93582608561337,399.7530753246993,383.35665788597714,389.8861999511719,74134,CCL.BO,372.7643040248326,392.2575398763021,378.6651306152344
2021-09-01,390.8051988472968,398.5439156561541,385.7266659414841,394.1908874511719,54725,CCL.BO,378.3956080845424,393.17783203125,389.8861999511719
2021-09-02,390.80517488968354,402.364894222611,390.80517488968354,397.334716796875,31425,CCL.BO,380.4546552385603,394.05695190429685,394.1908874511719
2021-09-03,397.5765722737184,400.4785910494389,389.83785553846354,391.4339599609375,34842,CCL.BO,383.14247349330356,394.1057922363281,397.334716796875
2021-09-06,394.6261700753685,395.83534447868703,380.3095274275618,385.0978698730469,19686,CCL.BO,386.4176112583705,393.414106241862,391.4339599609375
2021-09-07,398.0602276988176,405.8956840145582,386.9358227935044,389.4025268554688,114804,CCL.BO,389.430184500558,393.0840535481771,385.0978698730469
2021-09-08,394.19085880553496,394.8196235963903,391.0470053303988,392.3045349121094,9913,CCL.BO,391.378670828683,390.6436055501302,389.4025268554688
2021-09-09,392.3045430512435,392.9333373760041,386.3070555483006,389.0155944824219,17920,CCL.BO,391.2542986188616,389.2821055094401,392.3045349121094
2021-09-13,391.0953721353856,396.3673845435154,381.1801416495503,393.9490356445313,201283,CCL.BO,391.2197483607701,388.3080098470052,389.0155944824219
2021-09-14,391.8208644131592,399.366130451876,390.0313099011966,392.111083984375,30194,CCL.BO,390.47351510184154,387.1748046875,393.9490356445313
2021-09-15,391.2888367646872,396.70594399366064,390.90190685994463,393.9006652832031,11891,CCL.BO,390.8259015764509,386.5535847981771,392.111083984375
2021-09-16,392.3045439217228,392.83659838840384,387.6613258755377,389.1123352050781,10210,CCL.BO,391.39939662388394,386.03260599772136,393.9006652832031
2021-09-17,391.04705809923337,391.7725628452431,380.6965119144827,384.3240356445313,35221,CCL.BO,390.6738978794643,385.72254435221356,389.1123352050781
2021-09-20,375.3277710115653,394.9163982357513,375.3277710115653,381.615478515625,20004,CCL.BO,389.14688982282365,385.4809977213542,384.3240356445313
2021-09-21,381.13177321996375,385.1946110372514,371.7485680100117,374.2153015136719,34365,CCL.BO,387.0325622558594,384.4217468261719,381.615478515625
2021-09-22,374.3604105302709,386.1135803055375,374.3604105302709,376.3434448242188,24431,CCL.BO,384.5174778529576,383.59543965657554,374.2153015136719
2021-09-23,380.9867245128742,387.6130069753041,376.7787911592974,385.533203125,11507,CCL.BO,383.5777805873326,383.37059733072914,376.3434448242188
2021-09-24,388.8705159661408,388.8705159661408,377.26244086267394,377.9879455566406,25906,CCL.BO,381.3045349121094,383.0193572998047,385.533203125
2021-09-27,378.42323830796926,379.4872881809275,372.425721376165,376.9722290039063,8446,CCL.BO,379.5702340262277,382.3262908935547,377.9879455566406
2021-09-28,377.2623844353054,380.3578824749123,369.0883542975309,372.0387573242188,24991,CCL.BO,377.8151942661831,381.637196858724,376.9722290039063
2021-09-29,368.5563837837368,378.2781348547269,368.5563837837368,373.3447265625,13220,CCL.BO,376.63365827287953,381.3284790039063,372.0387573242188
2021-09-30,377.8428404298716,377.8428404298716,369.66880928783,372.087158203125,16836,CCL.BO,376.32963779994424,381.13984781901047,373.3447265625
2021-10-01,368.5563960066047,372.9094243058953,368.5563960066047,370.73291015625,13344,CCL.BO,375.5281328473773,380.9286458333334,372.087158203125
2021-10-04,380.6480953355846,384.80764340003145,375.5695629327592,377.5042419433594,17463,CCL.BO,374.3811383928572,381.3300923665365,370.73291015625
2021-10-05,378.22979873310265,380.79324287149456,375.4728748586248,376.1500244140625,6963,CCL.BO,374.11857822963174,382.0427012125652,377.5042419433594
2021-10-06,381.0350726035058,402.6067639659884,380.64814265745474,391.192138671875,73519,CCL.BO,376.1499938964844,382.318392944336,376.1500244140625
2021-10-07,396.56090071067626,398.7857700938796,391.6274625991567,394.8196716308594,20250,CCL.BO,379.4044102260045,383.0584075927735,391.192138671875
2021-10-08,396.8510451438305,407.0081102846232,395.01310592728754,399.2210388183594,29171,CCL.BO,383.1010262625558,384.29337870279954,394.8196716308594
2021-10-11,403.6224376385744,405.89569154382656,394.6745465704933,397.0928955078125,13217,CCL.BO,386.6732744489397,385.25265808105473,399.2210388183594
2021-10-12,401.4459044639158,408.2172811657168,393.9006679473957,398.8340759277344,54107,CCL.BO,390.68772670200894,385.9249562581381,397.0928955078125
2021-10-13,405.3152629105133,412.71540440792944,401.5426446491696,403.2838439941406,62904,CCL.BO,394.3705269949777,386.37154439290373,398.8340759277344
2021-10-14,408.45912316733046,408.45912316733046,396.9961436467396,397.6249084472656,10674,CCL.BO,397.43836757114957,386.48601175944015,403.2838439941406
2021-10-18,397.5765394132714,401.2524177503546,391.2888325855676,393.32025146484375,9457,CCL.BO,397.7423836844308,386.3521962483725,397.6249084472656
2021-10-19,408.8944284103302,408.8944284103302,386.93580941754095,389.5476379394531,20147,CCL.BO,396.9892360142299,386.2893188476563,393.32025146484375
2021-10-20,390.03130812813527,391.1437426772564,377.3591544516685,378.5683288574219,8833,CCL.BO,394.0388488769531,386.0716674804688,389.5476379394531
2021-10-21,385.0011188972304,385.0011188972304,360.8176315293139,365.9445190429688,23029,CCL.BO,389.5890808105469,385.2897338867188,378.5683288574219
2021-10-22,362.0268191016224,370.44268482094594,352.11158891914647,354.5299377441406,34950,CCL.BO,383.2599182128906,384.0305806477865,365.9445190429688
2021-10-25,351.28937404291617,357.14179640552265,339.536203666331,345.4369812011719,30053,CCL.BO,374.99608067103793,382.57796020507817,354.5299377441406
2021-10-26,342.7767817084025,351.6762880184595,342.631686677424,347.6618347167969,14616,CCL.BO,367.8584987095424,381.035053507487,345.4369812011719
2021-10-27,356.94829499118333,361.83334792458845,349.8867280639296,355.6907653808594,22342,CCL.BO,362.4828578404018,379.82104288736986,347.6618347167969
2021-10-28,351.1442308894759,358.4960168343088,349.06445691372363,354.0946044921875,7411,CCL.BO,357.4181387765067,378.494174194336,355.6907653808594
2021-10-29,357.5287283249941,372.81268246429255,344.22780859207666,368.1694641113281,31342,CCL.BO,355.9325866699219,377.796078491211,354.0946044921875
2021-11-01,367.58905351686354,373.8767610112309,364.3484599040556,372.5224914550781,16500,CCL.BO,356.87229701450894,377.4026936848959,368.1694641113281
2021-11-02,367.8792519545919,380.8899818739324,367.8792519545919,376.0532836914063,19938,CCL.BO,359.94706072126115,377.21728719075526,372.5224914550781
2021-11-03,374.36039619121465,376.9238400284038,363.71966141575376,369.7655334472656,11925,CCL.BO,363.42256818498885,377.06896158854175,376.0532836914063
2021-11-04,372.3773831572325,377.3591760904333,372.2322586035327,375.13427734375,1550,CCL.BO,367.34720284598217,377.02865600585943,369.7655334472656
2021-11-08,372.4257452944664,377.1173482497509,363.3327589758648,373.9251098632813,13805,CCL.BO,369.95210920061385,376.64171956380216,375.13427734375
2021-11-09,375.0375633288113,376.6820228863096,369.76555086071306,372.2806396484375,7328,CCL.BO,372.5501142229353,376.4514760335287,373.9251098632813
2021-11-10,372.6675363689497,375.6662946747923,369.8138730815969,374.0701904296875,10108,CCL.BO,373.393075125558,376.354741414388,372.2806396484375
2021-11-11,373.6349100074346,377.21407823526766,370.3943165342659,372.37738037109375,14619,CCL.BO,373.3723449707031,376.36602884928385,374.0701904296875
2021-11-12,375.3760909715008,383.066452005717,372.4257172277804,376.3918151855469,18490,CCL.BO,373.4207066127232,376.4675984700521,372.37738037109375
2021-11-15,383.06645815332814,393.7071931020317,378.8585252467143,388.3384704589844,33425,CCL.BO,376.073983328683,377.0093088785807,376.3918151855469
2021-11-16,394.52944736020703,399.5112402141533,387.1293055945529,391.9660034179688,71801,CCL.BO,378.478515625,377.7170786539713,388.3384704589844
2021-11-17,395.2549285243925,399.5112164516671,393.12676980032575,395.3032836914063,34247,CCL.BO,381.5325404575893,378.3103800455729,391.9660034179688
2021-11-18,399.801446661553,402.4132754015908,384.27565782038926,387.6613464355469,15910,CCL.BO,383.7297842843192,378.6940907796224,395.3032836914063
2021-11-22,387.7097441972579,387.7097441972579,371.9904739001245,373.4898681640625,9492,CCL.BO,383.6468811035156,378.10401509602866,387.6613464355469
2021-11-23,369.4270155025022,383.405085596594,369.04008553717335,375.908203125,5869,CCL.BO,384.15128435407365,377.4736328125,373.4898681640625
2021-11-24,380.16443219083743,384.0337902792938,370.0073672086395,371.8453063964844,11791,CCL.BO,383.5017830984933,376.5611083984375,375.908203125
2021-11-25,376.7303941074634,376.7303941074634,368.0243382833728,370.345947265625,6563,CCL.BO,380.9314226422991,375.66954345703124,371.8453063964844
2021-11-26,367.5890382907298,367.5890382907298,337.60151148280187,363.5745849609375,12049,CCL.BO,376.87550571986606,374.4942270914714,370.345947265625
2021-11-29,348.24222375333363,368.3145185946716,341.4708471803521,366.7184143066406,20873,CCL.BO,372.79195295061385,373.27537943522134,363.5745849609375
2021-11-30,367.58903871177336,395.4484066794792,365.1706897728801,390.4666137695313,13140,CCL.BO,373.1927054268973,373.0367696126302,366.7184143066406
2021-12-01,389.3058364606947,391.8692805138555,373.683278198371,383.3083190917969,9248,CCL.BO,374.59534127371654,372.7030385335286,390.4666137695313
2021-12-02,377.5525979781241,385.7266286250422,376.2467132596544,377.6009826660156,10676,CCL.BO,374.837166922433,372.3048166910807,383.3083190917969
2021-12-03,374.2636319006913,381.7605127303312,374.2636319006913,377.2623901367188,6128,CCL.BO,375.6110360281808,372.26128540039065,377.6009826660156
2021-12-06,379.1970658735795,386.93578150365255,370.5393659540924,372.4256896972656,14330,CCL.BO,375.90814208984375,372.4773244222005,377.2623901367188
2021-12-07,377.26243388896086,381.615461972295,372.61921574174886,379.1971130371094,14498,CCL.BO,378.13993181501115,373.2995635986328,372.4256896972656
2021-12-08,383.0665018490293,384.5175113257301,375.5696195527415,376.92388916015625,12668,CCL.BO,379.5978567940848,374.3491271972656,379.1971130371094
2021-12-09,379.8742236489597,381.47032787857216,372.9577227858755,375.8597412109375,11118,CCL.BO,377.5111607142857,375.289057413737,376.92388916015625
2021-12-10,383.21155232167575,399.2210393984169,377.3591599213453,394.8680114746094,24988,CCL.BO,379.1625453404018,376.594965616862,375.8597412109375
2021-12-13,396.6092222556706,402.3165197937142,388.8705057238527,392.1594543457031,28606,CCL.BO,381.24232700892856,377.8637939453125,394.8680114746094
2021-12-14,391.53069285169113,392.20784236231145,385.0011507226018,388.0966491699219,11639,CCL.BO,382.79007829938615,378.5280334472656,392.1594543457031
2021-12-15,389.16071055203656,401.6877702215967,384.7109719940859,398.7373962402344,34118,CCL.BO,386.5488935198103,379.40186360677086,388.0966491699219
2021-12-16,404.29959558936537,406.2826299510197,391.2405110552255,393.803955078125,12423,CCL.BO,388.63558523995533,379.99355265299477,398.7373962402344
2021-12-17,397.28637802798806,397.5765680941648,378.4716113548467,386.30706787109375,30214,CCL.BO,389.97603934151783,380.54493713378906,393.803955078125
2021-12-20,384.9527855993931,384.9527855993931,366.3798544373912,368.94329833984375,719934,CCL.BO,388.98797607421875,380.3385711669922,386.30706787109375
2021-12-21,369.6687946591713,380.16443444038697,369.6687946591713,374.4087524414063,17763,CCL.BO,386.0652247837612,380.354692586263,368.94329833984375
2021-12-22,374.9407894861515,393.56207453247015,374.9407894861515,391.6757507324219,6523,CCL.BO,385.9961242675781,381.0011962890625,374.4087524414063
2021-12-23,390.90193509271074,390.9986749560982,384.0338180842607,386.8874816894531,3757,CCL.BO,385.8233860560826,381.4284393310547,391.6757507324219
2021-12-24,386.93583554441824,387.6129850649656,381.3252777373688,384.5174865722656,10775,CCL.BO,383.7919703892299,381.83310953776044,386.8874816894531
2021-12-27,381.131809495102,425.62943192346415,377.93960056402096,417.60052490234375,81342,CCL.BO,387.1914803641183,383.20673319498695,384.5174865722656
2021-12-28,421.3246924551102,428.7248629840118,410.9741778851798,425.7261047363281,126881,CCL.BO,392.82277134486606,384.45298767089844,417.60052490234375
2021-12-29,429.8856399982053,430.4176944011927,416.05269785424383,419.5351257324219,57146,CCL.BO,400.05017525809154,385.37195841471356,425.7261047363281
2021-12-30,419.29337437549566,421.566598889,408.6042537529146,409.474853515625,16164,CCL.BO,405.0596182686942,385.84434407552084,419.5351257324219
2021-12-31,415.9560056559669,422.6306426332511,403.47733139046,415.4239807128906,45614,CCL.BO,408.4522225516183,386.76976521809894,409.474853515625
2022-01-03,412.086623339852,418.6645200730837,406.3793262447159,411.9415283203125,22391,CCL.BO,412.0313720703125,388.0514872233073,415.4239807128906
2022-01-04,414.0696549930804,417.89065776945455,406.28258394252526,411.5545959472656,13361,CCL.BO,415.89381626674106,389.2397003173828,411.9415283203125
2022-01-05,413.0056400563413,414.9886743609104,401.9295902026999,405.60546875,19312,CCL.BO,414.18023681640625,390.3650390625,411.5545959472656
2022-01-06,403.3806156509217,408.16895850836016,397.18964807747807,405.6538696289063,18425,CCL.BO,411.3127746582031,391.54196980794273,405.60546875
2022-01-07,405.6538023577317,417.55206572854416,403.38054875672975,411.4094543457031,18299,CCL.BO,410.15196446010043,393.13646545410154,405.6538696289063
2022-01-10,415.956003326504,423.3561449233732,413.0539846986446,419.5835266113281,34429,CCL.BO,411.5960606166295,394.8986358642578,411.4094543457031
2022-01-11,419.6318798996684,419.6318798996684,405.3152665413952,408.21728515625,12734,CCL.BO,410.56653267996654,395.4903249104818,419.5835266113281
2022-01-12,410.1519642328199,411.3127834871058,406.9113708753933,408.21728515625,13279,CCL.BO,410.0344979422433,396.32062377929685,408.21728515625
2022-01-13,414.9886350486317,416.7298342964366,408.6525732915471,410.9741821289063,6248,CCL.BO,409.9515816824777,397.4330637613932,408.21728515625
2022-01-14,410.1519694886617,413.2958230283743,403.8159072400465,406.8146362304688,18364,CCL.BO,410.1243198939732,398.4181386311849,410.9741821289063
2022-01-17,405.31525987817554,431.4334269824971,405.31525987817554,422.6790161132813,82343,CCL.BO,412.55648367745533,400.09324951171874,406.8146362304688
2022-01-18,425.8228623885242,430.2726004998444,412.6670392015481,417.2619018554688,53162,CCL.BO,413.3925476074219,401.36207580566406,422.6790161132813
2022-01-19,417.2619021575607,425.3391929434197,411.1676455522753,421.8083801269531,27487,CCL.BO,413.7103838239397,402.8582255045573,417.2619018554688
2022-01-20,426.98368874180113,436.850564359364,416.4880482954702,429.3052978515625,48483,CCL.BO,416.7229570661272,404.6397440592448,421.8083801269531
2022-01-21,438.5917273977244,461.3242058551451,429.25690704172126,446.2337036132813,158542,CCL.BO,422.1538739885603,406.3519337972005,429.3052978515625
2022-01-24,451.36065022735966,460.2601565777949,427.1287762347405,434.7707824707031,187605,CCL.BO,425.5533883231027,407.7723114013672,446.2337036132813
2022-01-25,403.7675254978901,444.2506918936202,403.7675254978901,431.7236328125,61958,CCL.BO,429.11181640625,409.22654418945314,434.7707824707031
2022-01-27,430.4661011806232,443.0415153724167,424.0332990559163,440.2362365722656,57757,CCL.BO,431.61999075753346,410.6098388671875,431.7236328125
2022-01-28,448.845536175997,453.6822337641004,427.4189717648707,433.46484375,33348,CCL.BO,433.93469674246654,411.93186848958334,440.2362365722656
2022-01-31,440.6713978971559,476.21726756178833,440.6713978971559,457.9087219238281,210954,CCL.BO,439.0918884277344,414.31859029134114,433.46484375
2022-02-01,458.73652429053305,464.2388544657391,449.0953207914116,459.4669189453125,56309,CCL.BO,443.4006914411272,417.33604431152344,457.9087219238281
2022-02-02,466.0891439127552,501.440260173963,459.51559255193337,496.4735412597656,265723,CCL.BO,450.5778111049107,421.4048706054688,459.4669189453125
2022-02-03,495.98658393228607,496.6682974048916,474.5129959030068,486.78363037109375,135587,CCL.BO,458.00821794782365,424.57513326009115,496.4735412597656
2022-02-04,486.78368546144986,494.7206345801369,478.8954174306738,487.1245422363281,35029,CCL.BO,465.9226335797991,427.91636861165364,486.78363037109375
2022-02-07,490.5330294191819,491.9938186316037,464.0927208984808,468.28033447265625,27565,CCL.BO,469.9289332798549,430.7084635416667,487.1245422363281
2022-02-08,472.3218567674603,472.3218567674603,450.6048018390753,457.665283203125,55350,CCL.BO,473.3861389160156,432.04395548502606,468.28033447265625
2022-02-09,464.4823057760741,476.996376719701,462.3884840510311,472.6627197265625,57169,CCL.BO,475.4938528878348,433.60850931803384,457.665283203125
2022-02-10,474.3669605063221,483.1316958605845,458.9312817440157,465.11529541015625,57748,CCL.BO,476.30076381138394,435.1278483072917,472.6627197265625
2022-02-11,438.431537920281,467.8907863931343,438.431537920281,462.9727783203125,29939,CCL.BO,471.5149405343192,436.91111246744794,465.11529541015625
2022-02-15,444.9563693297443,468.4750687104883,444.9563693297443,453.9645690917969,40893,CCL.BO,466.82650320870533,438.1957987467448,462.9727783203125
2022-02-16,459.661640176546,461.36589413906495,440.7687736217303,445.8328247070313,34056,CCL.BO,460.9276864188058,439.3255086263021,453.9645690917969
2022-02-17,447.1475412246469,453.8184841131954,443.10603062554486,449.2413330078125,619833,CCL.BO,458.2078290666853,440.58173319498695,445.8328247070313
2022-02-18,447.78056098387935,452.3090311796097,443.3008313121363,445.1024475097656,7055,CCL.BO,456.4131382533482,441.89829915364584,449.2413330078125
2022-02-21,441.40179794776674,457.0809411161326,440.7200844413818,447.0501708984375,46238,CCL.BO,452.7542027064732,443.27817586263023,445.1024475097656
2022-02-22,438.23673568183136,450.4586594223591,436.14294388865096,443.2521057128906,34212,CCL.BO,449.6308898925781,444.3395975748698,447.0501708984375
2022-02-23,449.9230856358963,452.9907370939926,439.6975609623532,442.9112854003906,9179,CCL.BO,446.7649623325893,445.1171895345052,443.2521057128906
2022-02-24,419.9768638101918,438.5775841860991,409.2644104724246,414.3284912109375,95932,CCL.BO,441.10266549246654,445.3208964029948,442.9112854003906
2022-02-25,414.3285662134393,433.46490083239655,414.3285662134393,426.4044189453125,12430,CCL.BO,438.3271789550781,445.92713419596356,414.3284912109375
2022-02-28,432.39361145804224,438.4315521546237,415.49714344471295,435.55865478515625,18420,CCL.BO,436.3725106375558,446.7466166178385,426.4044189453125
2022-03-02,432.8318490303655,441.8887301234757,411.699086853332,413.2085571289063,31707,CCL.BO,431.81624058314736,446.9597473144531,435.55865478515625
2022-03-03,424.6027225801408,424.6027225801408,404.151674015501,405.2716064453125,22294,CCL.BO,425.8478742327009,446.37950032552084,413.2085571289063
2022-03-04,400.25623281486105,407.0732489455278,374.2541736856709,395.9225463867188,80113,CCL.BO,419.08650861467635,445.6681884765625,405.2716064453125
2022-03-07,371.0404433857344,385.112724058244,367.5345434885171,371.8195190429688,67558,CCL.BO,408.9305419921875,444.00189310709635,395.9225463867188
2022-03-08,382.7267404132924,382.7267404132924,358.0393989235835,366.8528442382813,33741,CCL.BO,402.1483067103795,441.92014465332034,371.8195190429688
2022-03-09,379.2695464267593,379.2695464267593,360.8148993365915,363.2008666992188,45942,CCL.BO,393.11922781808033,439.1523834228516,366.8528442382813
2022-03-10,368.3136392342051,385.6483247729351,368.3136392342051,377.0296630859375,51089,CCL.BO,384.7579432896205,437.22767944335936,363.2008666992188
2022-03-11,379.8052000305741,381.50945413327537,366.6580969525927,368.2162780761719,20528,CCL.BO,378.3304748535156,435.1107676188151,377.0296630859375
2022-03-14,368.6058175395646,376.348012385066,367.7293499411651,369.3362121582031,29641,CCL.BO,373.1968470982143,432.7474334716797,368.2162780761719
2022-03-15,376.8836246340359,382.7267816051062,372.014327158144,379.26959228515625,45614,CCL.BO,370.81785365513394,430.9409250895182,369.3362121582031
2022-03-16,384.6744529157746,387.2551743141551,380.0973019678323,383.11627197265625,23126,CCL.BO,372.43167550223217,428.4478434244792,379.26959228515625
2022-03-17,383.8466858699656,396.7990340358114,383.8466858699656,390.6150207519531,17815,CCL.BO,375.8262721470424,426.1527801513672,383.11627197265625
2022-03-21,398.3085079912757,398.3085079912757,379.8538598528916,382.3372192382813,32084,CCL.BO,378.5600367954799,422.3482360839844,390.6150207519531
2022-03-22,380.1947033047218,383.797994967808,378.3443763911764,379.9025573730469,26092,CCL.BO,378.970450265067,418.78553365071616,382.3372192382813
2022-03-23,389.54379005361136,395.82519555615886,380.876446668885,392.12451171875,18258,CCL.BO,382.3859122140067,415.6188659667969,379.9025573730469
2022-03-24,392.2706253233249,397.8703178853029,386.4761786780491,395.4356689453125,15580,CCL.BO,386.1144060407366,413.1907104492187,392.12451171875
2022-03-25,398.9902549822416,398.9902549822416,389.78727068219865,391.97845458984375,19573,CCL.BO,387.9299577985491,411.0011494954427,395.4356689453125
2022-03-28,393.5852979415504,397.4320547270407,385.6970303089221,387.8882141113281,10255,CCL.BO,388.6116638183594,408.1753326416016,391.97845458984375
2022-03-29,392.0758281381595,403.8595336562684,389.93332541856427,398.1137390136719,20986,CCL.BO,389.6829092843192,405.9419474283854,387.8882141113281
2022-03-30,403.177805564336,413.2572566474107,399.3310489131689,401.3761596679688,41733,CCL.BO,392.4027579171317,403.88872680664065,398.1137390136719
2022-03-31,398.6006327391862,405.2715754427313,390.6636847283244,393.0496520996094,25808,CCL.BO,394.2809143066406,401.8582295735677,401.3761596679688
2022-04-01,395.28956944694073,407.02459438271,393.87749098833393,404.4925537109375,11924,CCL.BO,396.0477774483817,400.4802205403646,393.0496520996094
2022-04-04,406.3428545996813,409.9948275289774,391.4914980205437,399.3310546875,23410,CCL.BO,396.60426112583707,398.81654459635416,404.4925537109375
2022-04-05,404.15168245984574,411.89387718044327,397.3346661291977,398.9415283203125,43154,CCL.BO,397.59898594447543,397.27784729003906,399.3310546875
2022-04-06,398.9415198826759,404.9794603929087,398.4545901550711,403.5673522949219,9656,CCL.BO,399.83886282784596,395.8284200032552,398.9415283203125
2022-04-07,403.9081905829982,405.8559094043749,392.708807360082,397.77288818359375,19625,CCL.BO,399.7901698521205,394.31244608561195,403.5673522949219
2022-04-08,400.25625608487326,403.81083732998144,396.3608180694487,398.552001953125,41449,CCL.BO,399.38671875,392.83380330403645,397.77288818359375
2022-04-11,398.3085198731059,407.56018476013406,398.3085198731059,402.6908874511719,687329,CCL.BO,400.7640380859375,392.4458831787109,398.552001953125
2022-04-12,402.6908831860646,407.0245696330735,395.63040216285066,404.1516723632813,668229,CCL.BO,400.715340750558,391.7041249593099,402.6908874511719
2022-04-13,408.0471201829526,417.0066392443538,402.1065714391865,404.3464660644531,33923,CCL.BO,401.4318280901228,390.66371866861977,404.1516723632813
2022-04-18,405.9533298358451,405.9533298358451,390.2741862772468,393.2444458007813,31324,CCL.BO,400.6179591587612,389.9982482910156,404.3464660644531
2022-04-19,399.18501246849314,399.18501246849314,360.3280234511105,370.3587646484375,49996,CCL.BO,395.8738752092635,388.83448689778646,393.2444458007813
2022-04-20,378.73394073317377,400.2562408956149,353.99791621789785,381.0711975097656,93986,CCL.BO,393.4879193987166,388.3394419352214,370.3587646484375
2022-04-21,381.75295446017714,386.1353225598475,370.7970342110011,378.685302734375,30184,CCL.BO,390.6498195103237,388.56830139160155,381.0711975097656
2022-04-22,382.7267479186046,388.5699043753772,375.2280185778142,378.4417724609375,21167,CCL.BO,387.18566022600453,388.95459899902346,378.685302734375
2022-04-25,375.13068681890985,381.7529194520842,367.1450271261117,369.62835693359375,44569,CCL.BO,382.2537580217634,389.1688486735026,378.4417724609375
2022-04-26,371.0404470032841,390.6150277104158,371.0404470032841,388.27777099609375,23771,CCL.BO,379.9582301548549,389.5437856038412,369.62835693359375
2022-04-27,388.5212361002325,392.95228467141993,379.0747876291208,386.2813415527344,35795,CCL.BO,378.9635009765625,390.1459543863932,388.27777099609375
2022-04-28,387.5960867745536,400.9379740112594,379.7078187630645,397.0912170410156,47051,CCL.BO,382.7824227469308,391.0711212158203,386.2813415527344
2022-04-29,395.240867070046,410.9686913766308,392.4653616701,397.8702697753906,58164,CCL.BO,385.18229021344865,391.69114379882814,397.0912170410156
2022-05-04,383.7980317555454,389.3490130282535,375.6176179664056,377.85748291015625,23927,CCL.BO,385.0640302385603,391.51585083007814,397.8702697753906
2022-05-05,381.75291895541744,382.4346324843424,364.028664401697,366.5120239257813,35379,CCL.BO,383.35978044782365,390.71241760253906,377.85748291015625
2022-05-06,350.78420742598934,356.67604557416144,341.3864393776564,349.9564208984375,88173,CCL.BO,380.5495038713728,389.6330576578776,366.5120239257813
2022-05-09,348.6417271789626,348.6417271789626,328.2880680446048,335.8354797363281,51552,CCL.BO,373.0577479771205,388.164155069987,349.9564208984375
2022-05-10,331.3556953935772,338.36749569248417,323.95435723802734,326.97332763671875,37577,CCL.BO,364.5851745605469,385.99244893391926,335.8354797363281
2022-05-11,325.0256231774944,333.5955752864503,307.3500783778763,315.4818115234375,42606,CCL.BO,352.9266880580357,383.3273203531901,326.97332763671875
2022-05-12,315.53049455954624,323.126587170268,307.73961815066855,316.3095703125,39670,CCL.BO,341.27515956333707,380.805024210612,315.4818115234375
2022-05-13,315.33573159232736,325.26911155777503,315.33573159232736,321.22760009765625,27455,CCL.BO,333.18517630440846,378.5830037434896,316.3095703125
2022-05-16,329.115831538488,329.115831538488,315.9200174164118,318.159912109375,13774,CCL.BO,326.2777317592076,375.917876180013,321.22760009765625
2022-05-17,323.7595879236699,343.62631487526386,322.4935527994066,341.04559326171875,24785,CCL.BO,325.00475638253346,373.9068572998047,318.159912109375
2022-05-18,347.3269571649861,361.496629597292,336.95536025710777,357.35772705078125,38236,CCL.BO,328.07936314174106,372.7171264648438,341.04559326171875
2022-05-19,356.3351701870723,361.44793234801233,348.44690262336985,356.0917053222656,14612,CCL.BO,332.23913138253346,371.103764851888,357.35772705078125
2022-05-20,361.1071170957297,361.39929279897706,351.6119862769845,354.29010009765625,13766,CCL.BO,337.7831726074219,369.60239969889324,356.0917053222656
2022-05-23,355.5561056729913,357.89336250456466,342.70114851958795,343.7723999023437,7730,CCL.BO,341.70643397739957,367.7634287516276,354.29010009765625
2022-05-24,345.3792334060758,348.5929872871921,332.3295232713994,336.0788879394531,6263,CCL.BO,343.8280465262277,365.51381327311196,343.7723999023437
2022-05-25,339.9743503843246,342.7498558460655,326.6324636214763,334.71551513671875,9847,CCL.BO,346.19313267299106,363.4119008382161,336.0788879394531
2022-05-26,333.0599480111268,338.22139145786883,325.2690720342584,332.67041015625,15310,CCL.BO,344.9966779436384,361.2158477783203,334.71551513671875
2022-05-27,333.8389966405711,342.79851517512606,329.31055629032045,340.315185546875,12061,CCL.BO,342.56202915736606,359.13665771484375,332.67041015625
2022-05-30,345.7201233335785,352.0015290116572,334.5207390565753,349.1286315917969,27614,CCL.BO,341.5673043387277,357.30255635579425,340.315185546875
2022-05-31,342.79854474128734,350.5894207581348,333.546879471281,342.3116149902344,16533,CCL.BO,339.85609218052457,355.23472798665364,349.1286315917969
2022-06-01,347.8139111369537,358.76983040661736,347.52176517769595,355.7021789550781,9228,CCL.BO,341.5603463309152,353.9833190917969,342.3116149902344
2022-06-02,360.3280101911605,363.054804866836,348.98255311154054,350.8815612792969,13598,CCL.BO,343.67501395089283,353.3340789794922,355.7021789550781
2022-06-03,354.3387450377774,354.48481800232884,348.64166166163113,350.6380615234375,9294,CCL.BO,345.9496634347098,352.31964111328125,350.8815612792969
2022-06-06,349.4694809149064,358.1855054432963,340.85081855881,351.758056640625,8266,CCL.BO,348.6764700753348,351.4220662434896,350.6380615234375
2022-06-07,356.9681903674235,356.9681903674235,348.9825602427177,355.361328125,4535,CCL.BO,350.825919015067,350.65271809895836,351.758056640625
2022-06-08,355.0204670273267,357.69858063867485,350.784201999788,356.8221130371094,5251,CCL.BO,351.92498779296875,350.22584330240886,355.361328125
2022-06-09,355.41004890906373,358.4777004979549,347.9599996962551,352.1476135253906,7906,CCL.BO,353.3301304408482,349.02150472005206,356.8221130371094
2022-06-10,352.3423282972774,353.170114753011,347.27827711601105,351.66064453125,5767,CCL.BO,352.75276838030135,347.8674814860026,352.1476135253906
2022-06-13,345.72011999735025,345.72011999735025,335.98152506784743,340.0717468261719,14120,CCL.BO,351.20850917271207,345.9668324788411,351.66064453125
2022-06-14,337.4422971795928,345.72010244951065,334.9102566824751,342.5063781738281,5508,CCL.BO,350.04684012276783,344.1213694254557,340.0717468261719
2022-06-15,343.62630212793545,349.37206675924324,343.2367643040865,345.4279479980469,5557,CCL.BO,349.14253888811385,343.04038492838544,342.5063781738281
2022-06-16,346.6939427260424,348.10605072901024,339.4386783849952,340.1203918457031,7664,CCL.BO,346.9652622767857,342.16066385904946,345.4279479980469
2022-06-17,336.4684466968732,347.3756846427077,334.4233358670502,342.7011413574219,13678,CCL.BO,344.94798060825894,341.9188212076823,340.1203918457031
2022-06-20,341.678580093626,341.7272611762153,334.08245886036707,337.490966796875,4508,CCL.BO,342.8541739327567,341.9740041097005,342.7011413574219
2022-06-21,339.5847960082761,350.3459308497092,339.5847960082761,343.67498779296875,4086,CCL.BO,341.71336582728793,342.5307261149089,337.490966796875
2022-06-22,341.3377630035531,349.4207851610674,338.2701114483439,341.3864440917969,6164,CCL.BO,341.9011797223772,343.3942138671875,343.67498779296875
2022-06-23,341.3377106596576,344.6488265879965,340.850780972554,343.8697509765625,6396,CCL.BO,342.095947265625,344.31288655598956,341.3864440917969
2022-06-24,345.13577418337303,352.58579283865663,345.0870931000685,348.25213623046875,24481,CCL.BO,342.49940272739957,345.2137044270833,343.8697509765625
2022-06-27,355.4587186026793,373.76726537154144,351.4172076091087,369.5796813964844,40096,CCL.BO,346.70787266322543,346.9276967366537,348.25213623046875
2022-06-28,366.70675831633656,382.0450444157052,365.732898881456,373.2316284179688,38417,CCL.BO,351.06937081473217,348.0005645751953,369.5796813964844
2022-06-29,397.3346295027888,397.3346295027888,368.0214560391318,372.5498962402344,18902,CCL.BO,356.0777893066406,348.50697021484376,373.2316284179688
2022-06-30,374.6437332572698,378.97738987323584,369.1901145249794,372.6960144042969,17507,CCL.BO,360.22365025111606,349.06044718424477,372.5498962402344
2022-07-01,369.3848831187664,374.8872128708723,365.197299307968,372.8421020507813,8554,CCL.BO,364.7173156738281,349.67884724934896,372.6960144042969
2022-07-04,371.04042722852967,378.1982996820224,370.0665678394784,372.25775146484375,7207,CCL.BO,368.77274431501115,350.62835896809895,372.8421020507813
2022-07-05,370.7482760213335,376.8835781970749,370.7482760213335,374.01068115234375,6558,CCL.BO,372.4525364467076,351.8927520751953,372.25775146484375
2022-07-06,373.9620276277573,402.0578786161528,367.4858682495242,394.2182922363281,35111,CCL.BO,375.9723379952567,353.8761779785156,374.01068115234375
2022-07-07,399.1850179218394,399.1850179218394,387.5960953856816,392.4653930664063,13983,CCL.BO,378.7200186593192,355.8693440755208,394.2182922363281
2022-07-08,393.4392263905572,399.91538593049466,389.3490047233164,392.7088317871094,9879,CCL.BO,381.59986659458707,357.6157989501953,392.4653930664063
2022-07-11,394.41307695726505,401.47355796452473,386.8169851408356,390.51763916015625,17429,CCL.BO,384.14581298828125,358.9954325358073,392.7088317871094
2022-07-12,393.2444263762259,396.3607884435673,388.42384002435153,393.1470642089844,8672,CCL.BO,387.04652186802457,360.6899475097656,390.51763916015625
2022-07-13,394.60785386992177,398.11372405046137,391.7349566566021,394.5591430664063,6555,CCL.BO,390.2324349539621,361.9851796468099,393.1470642089844
2022-07-14,394.46174560596114,406.4402342863349,393.24442133274215,398.3085021972656,63709,CCL.BO,393.7035522460938,363.5660776774088,394.5591430664063
2022-07-15,401.7170354666715,402.88567873050766,392.1732244513964,401.7657165527344,8857,CCL.BO,394.7817557198661,365.2703328450521,398.3085021972656
2022-07-18,404.58986247288647,405.9532595637481,397.9676013289724,401.2787170410156,13635,CCL.BO,396.0408020019531,366.9210215250651,401.7657165527344
2022-07-19,408.8262094640057,408.8262094640057,395.24088716284353,399.67193603515625,6923,CCL.BO,397.0355311802455,368.398041788737,401.2787170410156
2022-07-20,404.492550926656,405.12555366028346,399.1850047419713,403.6647644042969,8062,CCL.BO,398.91369192940846,369.95946350097654,399.67193603515625
2022-07-21,405.5637662626929,412.9163929761039,401.765690758982,405.4176635742188,12340,CCL.BO,400.6666346958705,371.7351318359375,403.6647644042969
2022-07-22,405.12554920496046,407.07326819152274,398.4059246452872,400.0127868652344,4735,CCL.BO,401.4457266671317,373.34686991373695,405.4176635742188
2022-07-25,399.3797566692155,405.27159431039246,390.4202380593316,402.5447998046875,7993,CCL.BO,402.0509120396205,375.42930501302084,400.0127868652344
2022-07-26,403.1778076427888,408.8261804996103,396.8477212909093,407.6088562011719,10969,CCL.BO,402.8856462751116,377.59938761393227,402.5447998046875
2022-07-27,408.8261828465567,408.8261828465567,400.9379451232573,407.0245666503906,12463,CCL.BO,403.70648193359375,379.65260823567706,407.6088562011719
2022-07-28,414.8641035061992,415.8379629041011,403.8107933960469,413.7441711425781,20360,CCL.BO,405.71680123465404,382.1067342122396,407.0245666503906
2022-07-29,414.8641225767858,443.0573653299719,409.3618226696751,435.1690979003906,41290,CCL.BO,410.21742030552457,385.1889994303385,413.7441711425781
2022-08-01,433.3674325491327,439.1619078610363,420.41511443054014,427.67034912109375,34360,CCL.BO,413.39637538364957,388.1949788411458,435.1690979003906
2022-08-02,425.3818005756254,427.6703762523972,417.7857086695662,423.7262573242188,13154,CCL.BO,416.7840140206473,390.8633544921875,427.67034912109375
2022-08-03,422.4602264743372,424.7975129797317,414.8154534057039,422.2654724121094,11590,CCL.BO,419.6012529645647,393.5593221028646,423.7262573242188
2022-08-04,423.6288860575667,429.32597012437657,418.6621966218906,426.9400024414063,16393,CCL.BO,422.3628452845982,396.328330485026,422.2654724121094
2022-08-05,428.4981615693053,434.2439264281999,420.5612129296584,431.1275939941406,14926,CCL.BO,425.80613490513394,399.0908457438151,426.9400024414063
2022-08-08,430.0076185809498,430.0076185809498,419.4899486456144,428.6929321289063,16664,CCL.BO,427.9416721888951,401.0612874348959,431.1275939941406
2022-08-10,428.7416164248894,432.9292001090796,420.8046679705301,429.2285461425781,18073,CCL.BO,427.09302193777904,402.92785135904955,428.6929321289063
2022-08-11,429.4720343684923,431.41975334522016,424.0671260960057,428.1573181152344,8660,CCL.BO,427.162588936942,404.7814320882162,429.2285461425781
2022-08-12,424.5540412914631,433.805706113882,421.9732899598701,428.01123046875,13653,CCL.BO,427.7747279575893,406.625272623698,428.1573181152344
2022-08-16,435.80210524323616,437.31157550754256,426.5991215239099,433.4161376953125,7218,CCL.BO,429.36768014090404,408.64440714518236,428.01123046875
2022-08-17,431.22494856020967,431.7605890846255,421.77852981499257,424.9435729980469,16029,CCL.BO,429.0824759347098,410.40060119628913,433.4161376953125
2022-08-18,423.2880056425821,424.4079380704656,416.2275246026592,419.4899597167969,3898,CCL.BO,427.41995675223217,411.91657714843757,424.9435729980469
2022-08-19,418.7596034812332,418.7596034812332,401.6683803898748,406.6350402832031,23755,CCL.BO,424.2688293457031,412.3304687500001,419.4899597167969
2022-08-22,406.0993892548812,447.92666437662,403.9082054999088,437.9932861328125,211446,CCL.BO,425.52093505859375,413.84806518554694,406.6350402832031
2022-08-23,438.9184577558147,454.354105972419,433.2213741363945,447.4397277832031,70483,CCL.BO,428.2755650111607,415.6724283854167,437.9932861328125
2022-08-24,443.1060630549983,453.9159092185483,443.05738196896925,448.6570739746094,29749,CCL.BO,431.22497122628346,417.6104095458985,447.4397277832031
2022-08-25,455.5037988444847,469.3439873875968,455.5037988444847,463.3286437988281,30499,CCL.BO,435.49818638392856,419.94979553222663,448.6570739746094
2022-08-26,463.622075369368,470.9578677011618,461.2257046012158,466.6052856445313,33790,CCL.BO,441.4498596191406,422.3513336181641,463.3286437988281
2022-08-29,439.1694414901329,468.4637179569137,430.4643070830402,461.17681884765625,24603,CCL.BO,447.4051252092634,424.44694417317714,466.6052856445313
2022-08-30,467.8768596683635,475.31046883278736,454.8191428238597,468.6593322753906,29188,CCL.BO,456.2657383510045,426.67673136393233,461.17681884765625
2022-09-01,469.3928860930096,471.7403336362563,462.3505434632695,468.21917724609375,10539,CCL.BO,460.58372279575894,428.90808003743496,468.6593322753906
2022-09-02,465.9206313808892,483.7710594563608,465.2359454875433,476.8753967285156,17868,CCL.BO,464.788818359375,431.48152872721363,468.21917724609375
2022-09-05,481.5213864864094,492.62289128249,480.9834403332759,488.4659423828125,18924,CCL.BO,470.4757995605469,434.3082346598308,476.8753967285156
2022-09-06,490.6178386697345,495.8996036260455,464.8936401380621,471.4469604492188,46339,CCL.BO,471.63555908203125,436.5092112223308,488.4659423828125
2022-09-07,468.51265623616655,489.0039837253029,461.4213895186045,486.5097961425781,51461,CCL.BO,474.4790605817522,439.3924448649089,471.4469604492188
2022-09-08,490.0309489582338,490.4221852629678,477.3644683777303,480.8367614746094,7522,CCL.BO,477.2876238141741,442.002176920573,486.5097961425781
2022-09-09,480.103174600626,490.862336982083,480.103174600626,488.1725463867188,22366,CCL.BO,480.0752258300781,444.6876332600912,480.8367614746094
2022-09-12,489.0039262689335,495.5572161420734,485.62944987385055,490.27545166015625,58204,CCL.BO,483.2261221749442,447.4626627604167,488.1725463867188
2022-09-13,490.0309272343057,496.1440875041948,489.1995314677177,494.8236389160156,16230,CCL.BO,485.79015677315846,450.165311686198,490.27545166015625
2022-09-14,480.6411351352445,517.7113352050118,480.6411351352445,506.2674865722656,84393,CCL.BO,488.33323451450894,452.5352579752605,494.8236389160156
2022-09-15,518.3470743830353,518.3470743830353,495.8017224054232,509.9842834472656,12432,CCL.BO,493.8385663713728,455.27905578613286,506.2674865722656
2022-09-16,501.8170739563639,520.3521873048261,501.034601403942,514.8258666992188,53769,CCL.BO,497.8837193080357,458.3157094319662,509.9842834472656
2022-09-19,527.3456189234653,530.1331957967416,510.08203248708617,513.1141357421875,58015,CCL.BO,502.4947727748326,461.34399820963546,514.8258666992188
2022-09-20,489.1017235332454,517.6624207561073,489.1017235332454,514.532470703125,24273,CCL.BO,506.2604762486049,464.2637471516927,513.1141357421875
2022-09-21,512.7230184413639,515.657335533132,490.6667170585909,496.3886413574219,12929,CCL.BO,507.1337890625,466.4391153971354,514.532470703125
2022-09-22,497.0243592060853,513.0163918819154,488.9060945917616,511.0601806640625,25016,CCL.BO,509.4532950265067,469.1846903483073,496.3886413574219
2022-09-23,514.4346895838904,517.0266337926487,487.8790967376535,493.5032043457031,25103,CCL.BO,507.6298261369978,471.3271789550781,511.0601806640625
2022-09-26,487.1455189167125,502.0127370988613,479.46741325659417,496.5353393554688,16956,CCL.BO,505.7085484095983,473.6064463297526,493.5032043457031
2022-09-27,496.9755153258398,502.8930727584257,495.06819725884577,499.76312255859375,13643,CCL.BO,503.55672781808033,475.9981760660807,496.5353393554688
2022-09-28,499.8119825957496,507.881354134722,485.678344142268,489.88421630859375,10793,CCL.BO,500.2381678989955,477.8804453531901,499.76312255859375
2022-09-29,488.9550188662018,497.1711005310917,481.0812801559773,486.2652282714844,13132,CCL.BO,496.19999040876115,479.92450052897135,489.88421630859375
2022-09-30,493.8944704936222,496.7798643133197,483.233094800569,493.5032043457031,6113,CCL.BO,495.7877851213728,482.3916086832682,486.2652282714844
2022-10-03,483.7221338960141,500.4966695561219,483.7221338960141,494.8236389160156,41438,CCL.BO,493.46827915736606,485.3312286376953,493.5032043457031
2022-10-04,498.1003262613198,502.3550621642835,491.49811280572055,494.4813232421875,7556,CCL.BO,493.6080104282924,487.2141632080078,494.8236389160156
2022-10-06,494.9214451816121,513.4565586751163,494.6280254345114,498.0024719238281,19674,CCL.BO,493.8176007952009,488.8995880126953,494.4813232421875
2022-10-07,498.83392981510855,502.50182635786666,493.0631118910528,495.7039794921875,4905,CCL.BO,493.2377232142857,490.4678181966146,498.0024719238281
2022-10-10,493.9433601865918,495.4105186821955,481.3746964377032,486.3141479492188,37446,CCL.BO,492.7277134486607,491.2340016682943,495.7039794921875
2022-10-11,486.3141731665032,489.9820695957072,469.5885594794492,474.1856384277344,35612,CCL.BO,491.00205775669644,491.48668009440104,486.3141479492188
2022-10-12,479.12504122676654,479.12504122676654,468.0724298734049,471.7403259277344,7600,CCL.BO,487.893075125558,491.8387969970703,474.1856384277344
2022-10-13,471.446949355793,482.84187483818135,468.1213959318805,478.4403991699219,11195,CCL.BO,485.5526123046875,492.1648325602213,471.7403259277344
2022-10-14,479.2717690349548,486.7542712959235,476.33745208167954,479.9075317382813,11846,CCL.BO,483.47064208984375,492.5544443766276,478.4403991699219
2022-10-17,478.3425679599171,481.0323585635857,471.3002250163255,474.4301452636719,20426,CCL.BO,480.10316685267856,492.4729359944661,479.9075317382813
2022-10-18,476.0929234576938,482.9396629835365,463.4753665870957,468.1213684082031,10742,CCL.BO,476.1627938406808,491.79478352864584,474.4301452636719
2022-10-19,468.4636918389009,478.1469313664634,468.4636918389009,474.0877990722656,13308,CCL.BO,474.41617257254467,491.8828114827474,468.1213684082031
2022-10-20,467.4856310475107,475.9462393788763,464.84473371891465,468.5615234375,11261,CCL.BO,473.6127275739397,491.28453572591144,474.0877990722656
2022-10-21,466.556384084486,472.425017846555,460.687750322417,470.9089660644531,11011,CCL.BO,473.4939618791853,490.9536092122396,468.5615234375
2022-10-24,476.1907544058256,476.1907544058256,463.1819310033175,468.708251953125,2457,CCL.BO,472.10365513392856,490.30479939778644,470.9089660644531
2022-10-25,462.1060380880321,475.70170100048745,462.1060380880321,470.6155395507813,15538,CCL.BO,470.77622767857144,489.64946899414065,468.708251953125
2022-10-27,472.66958539795655,488.0747503643669,472.66958539795655,485.6294860839844,6833,CCL.BO,472.37613351004467,489.34299723307294,470.6155395507813
2022-10-28,486.70537483177367,499.7141679680991,479.3206593037417,481.4725036621094,12946,CCL.BO,474.283438546317,488.51649780273436,485.6294860839844
2022-10-31,481.814897524108,491.9871913353122,480.4944487941792,489.5908203125,10737,CCL.BO,476.49815586635043,487.8367156982422,481.4725036621094
2022-11-01,492.2805946885344,497.3667563490786,487.0477529899611,492.0849914550781,11543,CCL.BO,479.858651297433,487.0786865234375,489.5908203125
2022-11-02,487.8302016659429,497.41562526768274,487.8302016659429,490.8623352050781,23002,CCL.BO,482.7091326032366,486.3369598388672,492.0849914550781
2022-11-03,493.6499078461068,493.6499078461068,487.0965883918326,489.00390625,5501,CCL.BO,485.6085117885045,485.4860076904297,490.8623352050781
2022-11-04,489.5907930236624,495.99740322681066,487.9769245990005,489.9331359863281,11380,CCL.BO,488.36816842215404,485.2708241780599,489.00390625
2022-11-07,490.0798067442482,512.5273425614677,489.5907539364606,507.5879211425781,36538,CCL.BO,491.50508771623885,485.1550821940104,489.9331359863281
2022-11-09,503.7244128393341,508.6638344623613,489.0528279993535,495.5083312988281,26385,CCL.BO,493.5102059500558,485.2219197591146,507.5879211425781
2022-11-10,489.0528567751703,496.82880913766246,483.2331158397787,490.5689086914063,14588,CCL.BO,493.6499328613281,485.0230387369792,495.5083312988281
2022-11-11,491.0090307596843,497.8557702324289,489.5907656434211,495.9973754882813,9367,CCL.BO,494.20884486607144,484.8975138346354,490.5689086914063
2022-11-14,498.8338822394937,498.8338822394937,491.0579303707,494.7747497558594,7820,CCL.BO,494.76776123046875,485.06053161621094,495.9973754882813
2022-11-15,484.9936694750631,495.9973575146583,484.9936694750631,493.5520935058594,9823,CCL.BO,495.4175022670201,485.3034271240234,494.7747497558594
2022-11-16,493.5032031219248,497.26891591568574,489.1017276134963,494.2857055664063,8254,CCL.BO,496.039297921317,485.3295104980469,493.5520935058594
2022-11-17,494.2856851933761,508.61492667698906,493.3564729067964,505.9740295410156,6334,CCL.BO,495.8087419782366,485.70119018554686,494.2857055664063
2022-11-18,509.5930726997812,511.0602312584178,481.7170600856857,487.1944580078125,9585,CCL.BO,494.6210457938058,485.4582946777344,505.9740295410156
2022-11-21,480.3476771521656,495.801734047016,475.16369944356313,492.67181396484375,10372,CCL.BO,494.9214608328683,485.2806060791016,487.1944580078125
2022-11-22,489.3951975316502,502.6974411456628,485.874011008909,491.7426452636719,8393,CCL.BO,494.3136422293527,485.1485616048177,492.67181396484375
2022-11-23,485.6294673922285,496.8776826490475,485.6294673922285,490.81341552734375,5927,CCL.BO,493.7477373395647,485.2985371907552,491.7426452636719
2022-11-24,501.6704131553186,510.082097889106,490.0309320085179,503.5287780761719,19469,CCL.BO,495.17297799246654,486.2766418457031,490.81341552734375
2022-11-25,499.12729872084793,506.9521438811162,493.4054045769341,494.4324035644531,7893,CCL.BO,495.19393484933033,487.0330444335938,503.5287780761719
2022-11-28,494.1389666556148,508.56602441899327,493.2586477261145,506.8543395996094,7302,CCL.BO,495.3196934291295,487.98017578125,494.4324035644531
2022-11-29,506.2674528578256,532.5785183220464,506.2674528578256,526.905517578125,58022,CCL.BO,500.9927019391741,489.54677530924477,506.8543395996094
2022-11-30,532.0405850254367,550.1355397126044,528.2259490767173,535.12158203125,47585,CCL.BO,507.0569545200893,491.5698232014974,526.905517578125
2022-12-01,531.1602763635299,535.6106452575356,512.5273751421183,517.466796875,29895,CCL.BO,510.7318333217076,493.2146708170573,535.12158203125
2022-12-02,531.0624805252905,531.0624805252905,515.950736124623,518.3471069335938,5694,CCL.BO,514.6652178083148,494.6899810791016,517.466796875
2022-12-05,510.96246490187815,522.7975205330064,494.3835605897357,497.6112976074219,40292,CCL.BO,513.8198634556362,495.65830688476564,518.3471069335938
2022-12-06,493.0141529597581,500.7901050065601,493.0141529597581,496.5353393554688,5673,CCL.BO,514.1202828543527,496.51251932779945,497.6112976074219
2022-12-07,493.4543048026584,500.10541134189714,493.4543048026584,496.6331481933594,6883,CCL.BO,512.6601126534599,497.44334920247394,496.5353393554688
2022-12-08,494.9214651879779,511.69600117813087,494.9214651879779,506.5119934082031,22887,CCL.BO,509.7467520577567,498.639897664388,496.6331481933594
2022-12-09,506.51197314693,513.8967183619168,497.6601291958211,499.9097900390625,8297,CCL.BO,504.7164960588728,499.11590779622395,506.5119934082031
2022-12-12,509.7397601348699,513.5543361766413,496.095174999744,511.8426513671875,8032,CCL.BO,503.91304670061385,500.1282460530599,499.9097900390625
2022-12-13,518.2982244256318,526.2208565650142,513.2609562871584,516.684326171875,7165,CCL.BO,503.6755065917969,501.03136291503904,511.8426513671875
2022-12-14,517.4179513607385,521.5749008754515,514.2391076141934,518.3960571289062,4462,CCL.BO,506.64475795200894,501.9083984375,516.684326171875
2022-12-15,519.471933903703,526.2208873797437,508.6149840845106,511.3536682128906,15874,CCL.BO,508.7616620744978,502.59144287109376,518.3960571289062
2022-12-16,518.2492759090859,518.2492759090859,496.926583809234,499.8609008789063,8675,CCL.BO,509.2227696010045,502.9533426920573,511.3536682128906
2022-12-19,501.7192800028933,507.9791200303729,497.6601178789678,501.5725402832031,5051,CCL.BO,508.5171334402902,503.34132283528646,499.8609008789063
2022-12-20,501.5236780030734,506.609839383339,498.54046767485465,504.9959411621094,10591,CCL.BO,509.2437264578683,503.2549235026042,501.5725402832031
2022-12-21,504.9470636579325,510.5711713887473,503.9689579656169,508.22369384765625,6724,CCL.BO,508.7267325265067,503.67876892089845,504.9959411621094
2022-12-22,528.17705078125,528.17705078125,491.9871417462384,495.1659851074219,6971,CCL.BO,505.6526838030134,503.8320048014323,508.22369384765625
2022-12-23,480.15205702517926,495.16598470411554,476.2396344299862,486.0206909179688,17136,CCL.BO,501.0276314871652,503.49944864908855,495.1659851074219
2022-12-26,484.2112122468969,507.5390688860173,483.0375033228455,506.3164367675781,5789,CCL.BO,500.3080269949777,503.88417154947916,486.0206909179688
2022-12-27,518.2982351994256,559.4275680152757,498.8339078564726,549.3041381835938,70227,CCL.BO,507.371346609933,505.74257303873696,506.3164367675781
2022-12-28,557.2268008200622,557.2268008200622,528.2748377568513,535.9530029296875,24966,CCL.BO,512.2828412737165,507.13148295084636,549.3041381835938
2022-12-29,535.9529814484276,545.8318242392812,521.9171301122961,525.5361328125,19207,CCL.BO,515.2171543666294,507.78355305989584,535.9530029296875
2022-12-30,529.693128737796,530.1821815867273,515.5105961187863,518.1026000976562,5347,CCL.BO,516.6284266880581,508.81382446289064,525.5361328125
2023-01-02,518.6404993283381,541.4303480851312,517.5646070376458,531.6492919921875,31865,CCL.BO,521.840327671596,510.1130737304687,518.1026000976562
2023-01-03,537.8602552165509,537.8602552165509,518.542670985043,528.3726196289062,7289,CCL.BO,527.89060320173,511.3340728759766,531.6492919921875
2023-01-04,528.1771024144026,534.3880500169631,518.8362044873968,533.0187377929688,4596,CCL.BO,531.7052176339286,512.7409169514974,528.3726196289062
2023-01-05,533.556644582207,536.9800144374549,523.5310614346953,529.693115234375,9949,CCL.BO,528.9036429268973,513.6130615234375,533.0187377929688
2023-01-06,525.2427228350899,530.6711971369157,503.5287659289571,507.4900817871094,20867,CCL.BO,524.8375113351004,514.0483174641927,529.693115234375
2023-01-09,521.2814021513572,521.2814021513572,504.1156604590498,508.3215026855469,7078,CCL.BO,522.3782784598214,514.0972229003906,507.4900817871094
2023-01-10,508.3215240145565,511.9894202436896,497.855781500997,505.38720703125,11378,CCL.BO,520.5617937360491,513.3799458821615,508.3215026855469
2023-01-11,500.8390205582835,517.4179244047822,500.8390205582835,513.40771484375,7916,CCL.BO,517.9558541434152,512.6561503092448,505.38720703125
2023-01-12,508.6149764060974,511.4025538395581,499.6163918068378,500.7901306152344,9343,CCL.BO,514.0154985700335,512.1002614339193,513.40771484375
2023-01-13,502.3550743334452,511.4515052961364,498.8339176180286,508.81060791015625,23786,CCL.BO,510.5571943010603,511.782378133138,500.7901306152344
2023-01-16,508.6149440499233,509.93536281359707,503.137576224303,504.9959411621094,4430,CCL.BO,507.0290265764509,512.0285329182942,508.81060791015625
2023-01-17,509.4952963969298,511.10913502503416,504.702554461463,507.24560546875,3356,CCL.BO,506.99410138811385,512.385541788737,504.9959411621094
2023-01-18,510.0332070210994,528.1281616840673,503.7244135907307,506.169677734375,26438,CCL.BO,506.6866978236607,512.7034261067708,507.24560546875
2023-01-19,505.2404266617096,515.461641937813,502.3061099144355,508.5660095214844,10362,CCL.BO,507.1408124651228,512.7718933105468,506.169677734375
2023-01-20,516.3908830316161,525.3405137915213,511.2558284369912,520.7923583984375,7931,CCL.BO,508.19576154436385,513.4679789225261,508.5660095214844
2023-01-23,518.2982560919424,537.4691047380978,517.9069899159651,532.28515625,26317,CCL.BO,512.695050920759,514.1493957519531,520.7923583984375
2023-01-24,528.470502352241,535.1216092301414,525.7807116539198,527.9325561523438,5125,CCL.BO,515.4267578125,514.524336751302,532.28515625
2023-01-25,533.0186884122066,533.0186884122066,518.3959969362205,521.4281005859375,17168,CCL.BO,517.7742091587612,514.6254048665364,527.9325561523438
2023-01-27,518.4448844223896,526.1719428859442,500.49666974283207,504.3601989746094,10070,CCL.BO,517.3620082310268,514.3922892252605,521.4281005859375
2023-01-30,515.2172070078924,520.1566291362593,505.7295692342823,517.7113647460938,5473,CCL.BO,519.0108206612723,514.9873046875,504.3601989746094
2023-01-31,521.3509592003837,535.1224939717146,513.5798548494819,532.7124633789062,12477,CCL.BO,522.4603140694754,516.0253021240235,517.7113647460938
2023-02-01,533.9420576008397,543.7788680210435,520.2196950568301,525.0889282226562,4459,CCL.BO,523.0741097586496,516.695068359375,532.7124633789062
2023-02-02,516.2849941664977,561.0917156820283,516.2849941664977,554.1075439453125,10515,CCL.BO,526.1915937151227,518.2245300292968,525.0889282226562
2023-02-03,554.7469831817059,569.7481203576997,539.1556013064567,559.7637329101562,16893,CCL.BO,530.7389046805246,520.377788289388,554.1075439453125
2023-02-06,559.812835100508,560.9440922702316,534.2863610898736,539.0571899414062,16792,CCL.BO,533.25734601702,522.1456715901693,559.7637329101562
2023-02-07,549.2382859235211,549.2382859235211,526.2693576026807,528.826904296875,14022,CCL.BO,536.7525896344866,522.8960205078125,539.0571899414062
2023-02-08,539.8932495117188,548.4021134945917,522.4329131627878,539.8932495117188,7768,CCL.BO,539.9214303152902,522.58232421875,528.826904296875
2023-02-09,539.8933069992719,543.0902703331491,531.0401777669965,534.6798095703125,6523,CCL.BO,540.2024797712054,522.5398844401042,539.8932495117188
2023-02-10,539.9916638387449,549.2382286481551,531.1877074208894,538.712890625,12892,CCL.BO,542.1487601143973,522.9791097005208,534.6798095703125
2023-02-13,538.5653813221053,543.6805348511635,535.4667619618615,538.8604736328125,2989,CCL.BO,539.9706072126116,523.6710388183594,538.712890625
2023-02-14,551.7958762902908,551.7958762902908,522.3837899838028,525.1873168945312,8300,CCL.BO,535.0311192103794,523.4556396484375,538.8604736328125
2023-02-15,531.8271924748535,533.4502302106624,523.1707510606957,526.3185424804688,3358,CCL.BO,533.2113124302456,523.3871704101563,525.1873168945312
2023-02-16,533.9420465309731,543.6805126607243,525.3348375917424,539.7457885742188,8279,CCL.BO,534.7711530412946,523.611405436198,526.3185424804688
2023-02-17,529.2695552745768,552.3860590031085,529.2695552745768,540.53271484375,4173,CCL.BO,534.8625052315848,523.972725423177,539.7457885742188
2023-02-20,541.9590634386436,541.9590634386436,532.8108420708325,534.9257202148438,5215,CCL.BO,534.8976353236607,524.8872467041016,540.53271484375
2023-02-21,543.9264515485636,543.9264515485636,523.7609899144463,526.1710205078125,6333,CCL.BO,533.105939592634,525.4822306315104,534.9257202148438
2023-02-22,529.2203543434082,542.0082067717805,526.0233912363151,539.4014282226562,8992,CCL.BO,533.1832188197544,526.6160380045573,526.1710205078125
2023-02-23,554.6977384081971,554.6977384081971,531.5320028898537,537.5816650390625,10185,CCL.BO,534.953839983259,527.4218363444011,539.4014282226562
2023-02-24,540.385138986302,546.3856291725359,536.5979911123412,541.4672241210938,3369,CCL.BO,537.117937360491,528.777739461263,537.5816650390625
2023-02-27,547.3693247966141,547.3693247966141,526.0234342956329,528.285888671875,2157,CCL.BO,535.4808088030134,529.4269154866537,541.4672241210938
2023-02-28,521.3510000423049,542.008303817566,521.3510000423049,537.8768310546875,5840,CCL.BO,535.1013968331473,530.5229451497396,528.285888671875
2023-03-01,526.416899078464,556.7634332160205,526.416899078464,553.1729736328125,6983,CCL.BO,537.7081473214286,532.053857421875,537.8768310546875
2023-03-02,550.9105054578241,554.9436333866785,542.5000453214982,544.4674072265625,7117,CCL.BO,540.3219168526786,533.3304484049479,553.1729736328125
2023-03-03,548.303877220186,555.9765779052112,540.0409318430014,551.2056884765625,5294,CCL.BO,542.0082397460938,534.7517710367839,544.4674072265625
2023-03-06,551.4515701618002,561.8786252689024,546.3856488003065,548.4513549804688,3737,CCL.BO,543.561052594866,535.6737375895183,551.2056884765625
2023-03-08,542.057356486991,557.7470790972869,542.057356486991,555.6321411132812,1630,CCL.BO,545.5846121651786,536.4519704182943,548.4513549804688
2023-03-09,557.9438873010465,582.8801771758817,550.3695314290505,570.0431518554688,21584,CCL.BO,551.5499354771206,537.8556569417318,555.6321411132812
2023-03-10,578.3061190640993,578.3061190640993,557.6488168085841,570.0923461914062,7731,CCL.BO,556.1521519252232,539.4777984619141,570.0431518554688
2023-03-13,560.7473525915681,570.3874145651027,541.2704804329726,558.8291625976562,16419,CCL.BO,556.9601789202009,541.2934305826823,570.0923461914062
2023-03-14,558.3865339428986,558.3865339428986,544.0739276108142,548.1070556640625,5283,CCL.BO,557.4801286969866,542.3066202799479,558.8291625976562
2023-03-15,541.12296413805,562.5180286578519,541.12296413805,557.894775390625,4086,CCL.BO,558.4357125418527,543.1460306803385,548.1070556640625
2023-03-16,548.697222697204,561.1899827881293,545.6478357634338,557.94384765625,4174,CCL.BO,559.7917829241071,544.2411946614583,557.894775390625
2023-03-17,558.2389712243689,569.2562105056967,554.5009954072552,555.8781127929688,9850,CCL.BO,559.826921735491,544.3002136230468,557.94384765625
2023-03-20,555.7797480271956,555.7797480271956,544.9592573576397,547.0249633789062,7789,CCL.BO,556.5386090959821,543.8755879720052,555.8781127929688
2023-03-21,537.1881394832276,562.0753153968191,537.1881394832276,554.5993041992188,6286,CCL.BO,554.3253173828125,544.3936584472656,547.0249633789062
2023-03-22,554.5992619738633,559.2717461019461,549.533341521622,551.303955078125,3130,CCL.BO,553.2502877371652,545.1428934733073,554.5993041992188
2023-03-23,550.5663513242262,551.8942968602564,545.8938658645998,546.9758911132812,5206,CCL.BO,553.0886928013393,545.3789815266927,551.303955078125
2023-03-24,548.1562626746065,554.8944538214881,546.4348208447625,548.4513549804688,6324,CCL.BO,551.7396327427456,545.8380330403646,546.9758911132812
2023-03-27,548.1563239517416,553.5665703074789,536.2045738956871,539.1064453125,3458,CCL.BO,549.0485752650669,545.851151529948,548.4513549804688
2023-03-28,538.0243762978449,551.8450834019578,533.7453275955828,549.2875366210938,13072,CCL.BO,548.1070643833706,546.198720296224,539.1064453125
2023-03-29,550.6645648932925,558.8291044901121,543.9755466708061,556.566650390625,6516,CCL.BO,549.4701625279018,547.244698079427,549.2875366210938
2023-03-31,557.7471857772389,561.8294863730946,550.7630739568796,558.5341186523438,13199,CCL.BO,550.0322788783482,548.3185506184896,556.566650390625
2023-04-03,556.8125831384714,580.3717536194935,556.8125831384714,568.46923828125,9722,CCL.BO,552.4844621930804,549.2759989420573,558.5341186523438
2023-04-05,557.7472083981804,568.4693568786308,552.2877900592522,560.4523315429688,4026,CCL.BO,554.40966796875,549.9399861653645,568.46923828125
2023-04-06,565.0755243013748,568.76432780229,551.8450037369345,554.4517822265625,8077,CCL.BO,555.2668718610491,550.5908548990885,560.4523315429688
2023-04-10,556.763469130716,558.780003256668,545.9429776811791,552.5828247070312,4498,CCL.BO,557.1920689174107,551.4712483723958,554.4517822265625
2023-04-11,555.6322317705767,556.7143169776684,550.517138206609,553.9600219726562,3003,CCL.BO,557.8595668247768,551.9565348307292,552.5828247070312
2023-04-12,560.6982259114584,560.6982259114584,550.1236541069878,553.3206176757812,3062,CCL.BO,557.3958478655134,552.4811665852865,553.9600219726562
2023-04-13,551.0581209226197,554.7960968010428,546.5823842771738,550.959716796875,5410,CCL.BO,556.3137904575893,552.7975830078125,553.3206176757812
2023-04-17,549.8285456298328,551.3532392792468,542.0082691219715,543.1395263671875,2528,CCL.BO,552.6952601841518,553.2927042643229,550.959716796875
2023-04-18,544.0247935732806,551.943414030744,539.2539644887263,549.9268798828125,7426,CCL.BO,551.1916242327009,553.6943725585937,543.1395263671875
2023-04-19,555.4355653000798,559.3210576709246,544.9593374153421,551.2056884765625,3801,CCL.BO,550.7278965541294,553.6287963867187,549.9268798828125
2023-04-20,551.8450607186993,552.0418089335543,543.9756124375058,548.3038330078125,9151,CCL.BO,550.1166120256696,553.7566772460938,551.2056884765625
2023-04-21,546.9266810492478,552.8287675353907,544.8117427093952,549.8285522460938,5034,CCL.BO,549.5264020647321,553.7107727050782,548.3038330078125
2023-04-24,556.714294009284,562.3212879190586,548.1070849492737,558.583251953125,12224,CCL.BO,550.2782069614956,554.0485026041666,549.8285522460938
2023-04-25,560.6982229301326,567.682334673786,558.2390201979829,561.1900634765625,2779,CCL.BO,551.7396850585938,554.2337666829427,558.583251953125
2023-04-26,560.7473958199935,594.8319697544838,559.51779445207,580.8145141601562,30931,CCL.BO,557.121826171875,554.5928120930989,561.1900634765625
2023-04-27,575.9944748340113,593.0613784976676,575.9944748340113,590.2086791992188,26492,CCL.BO,562.8763689313616,555.2633565266927,580.8145141601562
2023-04-28,591.6350036387914,598.0781027710152,587.4051869592564,594.2909545898438,18103,CCL.BO,569.0314069475446,556.4454162597656,590.2086791992188
2023-05-02,592.1760150853581,596.6517520287589,565.7642018833321,569.9940185546875,29806,CCL.BO,572.1300048828125,557.1749816894531,594.2909545898438
2023-05-03,568.6168075269712,574.0270531933346,551.894230012757,555.23876953125,8096,CCL.BO,572.9028930664062,557.0864481608073,569.9940185546875
2023-05-04,565.5674374855968,565.5674374855968,556.7634799902924,563.5509033203125,13175,CCL.BO,573.6125575474331,557.273350016276,555.23876953125
2023-05-05,560.7965316617398,569.7480650657873,558.534077298651,562.7147216796875,8579,CCL.BO,573.8303658621652,557.5012369791667,563.5509033203125
2023-05-08,570.5350438910126,578.7979892319828,565.2723739673252,574.9616088867188,5097,CCL.BO,572.9942365373884,558.4324584960938,562.7147216796875
2023-05-09,575.453409101674,610.0298217154848,575.453409101674,589.4216918945312,52038,CCL.BO,572.8818097795759,559.5932047526042,574.9616088867188
2023-05-10,589.421652811995,592.9628803098559,580.8636163131888,588.5363159179688,6778,CCL.BO,572.0597185407366,560.8342834472656,589.4216918945312
2023-05-11,589.2740899655528,597.586206408191,587.5034761766124,593.50390625,7000,CCL.BO,575.4182739257812,562.3852172851563,588.5363159179688
2023-05-12,588.2904724740605,589.7168220832555,580.4210236389212,585.634521484375,12939,CCL.BO,579.7605242047991,563.6246561686198,593.50390625
2023-05-15,594.0942224478646,598.2748671939034,584.0114910015355,596.99609375,18560,CCL.BO,584.5384085518973,565.5543111165365,585.634521484375
2023-05-16,602.0128393559388,602.0128393559388,578.4536647622064,583.3720703125,20484,CCL.BO,587.4894583565848,566.6904622395833,596.99609375
2023-05-17,603.3406946484916,616.2269512874373,583.9129956289812,596.2582397460938,56429,CCL.BO,590.5318341936384,568.013515218099,583.3720703125
2023-05-19,604.8655425866245,604.8655425866245,584.1590070517927,587.651123046875,10596,CCL.BO,590.2788957868304,568.98408203125,596.2582397460938
2023-05-22,590.2085828252763,591.1922637966517,584.3064969970235,588.9298095703125,8282,CCL.BO,590.3351091657366,569.6661010742188,587.651123046875
2023-05-23,583.8638508992395,594.0941574087541,579.240538148995,592.7169799804688,20009,CCL.BO,590.2226911272321,570.7415893554687,588.9298095703125
2023-05-24,590.2577755341363,603.1440327338454,587.3559045591442,601.5209350585938,6803,CCL.BO,592.4921787806919,572.3105611165364,592.7169799804688
2023-05-25,608.8985588318509,608.8985588318509,594.2909195217289,603.2915649414062,14481,CCL.BO,593.3915318080357,574.0008524576823,601.5209350585938
2023-05-26,602.996428503596,611.8495571439424,600.0453856234806,606.93115234375,5133,CCL.BO,596.7571149553571,575.7665568033855,603.2915649414062
2023-05-30,617.7024848099537,617.7024848099537,606.8819940052344,610.02978515625,5304,CCL.BO,598.7244785853794,577.6568623860677,606.93115234375
2023-05-31,598.0780207882908,626.408020291491,598.0780207882908,624.5390625,10914,CCL.BO,603.9941842215402,580.1095072428385,610.02978515625
2023-06-01,624.6866389449797,627.5885100510033,619.6698896044232,625.4735717773438,10070,CCL.BO,609.2147216796875,582.8539754231771,624.5390625
2023-06-02,628.1295391459237,634.2283738256673,622.9652134963156,625.375244140625,7384,CCL.BO,613.8801879882812,585.3689208984375,625.4735717773438
2023-06-05,637.7696307742368,641.5568391135033,625.8671132259844,627.4409790039062,6556,CCL.BO,617.5830514090402,587.910097249349,625.375244140625
2023-06-06,632.310176811294,632.310176811294,621.3421689559075,625.2276611328125,10935,CCL.BO,620.716779436384,590.4742248535156,627.4409790039062
2023-06-07,633.4413416954201,634.4741946556404,626.9490115871004,631.9658203125,2160,CCL.BO,624.2931605747768,593.2121337890625,625.2276611328125
2023-06-08,631.5724321641738,631.5724321641738,617.7517248501142,623.2603149414062,6265,CCL.BO,626.1832362583706,595.3680358886719,631.9658203125
2023-06-09,645.2947264858768,647.2620884568703,624.7850019539184,626.8507080078125,23658,CCL.BO,626.5134713309152,597.5567240397136,623.2603149414062
2023-06-12,627.4409415611491,633.9824446409777,623.457045266731,632.1626586914062,8561,CCL.BO,627.4690551757812,599.2683288574219,626.8507080078125
2023-06-13,635.4088521711323,635.4088521711323,624.194863022169,629.752685546875,10527,CCL.BO,628.0944039481027,600.5864624023437,632.1626586914062
2023-06-14,627.2933863500275,633.3922205640961,624.8833558897355,630.3427734375,2757,CCL.BO,628.5089460100446,601.7881896972656,629.752685546875
2023-06-15,633.7856400260519,633.7856400260519,625.2768356179046,626.703125,1330,CCL.BO,628.7197265625,603.6784932454427,630.3427734375
2023-06-16,630.4903446954877,644.852063182748,629.5558357439807,638.605712890625,6176,CCL.BO,629.6682826450893,606.4573913574219,626.703125
2023-06-19,637.4252718047837,656.115210329924,637.2776956428838,648.5900268554688,8370,CCL.BO,633.2868129185268,609.2920288085937,638.605712890625
2023-06-20,648.6393199242026,659.0663152240362,636.9334912053185,641.1141357421875,8979,CCL.BO,635.324445452009,611.905342610677,648.5900268554688
2023-06-21,640.3763043924343,649.3770091841054,639.4909675135706,641.3599853515625,3543,CCL.BO,636.6383492606027,614.1186218261719,641.1141357421875
2023-06-22,639.3926367644165,658.0825753775302,639.0483724371923,643.5241088867188,13493,CCL.BO,638.605695452009,615.9220357259114,641.3599853515625
2023-06-23,644.80295821105,648.2950140928492,620.3092749132394,624.73583984375,11345,CCL.BO,637.804704938616,617.1286865234375,643.5241088867188
2023-06-26,627.7360942124889,638.9500223044147,621.5388554858331,636.8351440429688,2961,CCL.BO,639.2521362304688,618.5730611165365,624.73583984375
2023-06-27,641.9994597524336,642.0978038415462,630.5395515318745,639.884521484375,5751,CCL.BO,639.4348231724331,620.3813944498698,636.8351440429688
2023-06-28,646.0324749713226,655.9676287207449,637.8679349543855,654.9839477539062,12013,CCL.BO,640.3482404436384,622.3143229166667,639.884521484375
2023-06-30,661.9682064637891,661.9682064637891,646.180136859284,653.7052612304688,12848,CCL.BO,642.14697265625,624.6587626139323,654.9839477539062
2023-07-07,717.5461932199063,717.5953652672733,692.1672327480946,693.4951782226562,21895,CCL.BO,649.5948573521206,627.8999938964844,653.7052612304688
2023-07-10,691.6261103132059,714.3491781998537,691.6261103132059,711.004638671875,5442,CCL.BO,659.2349330357143,632.011777750651,693.4951782226562
2023-07-14,727.9239459907232,737.7607560716789,713.1687308692897,718.0379638671875,6482,CCL.BO,672.5638078962054,636.3153828938802,711.004638671875
2023-07-17,707.2174592962984,707.266631337941,664.6240844655515,667.4275512695312,64959,CCL.BO,676.9341517857143,638.8057352701823,718.0379638671875
2023-07-19,612.0463480953279,621.6372381256286,601.668525249853,609.2920532226562,48187,CCL.BO,672.5637991768973,639.0647725423177,667.4275512695312
2023-07-20,609.3412141795416,615.0957240773708,600.0454166191738,602.0619506835938,10459,CCL.BO,665.0035138811384,639.0237854003906,609.2920532226562
2023-07-21,600.2913547838267,618.7353742876312,600.2913547838267,616.9155883789062,43904,CCL.BO,659.7478463309152,639.3565999348958,602.0619506835938
2023-07-24,628.5230249613164,630.4903870802724,602.6029930205939,611.6036987304688,43908,CCL.BO,648.0490635463169,639.4090637207031,616.9155883789062
2023-07-26,602.0620052138994,611.3086315690402,592.8154388978882,599.1109619140625,17154,CCL.BO,632.0642525809152,638.5614603678385,611.6036987304688
2023-07-28,613.7678440282293,613.7678440282293,599.8487322281574,602.60302734375,374706,CCL.BO,615.5735473632812,637.7991088867187,599.1109619140625
2023-08-03,605.0130326516669,611.849628124875,602.2095656059743,609.48876953125,14084,CCL.BO,607.2965785435268,637.2695597330729,602.60302734375
2023-08-04,616.7188588652198,616.7188588652198,604.963858070496,607.0787963867188,3051,CCL.BO,606.9803989955357,636.5908203125,609.48876953125
2023-08-07,607.9148484374861,607.9640204788878,601.0290815457993,603.0947875976562,10968,CCL.BO,607.127947126116,635.8530578613281,607.0787963867188
2023-08-08,603.5375174868439,607.9149103214177,591.1923318821554,592.8154296875,13437,CCL.BO,603.6850673130581,634.5480448404948,603.0947875976562
2023-08-09,590.4545490645327,603.8325873017395,590.4545490645327,600.2421875,11376,CCL.BO,602.061994280134,633.7807739257812,592.8154296875
2023-08-10,609.8822236631281,609.8822236631281,595.9139413714058,598.7174682617188,3087,CCL.BO,602.0057809012277,632.8429992675781,600.2421875
2023-08-11,611.40992727552,611.40992727552,596.4951050221109,597.384033203125,3930,CCL.BO,601.2602103097098,631.6837117513021,598.7174682617188
2023-08-14,594.6183419814166,599.013788626503,585.9756335223844,594.5195922851562,6111,CCL.BO,599.1217564174107,630.5092753092448,597.384033203125
2023-08-16,585.8274356121859,607.4589238442666,585.8274356121859,597.58154296875,12296,CCL.BO,597.7650059291294,629.4172342936198,594.5195922851562
2023-08-17,607.4096206247741,609.2862870403751,598.5693516413664,607.6565551757812,3328,CCL.BO,598.4166870117188,628.7823486328125,597.58154296875
2023-08-18,627.1643097371275,627.1643097371275,596.7913635938829,598.6680297851562,3306,CCL.BO,599.2527727399554,627.4510925292968,607.6565551757812
2023-08-21,598.7174799945841,607.5083130089253,593.8775391368148,601.1373901367188,11599,CCL.BO,599.3806588309152,625.8693379720052,598.6680297851562
2023-08-22,602.5202239466221,605.5821878552583,598.5692716584475,604.0018310546875,9946,CCL.BO,600.1355678013393,624.6322611490885,601.1373901367188
2023-08-23,606.7180892944336,606.7180892944336,599.260679171607,602.5202026367188,3237,CCL.BO,600.8693062918527,623.3376017252605,604.0018310546875
2023-08-24,608.0516197928827,610.274030772077,601.6313214085433,603.35986328125,2541,CCL.BO,602.1322021484375,621.9987935384114,602.5202026367188
2023-08-25,598.6186856920206,603.45862667657,597.6309475553167,599.2113647460938,8069,CCL.BO,602.3650338309152,621.1479777018229,603.35986328125
2023-08-28,598.3223723235682,598.3223723235682,579.0614787861194,588.148681640625,17210,CCL.BO,599.5781947544643,619.5250956217448,599.2113647460938
2023-08-29,588.5931969939726,607.4589718421746,588.494387005361,601.7301025390625,15629,CCL.BO,600.0156337193081,618.2532816569011,588.148681640625
2023-08-30,609.4344433058676,609.4344433058676,592.8404543137228,596.1493530273438,17286,CCL.BO,599.3030569893973,616.2921284993489,601.7301025390625
2023-08-31,609.3850520994731,609.3850520994731,595.5073434135024,599.1619262695312,4073,CCL.BO,598.6116420200893,614.4740173339844,596.1493530273438
2023-09-01,599.606458917171,603.2611022941921,593.6306548977642,596.5444946289062,11131,CCL.BO,597.7579694475446,611.2423278808594,599.1619262695312
2023-09-04,601.483193962652,608.4467362733645,596.445692928595,607.7059326171875,8183,CCL.BO,598.3788364955357,607.7990376790365,596.5444946289062
2023-09-05,607.7058846637868,622.176272387304,606.9157062169014,621.1390991210938,5271,CCL.BO,601.5113699776786,604.5690755208333,607.7059326171875
2023-09-06,624.7443677905729,635.6588620796035,618.7685641560133,633.2388916015625,27078,CCL.BO,607.9528285435268,603.429453531901,621.1390991210938
2023-09-07,635.1156742662117,656.8459150653667,629.9300486209588,651.8578491210938,13720,CCL.BO,615.1139351981027,604.8483133951823,633.2388916015625
2023-09-08,653.9320195754387,667.6122289037679,649.4378231229647,664.0563354492188,14628,CCL.BO,624.8149326869419,606.9147928873698,651.8578491210938
2023-09-11,664.105738892263,680.2552942509948,653.0924943957236,674.4769897460938,7404,CCL.BO,635.5742274693081,608.833506266276,664.0563354492188
2023-09-12,685.4408730571631,685.4408730571631,630.7695325312842,654.9691162109375,10279,CCL.BO,643.9206019810268,610.2790201822917,674.4769897460938
2023-09-13,654.9198009657149,663.9576296036975,636.9429536817296,657.1422119140625,11641,CCL.BO,650.982927594866,612.2133951822917,654.9691162109375
2023-09-14,653.882608628259,668.6986798207423,653.882608628259,661.19189453125,4960,CCL.BO,656.7047555106027,614.166357421875,657.1422119140625
2023-09-15,660.7968573480082,674.1806979320106,655.1667375374678,665.9824829101562,15223,CCL.BO,661.3824114118304,616.0494812011718,661.19189453125
2023-09-18,676.5512268316116,676.5512268316116,643.7089348522785,647.2153930664062,10552,CCL.BO,660.7192034040179,617.3873677571614,665.9824829101562
2023-09-20,647.2648301521976,650.228044751051,615.4596480671531,618.6204223632812,12210,CCL.BO,654.2283586774554,617.9048889160156,647.2153930664062
2023-09-21,622.1762704320623,625.3864193454317,608.3973115004031,612.2988891601562,5949,CCL.BO,645.3457728794643,618.5543375651042,618.6204223632812
2023-09-22,612.4469914514574,618.1264854764162,608.4960390862688,611.9037475585938,5243,CCL.BO,639.1935773577009,618.943056233724,612.2988891601562
2023-09-25,606.5205614380327,630.473210094108,606.5205614380327,628.349609375,10118,CCL.BO,635.0803484235491,619.9307942708333,611.9037475585938
2023-09-26,629.2385493818136,639.5604246634618,629.2385493818136,635.1649780273438,14397,CCL.BO,631.3622174944196,621.1901590983073,628.349609375
2023-09-27,638.3751058452175,638.4244806916203,621.6329334158294,623.8059692382812,2799,CCL.BO,625.3370012555804,622.1663716634115,635.1649780273438
2023-09-28,623.4602874130094,630.176894291684,617.28692442034,624.94189453125,5470,CCL.BO,622.1550728934152,623.0783833821614,623.8059692382812
2023-09-29,625.2382952968644,639.1653801295325,622.3244554810205,636.49853515625,4783,CCL.BO,624.7090890066964,624.0397827148438,624.94189453125
2023-10-03,637.2392857485322,663.5624710327962,636.8935412271487,653.141845703125,7563,CCL.BO,630.5437970842634,625.8555765787761,636.49853515625
2023-10-04,653.1911998920342,656.2532242041765,635.6094735965956,637.3873901367188,8037,CCL.BO,634.1843174525669,627.0639099121094,653.141845703125
2023-10-05,636.5477954661018,650.326753257879,635.1649380877333,647.6104736328125,4328,CCL.BO,636.9358694893973,628.5175313313802,637.3873901367188
2023-10-06,642.9681596075131,650.4255705688335,632.7450336019198,637.8319091796875,8648,CCL.BO,637.3168596540179,629.6945882161458,647.6104736328125
2023-10-09,638.8196932750228,650.4256173507576,629.1892456377109,639.758056640625,6833,CCL.BO,639.5957292829241,630.907861328125,637.8319091796875
2023-10-10,650.3267848206477,653.0430645775452,637.4367544721529,650.3761596679688,4687,CCL.BO,643.2291957310268,632.6133544921875,639.758056640625
2023-10-11,653.043043352802,657.3396798048215,639.7579543707722,647.8079833984375,12691,CCL.BO,644.8448311941964,634.6019978841146,650.3761596679688
2023-10-12,644.0546109117224,649.339045876632,635.3131529111297,638.2763671875,4046,CCL.BO,642.72119140625,635.8202067057292,647.8079833984375
2023-10-13,636.1527851603795,651.9072217431911,632.5969517019373,650.721923828125,3044,CCL.BO,644.6261247907366,637.6392923990885,638.2763671875
2023-10-16,649.0921275807452,655.2160556756081,633.4364422571516,635.2637939453125,8665,CCL.BO,642.8623134068081,638.8426879882812,650.721923828125
2023-10-17,640.9926551979302,640.9926551979302,627.8063153261705,629.6336669921875,2164,CCL.BO,641.6911359514509,639.9456604003906,635.2637939453125
2023-10-18,639.0666304074141,647.9562744161726,627.2137717290695,643.1163330078125,10275,CCL.BO,642.1708897181919,641.1260070800781,629.6336669921875
2023-10-19,644.9929752232632,662.8710106055638,642.9681241884114,649.2896118164062,14818,CCL.BO,642.0156685965402,642.0643575032552,643.1163330078125
2023-10-20,659.117627480481,666.2293539161801,619.7562879872346,621.9786987304688,7956,CCL.BO,638.3257707868304,641.6890177408854,649.2896118164062
2023-10-23,617.385779679267,626.2260490537017,607.2120877851153,612.5458984375,16264,CCL.BO,634.6499895368304,640.3786193847657,621.9786987304688
2023-10-25,615.4102604722722,628.2014819498278,597.5815983956695,621.6824340820312,4665,CCL.BO,630.5014910016741,638.9661560058594,612.5458984375
2023-10-26,617.4844462381599,617.4844462381599,600.7916496146458,607.8045654296875,10847,CCL.BO,626.5787440708706,636.7437418619792,621.6824340820312
2023-10-27,608.3973227952595,619.8550611686823,608.3973227952595,615.8053588867188,3969,CCL.BO,624.603271484375,635.4382832845052,607.8045654296875
2023-10-30,605.13774979716,617.5832253047562,605.13774979716,610.5208740234375,4283,CCL.BO,619.94677734375,633.8842386881511,615.8053588867188
2023-10-31,611.9037897433018,611.9037897433018,579.308430483368,582.9630737304688,8471,CCL.BO,610.4715576171875,631.276611328125,610.5208740234375
2023-11-01,591.7538999647808,606.4218476250315,588.1486918989918,601.5325317382812,10638,CCL.BO,607.5506766183036,629.1282796223958,582.9630737304688
2023-11-02,606.4711953769755,611.9531297924957,603.5079810673161,608.7429809570312,5112,CCL.BO,607.0074026925223,627.8458658854166,601.5325317382812
2023-11-03,609.8294794337575,612.7432583718241,599.7545395431491,603.4585571289062,6823,CCL.BO,604.4039916992188,627.3404703776042,608.7429809570312
2023-11-06,612.1013604733542,629.7324628218214,604.4957644514992,627.1643676757812,13716,CCL.BO,607.169677734375,627.835986328125,603.4585571289062
2023-11-07,639.7085900942963,639.7085900942963,612.9408520183688,617.237548828125,5678,CCL.BO,607.3742762974331,628.0137797037761,627.1643676757812
2023-11-08,630.6214424270764,630.6214424270764,608.4467086032596,628.1027221679688,4748,CCL.BO,609.885968889509,628.0055501302083,617.237548828125
2023-11-09,631.0165118269913,631.9055003031981,610.4715697517802,617.2869873046875,8741,CCL.BO,614.7893851143973,627.4096171061198,628.1027221679688
2023-11-10,638.868978251217,638.868978251217,614.2249010915192,618.3734130859375,6540,CCL.BO,617.1952253069196,627.2285319010417,617.2869873046875
2023-11-13,620.7934457454131,629.1398454185933,619.6081478727966,624.9913330078125,3046,CCL.BO,619.5164184570312,627.2301798502605,618.3734130859375
2023-11-15,634.0784567039033,634.0784567039033,622.2749748848493,626.8679809570312,2394,CCL.BO,622.8606218610491,626.9091613769531,624.9913330078125
2023-11-16,635.4119397357455,636.4984878726226,629.5348856868376,632.3499755859375,2316,CCL.BO,623.6014229910714,626.2160990397135,626.8679809570312
2023-11-17,622.2749919929606,630.8189505215315,617.4844864073966,620.5958251953125,1993,CCL.BO,624.0811767578125,625.6563802083333,632.3499755859375
2023-11-20,618.719231453579,624.8431600528802,607.5083667322024,612.0025634765625,10363,CCL.BO,621.7811540876116,624.4694498697917,620.5958251953125
2023-11-21,623.9541785452107,623.9541785452107,613.3853686701939,620.9415893554688,2802,CCL.BO,622.303240094866,623.9064392089844,612.0025634765625
2023-11-22,617.3363462442499,633.2389064088007,617.3363462442499,628.00390625,2597,CCL.BO,623.6790248325893,623.5146341959636,620.9415893554688
2023-11-23,618.6697037837872,633.5352096724358,618.6697037837872,632.300537109375,5219,CCL.BO,624.7231968470982,622.9121134440104,628.00390625
2023-11-24,636.9429483403601,636.9429483403601,618.324107555042,622.9171142578125,2337,CCL.BO,624.1587873186384,622.0824178059896,632.300537109375
2023-11-28,615.3608686944026,628.0532798328686,614.3237556921557,625.781494140625,10924,CCL.BO,623.2204328264509,621.6659220377604,622.9171142578125
2023-11-29,622.2750348163248,645.338696515848,622.2750348163248,643.3632202148438,7705,CCL.BO,626.472917829241,621.4206319173177,625.781494140625
2023-11-30,644.3015637577324,654.9197485500245,635.6588552058668,652.8948974609375,14723,CCL.BO,632.314679827009,622.0083353678385,643.3632202148438
2023-12-01,661.8338783820368,666.9701283772787,645.6350102884244,648.9439086914062,17601,CCL.BO,636.3150111607143,622.6520100911458,652.8948974609375
2023-12-04,649.9316743733212,659.759680594827,638.0788170899173,653.833251953125,4305,CCL.BO,640.0049176897321,623.0092407226563,648.9439086914062
2023-12-05,654.8703997276822,657.9323639073336,643.5114108937933,647.8574829101562,4233,CCL.BO,642.2273385184152,622.961503092448,653.833251953125
2023-12-06,663.8094094682507,664.5502130783158,646.7709264367551,659.80908203125,5237,CCL.BO,647.4976196289062,624.2225158691406,647.8574829101562
2023-12-07,657.4878958605377,659.3645620941321,643.5113775143294,648.351318359375,4456,CCL.BO,650.7218802315848,625.4160298665364,659.80908203125
2023-12-08,647.709290621679,656.895243341731,639.017206975681,642.2273559570312,6091,CCL.BO,650.5596139090402,626.1008605957031,648.351318359375
2023-12-11,644.597870017203,644.597870017203,637.1404593030301,640.7457275390625,4525,CCL.BO,648.8240182059152,627.1988993326823,642.2273559570312
2023-12-12,640.2025438259328,644.0053118131948,625.2876607085124,637.4368286132812,12475,CCL.BO,647.1801496233259,627.9199483235677,640.7457275390625
2023-12-13,637.4367615627084,649.7834878677639,631.4609580884114,642.8199462890625,7599,CCL.BO,645.6068202427456,628.9965840657552,637.4368286132812
2023-12-14,642.0298179720934,651.7096400933987,626.2260070681649,630.5226440429688,8944,CCL.BO,643.1304146902902,630.5819030761719,642.8199462890625
2023-12-15,633.7822194012367,637.4862375300056,628.1520997881574,631.4609985351562,12179,CCL.BO,639.0806884765625,631.5795186360677,630.5226440429688
2023-12-18,636.7453814576179,636.7453814576179,619.8056491626174,621.7317504882812,6676,CCL.BO,635.2778930664062,632.0124776204427,631.4609985351562
2023-12-19,622.9170845325189,626.6704774217914,618.3240780489243,621.2872924804688,11227,CCL.BO,632.2864554268973,632.6067687988282,621.7317504882812
2023-12-20,620.1020582313065,626.6211668211778,615.064617295879,618.02783203125,11276,CCL.BO,629.0410417829241,632.3022176106771,621.2872924804688
2023-12-21,616.447336944677,644.6966833655626,613.3853728855523,626.5222778320312,20230,CCL.BO,627.4818202427456,632.6117085774739,618.02783203125
2023-12-22,630.1769119712992,634.1278643974515,618.4722395235227,623.065185546875,10452,CCL.BO,624.6597115652902,632.4437906901042,626.5222778320312
2023-12-26,622.275039499365,638.0788500263329,620.8428071130079,632.44873046875,13745,CCL.BO,624.9348667689732,632.9491821289063,623.065185546875
2023-12-27,635.2637874823839,635.2637874823839,625.9296503160787,627.4606323242188,9456,CCL.BO,624.3633858816964,633.2520894368489,632.44873046875
2023-12-28,632.991993161712,632.991993161712,615.360890634635,618.4722900390625,11911,CCL.BO,623.8977486746652,633.0347880045573,627.4606323242188
2023-12-29,628.4977703604271,642.1779798571463,618.4722643486964,635.6094970703125,10711,CCL.BO,625.9437779017857,633.326171875,618.4722900390625
2024-01-01,644.8942379604549,644.8942379604549,624.8925411762972,625.3369750976562,7351,CCL.BO,626.9879411969866,633.0924051920573,635.6094970703125
2024-01-02,628.4977322648391,628.5471071118052,616.4967506881618,621.7317504882812,8345,CCL.BO,626.3035801478794,633.1302693684896,625.3369750976562
2024-01-03,622.9170654683155,622.9170654683155,614.7682260309614,616.546142578125,4629,CCL.BO,625.3722882952009,633.2817220052083,621.7317504882812
2024-01-04,622.2256769581767,628.4977902704459,617.533920615167,622.7689208984375,21801,CCL.BO,623.9894583565848,633.3426330566406,616.546142578125
2024-01-05,627.2137475865413,628.6953548643048,618.8673478644561,623.9542236328125,10119,CCL.BO,623.488542829241,633.2076436360677,622.7689208984375
2024-01-08,631.7078599358861,631.7078599358861,612.3975930510608,623.5590209960938,6773,CCL.BO,624.2152186802456,632.916259765625,623.9542236328125
2024-01-09,617.4845127558201,632.1523997925565,617.4845127558201,626.5716552734375,16825,CCL.BO,622.9240984235491,633.0380777994792,623.5590209960938
2024-01-10,626.5716898026451,633.6340418979711,622.2750528382257,629.3867797851562,5981,CCL.BO,623.5026419503348,633.1582539876302,626.5716552734375
2024-01-11,628.0533328235863,636.1034235562763,627.8063982647524,633.3377685546875,21642,CCL.BO,625.16064453125,632.824072265625,629.3867797851562
2024-01-12,632.5969250479242,635.9551986645643,627.263114798241,634.8193359375,7742,CCL.BO,627.7711007254464,632.2215535481771,633.3377685546875
2024-01-15,641.7334917679937,641.7334917679937,623.559085589762,626.9174194335938,4217,CCL.BO,628.3637433733259,631.4873372395833,634.8193359375
2024-01-16,626.9173910138151,629.3867362909399,625.2382241680201,627.510009765625,1919,CCL.BO,628.8717128208706,630.6098958333333,626.9174194335938
2024-01-17,625.238248703653,625.238248703653,618.7192010309225,620.2501831054688,4297,CCL.BO,628.3990216936384,629.6896525065105,627.510009765625
2024-01-19,623.2134111766077,630.0782035238051,622.275047856616,624.892578125,6141,CCL.BO,628.1591535295759,628.5257690429687,620.2501831054688
2024-01-23,619.855005694428,631.806672357746,619.3611366658631,624.6949462890625,9653,CCL.BO,627.4888916015625,627.7372233072916,624.892578125
2024-01-24,626.3247305560823,635.9551774225705,622.9664570516144,628.9422607421875,5690,CCL.BO,626.8609619140625,627.2943868001302,624.6949462890625
2024-01-25,631.4116161301906,635.7576881306528,626.7198598898802,634.6217651367188,6504,CCL.BO,626.8327375139509,627.090254720052,628.9422607421875
2024-01-29,634.6217856339402,665.4886040013498,634.6217856339402,660.302978515625,40884,CCL.BO,631.6021030970982,627.8524597167968,634.6217651367188
2024-01-30,670.5259725989532,670.5259725989532,660.3029075687953,663.414306640625,21063,CCL.BO,636.7312883649554,628.5389383951823,660.302978515625
2024-01-31,662.7722801694728,679.6625779488082,660.4016845608728,663.908203125,16227,CCL.BO,642.9681483677456,629.6517903645833,663.414306640625
2024-02-01,664.4514456955828,666.5256716338636,658.8213263515701,661.685791015625,9609,CCL.BO,648.2243216378348,630.6592834472656,663.908203125
2024-02-02,662.2290225628643,667.7109569717768,632.103010450972,636.2020874023438,8010,CCL.BO,649.8681989397321,631.1416280110677,661.685791015625
2024-02-05,636.2021169523343,639.165331396056,621.2379201835914,625.7321166992188,16084,CCL.BO,649.4096069335938,631.2897888183594,636.2020874023438
2024-02-06,624.2505610488669,653.4875885275919,619.6575541669532,637.6837768554688,15269,CCL.BO,649.8470371791294,631.9449869791666,625.7321166992188
2024-02-07,638.967842009255,663.7106709447296,638.967842009255,660.0066528320312,17457,CCL.BO,649.804704938616,633.0611328125,637.6837768554688
2024-02-08,659.8584276733171,661.7351541837781,646.4252135867789,653.7838745117188,13187,CCL.BO,648.4289289202009,634.0850891113281,660.0066528320312
2024-02-09,661.6858084058125,661.6858084058125,632.9425921727501,652.104736328125,5116,CCL.BO,646.7427193777902,634.7402893066406,653.7838745117188
2024-02-12,656.8458378494549,656.8458378494549,631.1646471966943,636.2020874023438,3717,CCL.BO,643.1021902901786,635.0316711425781,652.104736328125
2024-02-13,632.3005984568897,639.5110748673952,626.02842505595,626.818603515625,6581,CCL.BO,641.7616925920759,635.3098815917969,636.2020874023438
2024-02-14,626.5222425590265,650.9193848213649,621.9786715748205,648.9439086914062,6113,CCL.BO,645.0776628766741,635.7543619791667,626.818603515625
2024-02-15,659.3052614603396,659.3052614603396,647.3079418698467,653.455322265625,2774,CCL.BO,647.3307407924107,636.691640218099,648.9439086914062
2024-02-16,653.1083263292484,655.3887895905294,635.3602547190013,641.4085083007812,8525,CCL.BO,644.6738630022321,637.3475321451823,653.455322265625
2024-02-19,654.1989328426762,654.1989328426762,634.1208354871773,635.4594116210938,2878,CCL.BO,642.0560825892857,637.9779744466146,641.4085083007812
2024-02-20,634.5670492095046,646.9609368893778,633.2285335468902,642.6478881835938,9694,CCL.BO,640.7051042829241,638.6406066894531,635.4594116210938
2024-02-21,645.9694142106243,652.7612403297419,633.625090200968,637.4424438476562,3799,CCL.BO,640.8822980608259,639.0902140299479,642.6478881835938
2024-02-22,641.2597386921021,643.292324136928,631.3941921472795,633.0797729492188,2142,CCL.BO,641.7767508370536,639.4075724283854,637.4424438476562
2024-02-23,632.236983396444,638.0868617090134,627.6264332581167,630.3530883789062,6697,CCL.BO,639.1209193638393,639.5336201985677,633.0797729492188
2024-02-26,642.5982678111238,642.5982678111238,631.9891483114753,633.9225463867188,2496,CCL.BO,636.3305228097098,639.6848124186198,630.3530883789062
2024-02-27,630.700148116115,645.473686813749,630.700148116115,642.3504028320312,6157,CCL.BO,636.4650791713169,639.9852335611979,633.9225463867188
2024-02-28,646.4156012236411,664.3123624673025,624.9493641102373,635.3602294921875,13965,CCL.BO,636.450910295759,640.0032633463542,642.3504028320312
2024-02-29,644.4325840607842,644.4325840607842,622.2722769862814,624.45361328125,3882,CCL.BO,633.8517281668527,639.9211364746094,635.3602294921875
2024-03-01,623.1646455596562,637.9381832411509,620.834618983547,622.5697631835938,7206,CCL.BO,631.7270595005581,639.7564615885417,624.45361328125
2024-03-04,629.5599289597508,629.5599289597508,619.6943822902836,621.0328979492188,4163,CCL.BO,630.0060773577009,639.7825520833334,622.5697631835938
2024-03-05,624.4536551054251,624.949410636712,614.8856096618098,618.3062744140625,6977,CCL.BO,628.2851039341518,639.5630086263021,621.0328979492188
2024-03-06,616.9677463776866,618.1575717324439,600.9052553810403,604.4747314453125,6270,CCL.BO,624.0782732282366,638.8890014648438,618.3062744140625
2024-03-07,604.8216949376017,613.2991016730757,601.1530922255583,609.5313720703125,3097,CCL.BO,619.3898402622768,638.2419718424479,604.4747314453125
2024-03-11,606.1106056900711,610.9194699019672,596.1954966144376,601.5992431640625,8475,CCL.BO,614.5668422154018,637.1412211100261,609.5313720703125
2024-03-12,599.2196038012383,605.3174202017265,584.3469399142181,601.4009399414062,6792,CCL.BO,611.2736031668527,635.1778198242188,601.5992431640625
2024-03-13,609.5314144587113,609.5314144587113,581.0254719362421,584.9915161132812,3713,CCL.BO,605.9052821568081,632.5637268066406,601.4009399414062
2024-03-14,582.0169280207331,589.1062555245592,582.0169280207331,584.892333984375,2966,CCL.BO,600.7423444475446,629.9298645019531,584.9915161132812
2024-03-15,584.8923570876664,584.8923570876664,565.8057705340871,575.8200073242188,11713,CCL.BO,594.6728777204241,627.0676717122395,584.892333984375
2024-03-18,576.4148608166719,589.3541269985151,567.739140090852,572.002685546875,10220,CCL.BO,590.0340140206473,624.9276916503907,575.8200073242188
2024-03-19,580.9759275636828,580.9759275636828,557.873731577279,564.1202392578125,6636,CCL.BO,583.5467093331473,622.8739624023438,572.002685546875
2024-03-20,569.4742745843064,571.0111649290238,554.651234694753,567.8383178710938,8874,CCL.BO,578.7237200055804,620.5457804361979,564.1202392578125
2024-03-21,566.6980852571875,597.5341128681027,566.6980852571875,591.1388549804688,8470,CCL.BO,577.2577078683036,618.2501871744792,567.8383178710938
2024-03-22,599.8146224614597,605.3174966916135,586.9249787972649,598.9718017578125,4427,CCL.BO,579.2548915318081,616.4231180826823,591.1388549804688
2024-03-26,598.8726368678434,598.8726368678434,581.1245659723992,584.4957275390625,4227,CCL.BO,579.1982334681919,614.1694844563802,598.9718017578125
2024-03-27,583.9999809086804,587.6685837240763,581.8682080449016,583.25634765625,49169,CCL.BO,580.2605678013393,612.4046264648438,584.4957275390625
2024-03-28,583.6033478617779,585.3881160676594,577.0593994969742,581.1741943359375,3801,CCL.BO,581.570783342634,610.8831461588542,583.25634765625
2024-04-01,576.6627614605371,586.974499853972,576.6627614605371,583.5042114257812,3725,CCL.BO,584.3399222237723,608.7018229166666,581.1741943359375
2024-04-02,580.7775482243189,593.3201861486501,580.7775482243189,582.562255859375,9578,CCL.BO,586.443341936384,606.338720703125,583.5042114257812
2024-04-03,590.5935517252534,597.3853778726789,584.4957348646377,586.5283203125,8519,CCL.BO,585.7846941266741,604.5093811035156,582.562255859375
2024-04-04,593.8655662726123,598.9718119625118,583.2068222917809,584.74365234375,8897,CCL.BO,583.7521013532366,602.8188557942708,586.5283203125
2024-04-05,586.1812814704806,592.7252294859686,573.6386438375989,575.22509765625,11343,CCL.BO,582.4277256556919,600.5714294433594,584.74365234375
2024-04-08,575.1259561973034,583.3554855763487,569.7222090240949,571.159912109375,11594,CCL.BO,580.6996634347098,598.36201171875,575.22509765625
2024-04-09,582.9588784333827,582.9588784333827,561.195200855119,569.672607421875,17311,CCL.BO,579.0565795898438,596.2484395345052,571.159912109375
2024-04-10,580.033911990562,586.9249252706073,575.0763571872238,583.7025146484375,41031,CCL.BO,579.0849086216518,594.6934204101562,569.672607421875
2024-04-12,584.3469949576063,587.718156629692,571.0607836105694,574.431884765625,5984,CCL.BO,577.9234270368304,592.7103983561198,583.7025146484375
2024-04-15,565.2108240533353,574.4318640966848,562.0379768026593,571.5565185546875,26159,CCL.BO,575.7845982142857,590.3506022135417,574.431884765625
2024-04-16,571.5565513235404,575.3242811735325,566.0536771529042,566.6485595703125,11968,CCL.BO,573.1995849609375,588.0602132161458,571.5565185546875
2024-04-18,568.0862495567991,574.6301980652195,560.6994803733202,564.715087890625,5471,CCL.BO,571.6981549944196,586.0689290364584,566.6485595703125
2024-04-19,556.8821943270481,572.4488690877986,556.8821943270481,566.7476806640625,5119,CCL.BO,571.0678362165179,584.208192952474,564.715087890625
2024-04-22,560.9473464389431,573.5891116481283,559.6088308000761,560.600341796875,13258,CCL.BO,569.7717982700893,582.1937744140625,566.7476806640625
2024-04-23,570.0692562368413,582.1160784642732,562.1371683108173,581.2237548828125,6682,CCL.BO,569.4176897321429,580.9576904296875,560.600341796875
2024-04-24,583.0580002052642,586.4787250753812,572.5480083752207,575.1754760742188,13778,CCL.BO,569.5239170619419,579.9810485839844,581.2237548828125
2024-04-25,587.9164803783553,587.9164803783553,570.019718297829,578.5962524414062,3914,CCL.BO,570.5295933314732,578.9498779296875,575.1754760742188
2024-04-26,579.5877843268037,581.5212430182505,574.1344734374594,576.0679321289062,3291,CCL.BO,571.8752179827009,578.0988342285157,578.5962524414062
2024-04-29,576.3653384328785,591.5354447936136,574.3327529642916,585.3385009765625,16602,CCL.BO,574.8214198521206,577.5634195963542,576.0679321289062
2024-04-30,590.1474040762804,591.6842341394697,579.6869743360819,586.8258056640625,5362,CCL.BO,577.6897234235491,577.6245625813802,585.3385009765625
2024-05-02,589.4532735769703,589.4532735769703,577.5551418983772,579.24072265625,8258,CCL.BO,580.3526349748884,577.4361755371094,586.8258056640625
2024-05-03,583.9504515346886,589.8995179012522,567.1938903953877,581.57080078125,16736,CCL.BO,580.4022129603794,577.6278686523438,579.24072265625
2024-05-06,583.8016178666679,583.8016178666679,570.8128490153797,579.7860107421875,6571,CCL.BO,581.0608607700893,577.8873128255208,581.57080078125
2024-05-07,578.0508826590161,583.999948346759,570.4162362563409,574.0848388671875,13845,CCL.BO,580.4163731166294,578.2194661458333,579.7860107421875
2024-05-08,571.7548204884582,577.2576942245798,568.3836590105861,573.9360961914062,5223,CCL.BO,580.1118251255581,578.4227254231771,574.0848388671875
2024-05-09,572.2009584417292,575.8199977008137,568.433228846877,572.746337890625,2087,CCL.BO,578.3129446847098,577.8096415201823,573.9360961914062
2024-05-10,575.8200199859077,578.0013563148306,569.7222030577643,572.3497314453125,4574,CCL.BO,576.2449340820312,576.9222391764323,572.746337890625
2024-05-13,570.1683665711687,574.6301658999846,552.3707327005978,567.4417114257812,18895,CCL.BO,574.5593610491071,576.3537719726562,572.3497314453125
2024-05-14,578.794539948334,578.794539948334,554.9487127613629,557.427490234375,4788,CCL.BO,571.1103166852679,575.4928100585937,567.4417114257812
2024-05-15,562.6329208316238,563.9218730093826,551.9741777373805,555.2957153320312,3699,CCL.BO,567.6117030552456,574.6301940917969,557.427490234375
2024-05-16,558.5181427357724,566.7476720581878,555.7419239967326,561.49267578125,8178,CCL.BO,565.8128226143973,573.8964762369792,555.2957153320312
2024-05-17,563.1782564255258,567.1443004848605,559.2617758135269,562.5833740234375,2113,CCL.BO,564.1910051618304,573.2305135091145,561.49267578125
2024-05-21,562.9304019637033,563.8227861207889,547.7107314630872,549.197998046875,5894,CCL.BO,560.8269566127232,571.9861694335938,562.5833740234375
2024-05-22,549.2970547047723,561.8396921643174,546.7191504960001,559.113037109375,12321,CCL.BO,558.9360002790179,571.1318155924479,549.197998046875
2024-05-23,565.7065613298137,565.7065613298137,556.9812770591722,561.0464477539062,338916,CCL.BO,558.0223911830357,570.6591939290364,559.113037109375
2024-05-24,559.2617683429331,570.4162671108106,557.5761875368258,567.045166015625,16299,CCL.BO,559.3963448660714,570.5220357259115,561.0464477539062
2024-05-27,578.397931465032,598.9717852066807,570.9615987873277,592.7748413085938,18255,CCL.BO,564.750505719866,571.2921101888021,567.045166015625
2024-05-28,594.8075182332364,594.8570816835908,582.0170011560431,586.8258056640625,12327,CCL.BO,568.3695242745536,571.3962198893229,592.7748413085938
2024-05-29,594.906597419561,594.906597419561,578.0509104926734,581.1741943359375,2641,CCL.BO,571.0253557477679,571.6209635416667,586.8258056640625
2024-05-30,590.9405385529011,590.9405385529011,574.0848520505532,576.018310546875,3155,CCL.BO,574.8568289620536,571.7696899414062,581.1741943359375
2024-05-31,577.2577287081568,578.4475540371309,559.8567223876306,565.7561645507812,6266,CCL.BO,575.8058471679688,571.7399434407552,576.018310546875
2024-06-03,602.8386742267419,602.8386742267419,565.9048903205804,572.6967163085938,5507,CCL.BO,577.4701712472098,572.0059977213542,565.7561645507812
2024-06-04,584.9915270738198,584.9915270738198,554.750439657292,563.1782836914062,8331,CCL.BO,576.9177594866071,571.8870178222656,572.6967163085938
2024-06-05,574.4815176413888,580.5297107455032,557.4770791915613,573.1925048828125,5562,CCL.BO,574.1202828543527,572.3067565917969,563.1782836914062
2024-06-06,573.1924561815247,577.505565125695,563.0294689405968,570.8128662109375,4203,CCL.BO,571.8327200753348,571.959726969401,573.1925048828125
2024-06-07,572.1018237183425,611.3656335136922,572.1018237183425,598.8726196289062,37868,CCL.BO,574.361066545759,572.7496317545573,570.8128662109375
2024-06-10,599.8145751992096,604.8216935092827,590.9405398877582,593.3201904296875,16365,CCL.BO,576.832763671875,573.2404296875,598.8726196289062
2024-06-11,599.8641695169599,602.7891391411512,587.9660372290202,599.269287109375,6155,CCL.BO,581.6203526088169,574.0138081868489,593.3201904296875
2024-06-12,598.8725865070941,610.6219665223197,594.9065428878417,598.3768310546875,12367,CCL.BO,585.2889404296875,574.4484191894531,599.269287109375
2024-06-13,598.8726482360603,608.1928759087975,593.9150932009936,602.68994140625,5309,CCL.BO,590.9334629603794,574.9772237141927,598.3768310546875
2024-06-14,614.7864087323687,614.7864087323687,597.5837163816444,601.2523193359375,5030,CCL.BO,594.9420078822544,575.7109436035156,602.68994140625
2024-06-18,605.8131949082418,617.6121995068822,602.7890985918923,609.7296752929688,17441,CCL.BO,600.5015520368304,576.6495727539062,601.2523193359375
2024-06-19,619.6943899968594,619.6943899968594,596.9391998927687,599.269287109375,4991,CCL.BO,600.5582188197544,577.2990152994792,609.7296752929688
2024-06-20,599.7650160724705,608.2424228489648,598.1289987484859,602.9874267578125,9212,CCL.BO,601.9392525809152,578.2624348958333,599.269287109375
2024-06-21,606.60637727205,611.2169273216123,589.8994422422198,595.8980712890625,13241,CCL.BO,601.4576503208706,578.9945007324219,602.9874267578125
2024-06-24,597.8811347490657,597.8811347490657,588.9575357229603,589.750732421875,7092,CCL.BO,600.2253505161831,579.5613138834635,595.8980712890625
2024-06-25,597.8810787427394,597.9802056269323,588.4617250975388,589.6515502929688,7789,CCL.BO,598.3627232142857,580.1380411783854,589.750732421875
2024-06-26,593.8655073654553,593.8655073654553,582.5126946597451,583.6033325195312,3218,CCL.BO,595.8414393833706,580.6767618815104,589.6515502929688
2024-06-27,584.9915053790203,589.0071129311821,575.076395118359,578.6954345703125,12320,CCL.BO,591.407976422991,581.385693359375,583.6033325195312
2024-06-28,583.8511735145862,589.8994263588928,580.0338807285665,586.4291381835938,7354,CCL.BO,589.5736694335938,582.4234741210937,578.6954345703125
2024-07-01,594.9065631260205,594.9065631260205,584.0495062455657,588.263427734375,10643,CCL.BO,587.4702410016741,583.3158325195312,586.4291381835938
2024-07-02,594.9065795305276,597.8811124281802,582.512692456975,589.056640625,15264,CCL.BO,586.4928937639509,584.1982747395833,588.263427734375
2024-07-03,597.8315880808054,597.8315880808054,582.6614814140744,584.049560546875,8608,CCL.BO,585.6784406389509,585.3599934895833,589.056640625
2024-07-04,585.9829748457405,588.1643110517864,582.8101276839488,583.7520751953125,13080,CCL.BO,584.8356584821429,586.1812947591146,584.049560546875
2024-07-05,584.1487288619068,587.6190173559963,581.0750084569246,583.305908203125,4872,CCL.BO,584.7931692940848,586.9232767740885,583.7520751953125
2024-07-08,585.1897980094301,589.9490386548366,581.0254397508139,583.4050903320312,3359,CCL.BO,585.4659772600446,587.4686075846354,583.305908203125
2024-07-09,583.0580033110386,604.9208077026398,581.9673654704791,596.7904663085938,43201,CCL.BO,586.9461669921875,587.602461751302,583.4050903320312
2024-07-10,602.1446475506466,608.4407790177951,580.5792822493529,591.4363403320312,30706,CCL.BO,587.3994402204241,587.7561462402343,596.7904663085938
2024-07-11,594.9066042080069,609.4322646675641,590.6431189812554,602.68994140625,32753,CCL.BO,589.3470546177456,588.4733378092448,591.4363403320312
2024-07-12,602.6898995112762,607.5483273147278,594.9561262975781,603.4335327148438,32691,CCL.BO,592.116193498884,589.3871785481771,602.68994140625
2024-07-15,603.9789797696415,608.4407794906178,593.6672406521279,595.7493896484375,11890,CCL.BO,593.830095563616,590.386952718099,603.4335327148438
2024-07-16,595.005692207736,597.8810981469278,587.9164252812174,590.3952026367188,4950,CCL.BO,594.8428519112723,590.9769022623698,595.7493896484375
2024-07-18,594.9065692976548,604.7721153419127,587.6685514746051,601.153076171875,7688,CCL.BO,597.3782784598214,592.2427286783854,590.3952026367188
2024-07-19,601.1530653573587,604.821667905436,583.10755430989,585.090576171875,24630,CCL.BO,595.7068655831473,592.6393310546875,601.153076171875
2024-07-22,584.0000091573311,589.9490754645365,578.9433270030192,588.1643676757812,3870,CCL.BO,595.2394409179688,593.217714436849,585.090576171875
2024-07-23,598.872626214807,598.872626214807,584.9914726270466,596.5921630859375,14466,CCL.BO,594.3683297293527,593.14169921875,588.1643676757812
2024-07-24,599.5667403594798,602.9378415985757,595.4023818716258,596.8896484375,5006,CCL.BO,593.4334891183036,593.2606811523438,596.5921630859375
2024-07-25,596.8896208251755,622.222714721908,591.6346246389244,609.2835083007812,20738,CCL.BO,595.3669346400669,593.5944885253906,596.8896484375
2024-07-26,609.7297353530183,615.7283651321392,609.2835432748784,611.9110717773438,23520,CCL.BO,598.4406302315848,594.0456298828125,609.2835083007812
2024-07-29,615.7283216759217,622.6193351249757,606.9038497027407,608.341552734375,7969,CCL.BO,599.4675554547991,594.2340169270833,611.9110717773438
2024-07-30,608.7877497444683,614.4393745083682,607.7962387513991,610.4237670898438,4437,CCL.BO,603.0865827287946,594.5397318522135,608.341552734375
2024-07-31,614.0427094608593,682.9031559460471,611.9109972624949,669.5673217773438,194226,CCL.BO,614.715576171875,596.5343200683594,610.4237670898438
2024-08-01,667.0390708007812,668.2784596354167,646.4652161458333,650.6791381835938,49782,CCL.BO,622.4422869001116,598.2479817708333,669.5673217773438
2024-08-02,649.3405696443009,654.8434435191791,639.5245866654159,645.1266479492188,10248,CCL.BO,629.3332868303571,599.6526224772135,650.6791381835938
2024-08-05,599.8641855753947,640.0699465712978,599.8641855753947,628.1718139648438,21246,CCL.BO,632.0316162109375,600.7284138997396,645.1266479492188
2024-08-06,629.6094699231986,641.4580381928753,625.6434260181705,627.9238891601562,17498,CCL.BO,634.3191615513393,602.0008524576823,628.1718139648438
2024-08-07,659.3052429610309,659.3052429610309,623.6604108721652,645.1266479492188,10911,CCL.BO,639.5741751534598,603.8500223795573,627.9238891601562
2024-08-08,663.3208739395817,685.1341164308684,652.3151257985173,655.5375366210938,77219,CCL.BO,646.0189993722098,606.2478291829427,645.1266479492188
2024-08-09,668.2288656035273,668.2288656035273,651.5218685670283,655.5375366210938,12266,CCL.BO,644.0147443498884,608.8092325846354,655.5375366210938
2024-08-12,654.0997999966651,659.553110339871,642.7965507148457,648.5473022460938,21746,CCL.BO,643.7101963588169,610.8798380533855,655.5375366210938
2024-08-13,645.4736619384371,666.2953929687093,642.7965701311391,654.6947021484375,19174,CCL.BO,645.0770612444196,613.0942138671875,648.5473022460938
2024-08-14,654.6946844773641,660.9411915144385,648.4977408856182,657.1734619140625,9187,CCL.BO,649.2201538085938,615.3647745768229,654.6947021484375
2024-08-16,667.633860048903,691.380558909454,660.495029771439,678.2926025390625,34196,CCL.BO,656.4156842912946,618.5062093098958,657.1734619140625
2024-08-19,679.0858817055966,708.5833328088071,679.0858817055966,700.6512451171875,56860,CCL.BO,664.3477696010044,622.4028483072917,678.2926025390625
2024-08-20,701.9897645625838,713.8878961653395,691.8267771518966,703.8240356445312,23669,CCL.BO,671.2458408900669,626.4201192220052,700.6512451171875
2024-08-21,718.3992447047956,718.3992447047956,701.8906237437991,704.0718994140625,8655,CCL.BO,678.1793212890625,630.4423461914063,703.8240356445312
2024-08-22,705.4600922869967,711.8553504835174,700.7999783793056,709.6244506835938,6787,CCL.BO,686.9046282087054,634.2034790039063,704.0718994140625
2024-08-23,718.7463524884038,718.7463524884038,698.86650840359,704.4190063476562,6771,CCL.BO,694.0081002371652,637.9695678710938,709.6244506835938
2024-08-26,727.7194822614342,727.7194822614342,697.2800836414385,700.6512451171875,6687,CCL.BO,700.2192121233259,641.2349446614584,704.4190063476562
2024-08-28,703.0308280524482,716.1187847155562,699.0152208023082,710.5167236328125,9527,CCL.BO,704.8226579938616,644.804384358724,700.6512451171875
2024-08-29,709.3269858286461,716.2675627525389,701.4444613616766,713.2930297851562,8030,CCL.BO,706.6286272321429,648.7225056966146,710.5167236328125
2024-08-30,712.6980781930012,731.2889090125026,704.9643046754941,713.4417114257812,11259,CCL.BO,708.0025809151786,652.8240559895834,713.2930297851562
2024-09-02,718.8454552945648,728.2648095363555,708.3850266347182,714.5819702148438,7005,CCL.BO,709.5040196010044,656.6050191243489,713.4417114257812
2024-09-03,722.8114931926231,726.529659309869,712.4997549539835,715.7717895507812,5474,CCL.BO,710.3822108677456,660.9610595703125,714.5819702148438
2024-09-04,718.1018092472392,846.7503556743421,715.0281494931709,824.1934814453125,229745,CCL.BO,727.4928501674107,668.8286966959636,715.7717895507812
2024-09-05,803.1734419791538,814.6253814770739,770.9493357416584,776.4522094726562,44673,CCL.BO,738.3215593610491,674.8240315755208,824.1934814453125
2024-09-06,773.428174022826,789.7385427210359,749.830223393325,753.7467041015625,18254,CCL.BO,744.4972708565848,680.0526000976563,776.4522094726562
2024-09-09,753.7962708666829,759.646210230501,736.9405831261586,740.7083129882812,27547,CCL.BO,748.4137398856027,684.433426920573,753.7467041015625
2024-09-10,742.9887324122095,766.9833103529145,738.9731250263151,758.8033447265625,19531,CCL.BO,754.8939732142857,689.3298360188802,740.7083129882812
2024-09-11,762.4224169000591,767.082530833941,736.7422570742427,741.9972534179688,9343,CCL.BO,758.8104422433036,693.7850260416667,758.8033447265625
2024-09-12,753.4492674418905,753.4492674418905,728.0665483749693,733.123291015625,8453,CCL.BO,761.2892281668527,697.875010172526,741.9972534179688
2024-09-13,740.679192396108,740.679192396108,722.7835877476115,725.1199340820312,16988,CCL.BO,747.1358642578125,699.7267639160157,733.123291015625
2024-09-16,734.6642873666038,745.153087874907,706.9757739768277,710.3560791015625,28004,CCL.BO,737.6935599190848,701.715995279948,725.1199340820312
2024-09-17,710.3560713107188,729.7429759860988,708.6162208911334,726.3626708984375,19792,CCL.BO,733.7815551757812,704.4238627115885,710.3560791015625
2024-09-18,735.4596365076186,747.6882874724918,724.8713795500469,743.5126342773438,18558,CCL.BO,734.1821725027902,708.2685567220052,726.3626708984375
2024-09-19,752.8084560706791,757.2326594054183,727.7545971474036,752.6593017578125,12091,CCL.BO,733.3044520786831,712.4264038085937,743.5126342773438
2024-09-20,755.4927637081222,765.0867593241028,744.6559571487122,753.0072631835938,27457,CCL.BO,734.8773106166294,716.0224243164063,752.6593017578125
2024-09-23,760.5631489036463,760.5631489036463,730.7371430642877,734.8630981445312,10154,CCL.BO,735.1258544921875,718.6666097005208,753.0072631835938
2024-09-24,734.8631532258618,738.6411021124554,717.2160984481809,719.7015991210938,9564,CCL.BO,734.351806640625,720.8054117838542,734.8630981445312
2024-09-25,715.8241530115971,719.7512559872688,709.8589517365004,712.6427001953125,3938,CCL.BO,734.678466796875,722.9419250488281,719.7015991210938
2024-09-26,712.6924097517186,714.8299645161318,705.88216245682,710.2069091796875,10459,CCL.BO,732.3705008370536,724.7923319498698,712.6427001953125
2024-09-27,713.7860589228043,713.7860589228043,691.9633519931102,694.4488525390625,4959,CCL.BO,725.3613891601562,726.0348449707031,710.2069091796875
2024-09-30,685.9981438587461,705.3353500501278,685.9981438587461,700.264892578125,7946,CCL.BO,717.8764735630581,726.7672546386718,694.4488525390625
2024-10-01,704.8879815339257,704.8879815339257,689.6767297527134,691.3668823242188,8484,CCL.BO,709.0707048688616,726.4577758789062,700.264892578125
2024-10-03,687.0420653079659,689.3287137290317,669.3453131311876,674.01806640625,6465,CCL.BO,700.3785574776786,725.4642435709635,691.3668823242188
2024-10-04,671.6816465406127,687.1415085567464,659.4529959311371,665.0702514648438,16520,CCL.BO,692.5740792410714,724.1641886393229,674.01806640625
2024-10-07,670.0909572032069,670.0909572032069,638.7736498561728,659.0553588867188,22073,CCL.BO,684.9187447684152,722.4785522460937,665.0702514648438
2024-10-08,653.4877820798505,662.0876381185861,652.4935818756575,656.5200805664062,7603,CCL.BO,677.2491978236607,720.8819213867188,659.0553588867188
2024-10-09,671.0354538913336,671.1845475163598,660.5466536555151,665.8656005859375,2997,CCL.BO,673.1658761160714,719.7223999023438,656.5200805664062
2024-10-10,656.1721443630062,683.0155502687655,656.1721443630062,673.4712524414062,3978,CCL.BO,669.3382132393973,718.4875508626302,665.8656005859375
2024-10-11,678.989075551914,678.989075551914,663.3304215526505,668.7985229492188,2620,CCL.BO,666.1141619001116,717.0044006347656,673.4712524414062
2024-10-14,665.9153048087082,669.5441599364287,652.3445080189931,659.65185546875,12308,CCL.BO,664.0618460518973,715.2114054361979,668.7985229492188
2024-10-15,659.0055714773403,665.2690812174494,646.230123312022,649.9583740234375,7082,CCL.BO,661.9030064174107,713.057285563151,659.65185546875
2024-10-16,649.9584281343256,678.0445858319083,645.9816270444023,666.7604370117188,6465,CCL.BO,663.0037318638393,711.423573811849,649.9583740234375
2024-10-17,666.1638516171992,669.9915589093415,651.7479482899478,657.464599609375,2943,CCL.BO,663.1386631556919,705.8659444173177,666.7604370117188
2024-10-18,643.2475582398358,653.935210869014,641.2591577506864,643.0487060546875,4243,CCL.BO,659.8791067940848,701.4191609700521,657.464599609375
2024-10-21,641.3585485335439,649.212754677298,633.3055508873489,639.4696044921875,8297,CCL.BO,655.021728515625,697.6099243164062,643.0487060546875
2024-10-22,642.2533373959117,642.2533373959117,614.6145836194414,628.9310302734375,4083,CCL.BO,649.3263724190848,693.8840148925781,639.4696044921875
2024-10-23,628.9310394386536,637.4811978010612,612.6758899968032,624.5068969726562,12455,CCL.BO,644.3056640625,689.4074666341146,628.9310302734375
2024-10-24,631.3171195585336,643.2475218179075,621.4745134220847,638.9724731445312,8448,CCL.BO,642.7362496512277,685.9733072916666,624.5068969726562
2024-10-25,627.3900269941918,642.0047821384545,614.9128265623448,625.3519287109375,5450,CCL.BO,636.8207484654018,682.380928548177,638.9724731445312
2024-10-28,630.3229582647065,637.7297622606751,616.4041547699022,634.647705078125,3570,CCL.BO,633.5611921037946,679.3651875813802,625.3519287109375
2024-10-29,634.7471569031237,647.4729078697428,626.6940985308996,631.2674560546875,2650,CCL.BO,631.878156389509,676.7289001464844,634.647705078125
2024-10-31,642.2036441151262,678.8895958169943,642.2036441151262,674.0677490234375,15803,CCL.BO,636.8207484654018,674.9857360839844,631.2674560546875
2024-11-01,679.0387847162664,679.9335892321375,675.6087816469856,676.7521362304688,444,CCL.BO,643.6523350306919,672.7603861490885,674.0677490234375
2024-11-04,673.073551854177,673.073551854177,655.1779478166952,665.666748046875,4637,CCL.BO,649.5323137555804,669.8606343587239,676.7521362304688
2024-11-06,680.0826456484845,747.6882603394586,680.0826456484845,714.4322509765625,137601,CCL.BO,660.3122820172991,668.5748006184896,665.666748046875
2024-11-07,711.5491273290345,714.8796738765982,694.0511666121138,696.58642578125,13363,CCL.BO,670.4886387416294,667.2989115397136,714.4322509765625
2024-11-08,696.586413242764,698.5748136965435,683.960058225031,688.0362548828125,5230,CCL.BO,678.1155744280134,666.2434000651042,696.58642578125
2024-11-11,688.8813455361918,714.5813965338475,681.5242397550643,708.2682495117188,18200,CCL.BO,689.1156877790179,666.0975850423177,688.0362548828125
2024-11-12,715.8241459714411,720.7454491112277,683.0155392810833,687.0917358398438,10644,CCL.BO,690.9762573242188,665.327079264323,708.2682495117188
2024-11-13,687.9865637676961,705.733013719584,673.3221102769829,692.609619140625,5800,CCL.BO,693.2416120256696,665.265771484375,687.0917358398438
2024-11-14,692.0130291636812,705.1861816631049,687.8871347895412,690.7205810546875,7916,CCL.BO,696.8207310267857,664.9476277669271,692.609619140625
2024-11-18,688.9310324871144,696.7851775644858,684.4074337674463,690.521728515625,2402,CCL.BO,693.4049421037946,664.9194559733073,690.7205810546875
2024-11-19,692.0627516792465,708.8647597379274,686.5449525720778,697.2326049804688,11018,CCL.BO,693.4972534179688,665.6932739257812,690.521728515625
2024-11-21,695.9401562956365,710.4554552830505,687.6386087037192,707.4231567382812,6739,CCL.BO,696.2668108258929,667.1050374348958,697.2326049804688
2024-11-22,707.4231524455672,747.6385633694242,707.4231524455672,736.0064086914062,34763,CCL.BO,700.2294049944196,669.6700724283854,707.4231567382812
2024-11-25,755.5922053541225,763.5458075157447,733.7694972869374,742.2698974609375,13380,CCL.BO,708.1119995117188,672.5283996582032,736.0064086914062
2024-11-26,755.5424711253135,755.5424711253135,738.8399195257527,749.1795654296875,5949,CCL.BO,716.1934204101562,675.3055318196615,742.2698974609375
2024-11-27,764.0925502160799,792.2781622446967,741.3254020852327,788.599609375,14289,CCL.BO,730.1761387416294,679.143143717448,749.1795654296875
2024-11-28,800.3311995851606,815.7413034281046,777.5142917588905,784.2748413085938,16458,CCL.BO,743.5694405691964,682.992354329427,788.599609375
2024-11-29,770.6045628815183,793.371772092478,768.0693644678319,787.7545166015625,17966,CCL.BO,756.5011422293527,687.2624430338542,784.2748413085938
2024-12-02,775.3270292736566,794.6642359876575,775.3270292736566,787.9036865234375,16409,CCL.BO,767.9983607700893,691.8606201171875,787.7545166015625
2024-12-03,788.4008041842629,804.6062562450072,788.0528583666111,800.4306030273438,7666,CCL.BO,777.2018171037946,696.3162923177083,787.9036865234375
2024-12-04,800.43061097858,803.3138160263898,787.7545575697478,795.0122680664062,9410,CCL.BO,784.7364414760044,700.9012145996094,800.4306030273438
2024-12-05,788.4504908965348,803.7115010415102,788.2516387116202,792.4769897460938,9767,CCL.BO,790.9217878069196,705.882157389323,795.0122680664062
2024-12-06,804.3576984538166,804.3576984538166,778.06108975976,784.0760498046875,15992,CCL.BO,790.2755650111607,710.7023722330729,792.4769897460938
2024-12-09,799.336995727345,799.336995727345,766.5780855696986,781.68994140625,21694,CCL.BO,789.9062935965402,715.7943359375,784.0760498046875
2024-12-10,781.6899385932818,839.204398196963,778.409089937963,811.6651000976562,42469,CCL.BO,793.3220912388393,722.0329427083333,781.68994140625
2024-12-11,815.2939052048378,822.8001049775428,783.8772014875751,786.8598022460938,18178,CCL.BO,793.1729649135044,726.9625203450521,811.6651000976562
2024-12-12,787.4562754918824,792.1290286821553,769.9086779423266,771.1514282226562,6335,CCL.BO,788.9902256556919,731.8225036621094,786.8598022460938
2024-12-13,772.5432480268105,772.5432480268105,757.1828429049023,765.2359008789062,14365,CCL.BO,784.7364589146206,736.1754435221354,771.1514282226562
2024-12-16,753.6535006959518,769.5607049770875,753.6535006959518,762.4522094726562,2535,CCL.BO,780.4472045898438,740.5482686360677,765.2359008789062
2024-12-17,769.4612837540388,769.4612837540388,752.1621753984275,755.54248046875,7961,CCL.BO,776.3709803989956,743.2640930175781,762.4522094726562
2024-12-18,779.6021637309908,779.6021637309908,750.919449616011,762.2533569335938,7550,CCL.BO,773.5943254743304,746.1141337076823,755.54248046875
2024-12-19,750.7205782074585,775.4761884973404,750.7205782074585,759.3204345703125,10771,CCL.BO,766.1165161132812,749.2359232584636,762.2533569335938
2024-12-20,772.4438961920881,772.4438961920881,737.0503308917106,742.1207885742188,3413,CCL.BO,759.7252284458706,750.1588745117188,759.3204345703125
2024-12-23,749.0304694124976,749.4778109662019,733.3718159602073,737.0006103515625,6088,CCL.BO,754.8465401785714,751.5060139973958,742.1207885742188
2024-12-24,727.8042551140236,740.8283143367088,727.8042551140236,734.8133544921875,2522,CCL.BO,750.5004621233259,753.0652506510417,737.0006103515625
2024-12-26,720.8448346720268,742.2201387288195,717.4645904391857,732.0792846679688,3351,CCL.BO,746.1614728655134,753.8589518229167,734.8133544921875
2024-12-27,730.6874655294629,730.7371634043456,724.7719620704326,728.0031127929688,1471,CCL.BO,742.227277483259,755.2226643880208,732.0792846679688
2024-12-30,738.6410573443803,743.61205838892,723.2309541063074,731.6319580078125,3330,CCL.BO,737.8527919224331,756.5234090169271,728.0031127929688
2024-12-31,756.2881207204476,756.2881207204476,718.8067602292456,738.1936645507812,3531,CCL.BO,734.8346819196429,758.1058451334635,731.6319580078125
2025-01-01,725.8158402022367,736.9011966486273,717.3154406714688,724.6725463867188,4869,CCL.BO,732.3420758928571,759.2442057291667,738.1936645507812
2025-01-02,724.5731392193593,729.6932948440237,716.8680871844994,727.3071899414062,3564,CCL.BO,730.9573015485491,760.2466918945313,724.6725463867188
2025-01-03,726.3626648245215,730.7371701153659,721.2425700412566,721.9882202148438,4349,CCL.BO,729.1251395089286,760.7321940104167,727.3071899414062
2025-01-06,735.6584967957151,735.6584967957151,690.7206327686665,694.9459838867188,6127,CCL.BO,723.8203822544643,759.3635131835938,721.9882202148438
2025-01-07,699.7678123439686,705.2359136459369,697.5806203681146,703.3966674804688,4447,CCL.BO,720.30517578125,758.0677388509115,694.9459838867188
2025-01-08,697.9782813692206,697.9782813692206,674.1174750959767,683.363525390625,12255,CCL.BO,713.409685407366,755.8738708496094,703.3966674804688
2025-01-09,688.6327845416525,688.8315760343362,666.1141260093196,669.9417724609375,9282,CCL.BO,703.6594151088169,751.9186096191406,683.363525390625
2025-01-10,673.5706536246224,673.5706536246224,638.3262434500233,656.07275390625,9531,CCL.BO,693.8594447544643,747.6452067057292,669.9417724609375
2025-01-13,646.2798327484388,651.8473903191318,620.380929479325,647.5225830078125,21600,CCL.BO,682.4616437639509,742.9708089192708,656.07275390625
2025-01-14,646.9260901043874,647.5225859591395,627.0917837381487,639.12158203125,5108,CCL.BO,670.623552594866,738.011405436198,647.5225830078125
2025-01-15,655.1779265566228,655.1779265566228,627.4894754806787,630.3726196289062,7242,CCL.BO,661.3987862723214,732.3428059895833,639.12158203125
2025-01-16,646.2301485436969,646.2301485436969,628.8813424196367,635.8904418945312,3965,CCL.BO,651.7550397600446,727.0387451171875,630.3726196289062
2025-01-17,629.4281184108817,637.8788200580282,616.4538180182601,631.16796875,7099,CCL.BO,644.2985316685268,721.661777750651,635.8904418945312
2025-01-20,641.2094559514053,641.2094559514053,626.8929482446591,629.4779052734375,2641,CCL.BO,638.5179792131696,716.5085062662761,631.16796875
2025-01-21,656.122433437958,656.122433437958,621.0768764247208,633.355224609375,3716,CCL.BO,635.2726178850446,711.5640157063802,629.4779052734375
2025-01-22,656.122469061966,656.122469061966,626.3958572266844,636.0396118164062,6640,CCL.BO,633.6321934291294,705.7098327636719,633.355224609375
2025-01-23,632.2616684279529,634.3991625814458,626.7935669897826,629.030517578125,4884,CCL.BO,632.1906127929688,700.4488566080729,636.0396118164062
2025-01-24,651.1017585027354,651.1017585027354,602.9327449564295,606.9095458984375,4609,CCL.BO,628.8387451171875,694.9741271972656,629.030517578125
2025-01-27,595.3270895369251,602.4853433766433,589.6601360520996,596.718994140625,4068,CCL.BO,623.2428240094866,689.3568969726563,606.9095458984375
2025-01-28,591.5491397157488,603.5789382845604,583.5955378372178,596.1224365234375,4007,CCL.BO,618.2363194056919,683.8125712076823,596.718994140625
2025-01-29,600.3477618968582,625.0536730862268,596.4704175552703,620.1820678710938,11694,CCL.BO,616.9083426339286,679.3005574544271,596.1224365234375
2025-01-30,607.4563591650823,615.1117133071607,597.4149608065064,606.85986328125,3591,CCL.BO,613.123291015625,674.1207743326823,620.1820678710938
2025-01-31,606.8598217018856,622.1207703824697,605.6667693347954,620.1820678710938,3923,CCL.BO,610.857927594866,669.4828287760416,606.85986328125
2025-02-01,623.1149881503331,652.195344597716,613.0735901965237,642.7007446289062,12968,CCL.BO,612.8108171735491,666.1688273111979,620.1820678710938
2025-02-03,646.6278794301653,658.0611825272033,639.0222230974942,654.3826293945312,4244,CCL.BO,619.5926862444196,663.4148946126302,642.7007446289062
2025-02-04,661.1928756820815,683.9103882003211,660.6957755483936,675.3602294921875,6143,CCL.BO,630.8271484375,661.4331237792969,654.3826293945312
2025-02-05,681.0768834799346,685.5010868219081,673.1232813123128,677.1497802734375,6347,CCL.BO,642.4024832589286,659.6021402994792,675.3602294921875
2025-02-06,658.5085102522128,665.666764176893,642.2533604634153,644.6394653320312,28201,CCL.BO,645.8963971819196,656.8233520507813,677.1497802734375
2025-02-07,656.1224431013577,665.318795077155,643.8440340547021,650.1075439453125,6478,CCL.BO,652.0746372767857,654.1058715820312,644.6394653320312
2025-02-10,644.6891816211371,645.6833818979277,614.2169188650356,635.9899291992188,5637,CCL.BO,654.3329031808036,650.6990804036458,650.1075439453125
2025-02-11,638.2765355258683,678.0445439698476,593.1398216694856,607.1580810546875,36264,CCL.BO,649.2553798130581,646.7819315592448,635.9899291992188
2025-02-12,593.5375520806564,614.6643074939125,586.2799023572773,604.4737548828125,14718,CCL.BO,642.1255405970982,642.6874837239583,607.1580810546875
2025-02-13,592.593005269658,602.8332549894452,588.5168088033192,594.4323120117188,8307,CCL.BO,630.5644095284598,638.4356201171875,604.4737548828125
2025-02-14,594.4323157019708,608.9973120235657,576.6361080935158,597.0172119140625,8168,CCL.BO,619.1168997628348,635.171327718099,594.4323120117188
2025-02-17,586.5781610690884,598.3594100316525,575.9402060117711,590.45556640625,13002,CCL.BO,611.3763427734375,631.4066243489583,597.0172119140625
2025-02-18,590.4555522052743,597.6635040111555,586.5781469613677,591.3005981445312,5196,CCL.BO,602.9753505161831,628.3378601074219,590.45556640625
2025-02-19,603.1315842070197,607.2077808127068,587.472930833626,597.9617309570312,6811,CCL.BO,597.5427507672991,625.938525390625,591.3005981445312
2025-02-20,589.5607248704357,600.8448729879856,589.5607248704357,596.56982421875,5702,CCL.BO,596.0301426478794,623.9550944010417,597.9617309570312
2025-02-21,617.1994936358349,617.1994936358349,592.8415878829102,595.9236450195312,2593,CCL.BO,594.8086983816964,622.2351298014323,596.56982421875
2025-02-24,612.9244446967058,612.9244446967058,583.595537772857,585.3353881835938,1953,CCL.BO,593.5091378348214,620.4422566731771,595.9236450195312
2025-02-25,587.0255130605694,595.6253082768953,578.6742072100458,587.224365234375,1249,CCL.BO,592.1101597377232,619.0039815266927,585.3353881835938
2025-02-27,590.3063922088032,590.3063922088032,573.8523903811533,576.5367431640625,3198,CCL.BO,590.1217564174107,617.0255249023437,587.224365234375
2025-02-28,574.3495053543978,585.1365539595781,562.8665044273291,576.2882080078125,15542,CCL.BO,587.9771292550223,615.1961995442708,576.5367431640625
2025-03-03,582.5516233935869,584.6394195556979,564.7057175427544,574.2003173828125,4085,CCL.BO,584.5826416015625,613.35361328125,576.2882080078125
2025-03-04,591.4497370011732,591.4497370011732,565.3519811445105,580.563232421875,6737,CCL.BO,582.2959856305804,611.5938802083333,574.2003173828125
2025-03-05,582.6013146934444,592.5433166506704,577.878863763762,580.0164184570312,7255,CCL.BO,580.0235246930804,609.7264404296875,580.563232421875
2025-03-06,602.1871005328138,602.1871005328138,574.7968959192935,578.9227905273438,7852,CCL.BO,579.107439313616,608.0561828613281,580.0164184570312
2025-03-07,574.6477487451646,604.3246021544329,574.6477487451646,594.680908203125,18014,CCL.BO,580.1726597377232,607.6485616048177,578.9227905273438
2025-03-10,593.487820468722,593.487820468722,572.2119119541668,581.0106201171875,9905,CCL.BO,580.811785016741,607.1249491373698,594.680908203125
2025-03-11,575.4431069222818,578.2268555555087,568.3346113661105,569.4779052734375,3993,CCL.BO,579.838884626116,606.2367980957031,581.0106201171875
2025-03-12,586.5781050522639,586.5781050522639,562.0213485180806,562.866455078125,4158,CCL.BO,578.2197614397321,604.3262776692708,569.4779052734375
2025-03-13,561.7231050147808,572.4107570128497,556.7521040854465,565.8490600585938,4133,CCL.BO,576.1177368164062,602.9592508951823,562.866455078125
2025-03-17,567.0918507122745,567.0918507122745,542.8333401755519,551.333740234375,4052,CCL.BO,572.0202113560268,600.664306640625,565.8490600585938
2025-03-18,556.7024033957882,558.2434015398526,548.8481976947123,553.6701049804688,7182,CCL.BO,568.4126848493304,597.6966186523438,551.333740234375
2025-03-19,559.685014564851,559.685014564851,549.2459124678611,550.43896484375,15349,CCL.BO,562.0924072265625,594.2318298339844,553.6701049804688
2025-03-20,553.4215858430854,568.0362807726658,549.7927307078993,564.7554321289062,9664,CCL.BO,559.7702375139509,590.5450032552084,550.43896484375
2025-03-21,568.6328582721566,593.4878650968756,563.7612526620441,590.6543579101562,27221,CCL.BO,562.7954450334821,587.6618225097657,564.7554321289062
2025-03-24,593.9352193213006,596.0230154532584,576.636111697898,578.8233642578125,8422,CCL.BO,565.0750034877232,585.4679524739583,590.6543579101562
2025-03-25,581.6071177380785,588.5665191469102,568.2351128948761,572.0130615234375,12213,CCL.BO,565.9555751255581,582.8648030598958,578.8233642578125
2025-03-26,585.4347613852617,585.4347613852617,547.5557581743965,549.2459106445312,14328,CCL.BO,565.6573137555804,579.9733357747396,572.0130615234375
2025-03-27,549.2956204161037,565.1531260286026,549.2956204161037,557.3983764648438,6442,CCL.BO,566.189923967634,578.3146789550781,549.2459106445312
2025-03-28,557.3983831440114,563.4629802736966,548.7985268832476,551.582275390625,13419,CCL.BO,566.353254045759,576.5516296386719,557.3983764648438
2025-04-01,558.6908572748353,561.1266600874453,551.3337509594356,559.0885009765625,2049,CCL.BO,565.5436924525669,575.3735026041667,551.582275390625
2025-04-02,555.4597043175105,572.6096590161449,550.6377965877439,568.4837036132812,4969,CCL.BO,562.3764561244419,574.4223856608073,559.0885009765625
2025-04-03,562.7173344886475,570.8200906976556,556.7521330629727,565.1531372070312,8960,CCL.BO,560.423566545759,573.5789713541667,568.4837036132812
2025-04-04,559.4364756342059,561.7231240027627,544.9211160211872,547.60546875,3047,CCL.BO,556.936767578125,572.1224670410156,565.1531372070312
2025-04-07,472.24512404682986,560.2318471587129,472.24512404682986,552.9244995117188,18583,CCL.BO,557.4622802734375,570.6212259928385,547.60546875
2025-04-08,567.6386506645584,569.6270511848434,554.4654972176711,563.5126953125,4731,CCL.BO,558.3357543945312,569.5193216959635,552.9244995117188
2025-04-09,556.8515506665451,572.5102050234268,551.7314556506154,570.074462890625,10310,CCL.BO,560.9774954659598,568.6576822916667,563.5126953125
2025-04-11,590.9526276335847,622.4687256676357,574.6974178316248,595.177978515625,42006,CCL.BO,566.1331351143973,568.9857686360677,570.074462890625
2025-04-15,605.4679490687979,612.029646411855,598.4091516033527,610.8863525390625,4864,CCL.BO,572.190656389509,569.774501546224,595.177978515625
2025-04-16,616.404135160103,622.4190343427709,606.9095352144346,620.7288818359375,6444,CCL.BO,580.1300484793527,571.2475728352864,610.8863525390625
2025-04-17,622.3693525084749,622.8664526302867,607.7048989150244,610.4886474609375,7230,CCL.BO,589.1133597237723,572.3875874837239,620.7288818359375
2025-04-21,610.4389274200156,620.3809294952601,605.7164764342745,616.1555786132812,5966,CCL.BO,598.1463710239956,573.7860961914063,610.4886474609375
2025-04-22,616.40416925324,637.3817707408423,612.3279724064523,634.399169921875,14305,CCL.BO,608.2730102539062,575.5806274414062,616.1555786132812
2025-04-23,647.224358535429,647.224358535429,626.3461534213828,631.8639526367188,4055,CCL.BO,617.100080217634,577.3088785807291,634.399169921875
2025-04-24,632.7090264889067,634.5482725717214,628.8316214674718,630.3726196289062,1024,CCL.BO,622.1278860909598,579.0238728841146,631.8639526367188
2025-04-25,625.3519368688557,625.3519368688557,609.0967875836021,609.9418334960938,1313,CCL.BO,621.9929547991071,579.5325703938802,630.3726196289062
2025-04-28,614.7139707061453,616.4538210538312,607.5557171394336,612.3776245117188,1082,CCL.BO,620.7999180385044,580.5781372070312,609.9418334960938
2025-04-29,624.3080402507445,624.3080402507445,607.0089321512338,610.93603515625,2208,CCL.BO,620.8638305664062,581.9600748697917,612.3776245117188
2025-04-30,606.5118586643023,609.1962115122177,582.6013544612968,586.6775512695312,7144,CCL.BO,616.6526838030134,582.7537780761719,610.93603515625
2025-05-02,584.5897391179311,598.5085424302629,579.7181336861483,596.718994140625,1834,CCL.BO,611.2698015485491,583.7827758789062,586.6775512695312
2025-05-05,587.0752615458687,604.4737663334262,586.9758657909788,590.8532104492188,5580,CCL.BO,605.4111240931919,585.1000915527344,596.718994140625
2025-05-06,661.6899237599476,702.8995337369087,647.3237188903367,690.91943359375,765544,CCL.BO,614.0606689453125,589.6750691731771,590.8532104492188
2025-05-07,661.3917125819885,798.34279624703,661.3917125819885,771.4993896484375,524286,CCL.BO,637.1403198242188,597.04375,690.91943359375
2025-05-08,755.7910462625808,767.9699993907678,715.8241838607867,723.5292358398438,342607,CCL.BO,653.0191214425223,602.3362101236979,771.4993896484375
2025-05-09,707.522644449943,734.1671994755955,698.5748420448319,718.9061889648438,51646,CCL.BO,668.4434291294643,606.6112711588542,723.5292358398438
2025-05-12,735.2607856455946,748.9310391369072,720.298083960428,722.73388671875,11253,CCL.BO,687.8800484793527,611.4082885742188,718.9061889648438
2025-05-13,721.7893583047086,731.1845625015195,713.6866022551302,715.4264526367188,10143,CCL.BO,704.8382568359375,616.1887349446614,722.73388671875
2025-05-14,709.4612480328087,734.8631120309358,708.4173499449379,723.6286010742188,13117,CCL.BO,723.806169782366,622.0014912923177,715.4264526367188
2025-05-15,733.7197693557904,733.7197693557904,719.0553159709694,720.9940185546875,5210,CCL.BO,728.1025390625,627.4546793619792,723.6286010742188
2025-05-16,752.6095646003776,777.4645700363213,736.0561067075728,757.182861328125,172104,CCL.BO,726.0573207310268,634.3080322265625,720.9940185546875
2025-05-19,746.5449769497753,772.443880804012,746.1969704605893,753.1563720703125,39624,CCL.BO,730.2897687639509,640.7769612630208,757.182861328125
2025-05-20,750.6708976856817,847.1580212334648,750.6708976856817,826.180419921875,223178,CCL.BO,745.6146589006696,649.3668518066406,753.1563720703125
2025-05-21,835.1281836881957,844.7719379455901,792.7255200891799,799.7346801757812,120365,CCL.BO,756.6147722516741,657.1862365722657,826.180419921875
2025-05-22,799.7347190499967,816.8846736558053,794.3163154585945,805.79931640625,22797,CCL.BO,769.5251813616071,665.7926981608073,799.7346801757812
2025-05-23,793.3717701976933,820.761973937333,791.3833697711326,796.7520751953125,28707,CCL.BO,779.9713919503348,673.9202840169271,805.79931640625
2025-05-26,801.8225080121433,811.9633627791567,794.6145561422263,800.6294555664062,13840,CCL.BO,791.347882952009,681.8241760253907,796.7520751953125
2025-05-27,800.6294614055605,873.0569871319317,795.8573122689759,837.3651733398438,381416,CCL.BO,802.8024989536831,690.7338663736979,800.6294555664062
2025-05-28,835.0288086498524,835.0288086498524,806.296397344993,813.852294921875,33855,CCL.BO,811.4733450753348,698.0230102539062,837.3651733398438
2025-05-29,813.2558005095633,818.6742039817101,798.4421925847829,804.0594482421875,42479,CCL.BO,808.3132062639509,704.4621134440105,813.852294921875
2025-05-30,804.357710803008,894.7802368769761,804.357710803008,879.519287109375,106792,CCL.BO,819.7110072544643,713.0884602864584,804.0594482421875
2025-06-02,888.9641352859891,899.751183210019,869.5772313383699,884.490234375,96424,CCL.BO,830.9525669642857,722.221846516927,879.519287109375
2025-06-03,888.5664594441696,898.9061661538047,877.878806924981,883.19775390625,22915,CCL.BO,843.3019496372768,731.1232523600261,884.490234375
2025-06-04,884.7885273862036,909.8920837770812,871.4662197221419,884.1422729492188,25349,CCL.BO,855.2323521205357,739.4480224609375,883.19775390625
2025-06-05,892.3444036238374,904.6228128637296,883.4462994358491,890.6045532226562,12320,CCL.BO,862.8379778180804,748.0727091471355,884.1422729492188
2025-06-06,891.1513826073896,895.6252837966118,862.6675814447091,869.3287353515625,14595,CCL.BO,870.76318359375,756.0379130045573,890.6045532226562
2025-06-09,873.255745398477,881.3585015236424,864.9541977727794,868.2350463867188,7512,CCL.BO,879.9311261858259,764.6476867675781,869.3287353515625
2025-06-10,868.2350486550381,874.2002500345727,840.6459922746902,848.4505004882812,25183,CCL.BO,875.4927280970982,772.5167826334635,868.2350463867188
2025-06-11,858.6410639841769,858.989009796697,835.128203969011,845.6170043945312,12361,CCL.BO,869.9394095284598,780.3394816080729,848.4505004882812
2025-06-12,848.102506504288,849.444713243174,820.2648996559972,825.2359008789062,10949,CCL.BO,861.6591448102679,788.291426595052,845.6170043945312
2025-06-13,795.4098972809524,835.7744638094426,795.3601994047231,828.0196533203125,7572,CCL.BO,853.6416277204241,796.0014485677083,825.2359008789062
2025-06-16,807.8870817383361,833.1397918250709,797.7462879484056,805.5010375976562,10427,CCL.BO,841.4839826311384,803.1563761393229,828.0196533203125
2025-06-17,797.0006320840426,814.6973838959739,797.0006320840426,801.5242309570312,9700,CCL.BO,831.797624860491,806.843202718099,805.5010375976562
2025-06-18,800.8779627282821,806.6940703342467,781.5905151665613,792.1787109375,6184,CCL.BO,820.9324340820312,807.5325134277343,801.5242309570312
2025-06-19,840.546590976025,840.546590976025,776.0726700824233,791.93017578125,16241,CCL.BO,812.8581019810268,809.8125447591145,792.1787109375
2025-06-20,797.3485667021412,799.3369671178572,775.5258600034243,783.3800659179688,14015,CCL.BO,803.9671107700893,811.9616739908854,791.93017578125
2025-06-23,767.3734355463033,822.2036033816454,767.3734355463033,815.2442016601562,35009,CCL.BO,802.5397251674107,815.045351155599,783.3800659179688
2025-06-24,833.835770144648,855.5093236750215,804.80511041828,845.1696166992188,20953,CCL.BO,804.9897199358259,819.3701232910156,815.2442016601562
2025-06-25,853.5209019884135,853.5209019884135,834.3825474592616,841.043701171875,6881,CCL.BO,810.0672433035714,823.2839599609375,845.1696166992188
2025-06-26,841.0933714040375,850.0908711013819,828.0196144673126,832.7420654296875,3692,CCL.BO,814.5269339425223,827.0088948567708,841.043701171875
2025-06-27,832.7918559236534,850.7868560084796,832.7420973666831,844.4239501953125,4869,CCL.BO,821.9905395507812,829.9169311523438,832.7420654296875
2025-06-30,842.2367440636543,859.9831937902114,837.3154408184482,845.0701904296875,5714,CCL.BO,829.5819702148438,832.9807250976562,844.4239501953125
2025-07-01,840.0991873172159,841.9881920108689,825.0867882423569,833.090087890625,13393,CCL.BO,836.6834019252232,833.2110473632813,845.0701904296875
2025-07-02,834.084284286393,859.9831878060531,811.2673771673287,851.4827880859375,10492,CCL.BO,841.8603428431919,834.9359842936198,833.090087890625
2025-07-03,850.0909085034431,886.3295196190534,844.7719614579494,879.767822265625,40126,CCL.BO,846.8029436383929,837.401601155599,851.4827880859375
2025-07-04,888.5167859387022,894.133981008108,874.8962302183869,878.723876953125,10526,CCL.BO,852.1858258928571,840.1339945475261,879.767822265625
2025-07-07,889.7594855115507,893.1894883546889,872.0627340005624,886.0809326171875,2942,CCL.BO,859.8056640625,842.9823771158855,878.723876953125
2025-07-08,886.130634842566,905.368445310549,880.2151314581293,889.0635375976562,9678,CCL.BO,866.1827479771206,844.7056559244792,886.0809326171875
2025-07-09,834.9790589619364,891.5987755575369,834.9790589619364,884.5399780273438,11157,CCL.BO,871.8212890625,847.0619120279948,889.0635375976562
2025-07-10,885.8821120112015,896.7686167790654,870.124062474413,876.1886596679688,5793,CCL.BO,877.9782278878348,849.4662190755208,884.5399780273438
2025-07-11,867.4893841523609,907.3070905667648,867.1911362245443,880.8613891601562,20034,CCL.BO,882.1751708984375,849.5109558105469,876.1886596679688
2025-07-14,876.9342814994445,887.2242900629299,853.0734765028386,867.29052734375,6393,CCL.BO,880.3927001953125,848.9376322428385,880.8613891601562
2025-07-15,883.744596222349,893.5374440769008,867.2905341035943,882.2532958984375,3571,CCL.BO,880.8969029017857,848.9061503092448,867.29052734375
2025-07-16,882.8498270202408,895.7744303437353,867.5888773684279,874.9459228515625,5869,CCL.BO,879.3061872209821,848.5996053059896,882.2532958984375
2025-07-17,878.8233110543971,885.832410584404,873.9020077482504,884.3908081054688,1821,CCL.BO,878.638654436384,848.39248046875,874.9459228515625
2025-07-18,886.9259952192564,886.9757537753702,861.1265479612408,865.8489990234375,9417,CCL.BO,875.9685145786831,848.2764892578125,884.3908081054688
2025-07-21,862.2201548769309,866.2466536974592,857.0006036366843,863.0155029296875,6425,CCL.BO,874.0866350446429,848.1025044759115,865.8489990234375
2025-07-22,856.2052274334945,901.7892824937962,832.5432747252374,853.9185791015625,37911,CCL.BO,870.2376621791294,848.2847737630208,863.0155029296875
2025-07-23,836.1720822374308,857.9947891855086,836.1720822374308,852.6758422851562,1983,CCL.BO,868.1498500279018,848.520068359375,853.9185791015625
2025-07-24,850.0411964672251,850.0411964672251,826.1306930770995,837.8622436523438,10426,CCL.BO,861.8082711356027,848.9409464518229,852.6758422851562
2025-07-25,842.0876067625065,842.0876067625065,818.7239010258844,835.6253051757812,2256,CCL.BO,856.1910400390625,849.1944681803385,837.8622436523438
2025-07-28,833.1398194303686,843.9268679989747,824.2914128274355,835.3767700195312,4163,CCL.BO,849.1890345982143,850.1903259277344,835.6253051757812
2025-07-29,845.2690680712517,863.9600207098691,829.2127096969843,852.1787719726562,3567,CCL.BO,847.2361450195312,851.8788106282552,835.3767700195312
2025-07-30,852.3775643344482,858.1439743582652,836.7686688761999,841.9882202148438,4403,CCL.BO,844.2322474888393,853.5391276041667,852.1787719726562
2025-07-31,804.6559187172913,864.4073879717117,804.6559187172913,849.494384765625,15859,CCL.BO,843.6002197265625,855.4579345703125,841.9882202148438
2025-08-01,853.9186280866489,898.7570355664457,832.5433224841285,888.7156372070312,63033,CCL.BO,848.748761858259,858.9691202799479,849.494384765625
2025-08-04,889.8092332756687,928.5830434407536,889.8092332756687,921.4744873046876,35415,CCL.BO,860.6933680943081,862.5101298014323,888.7156372070312
2025-08-05,924.6062347554538,930.4720405172296,900.6957308208608,905.3187255859376,9323,CCL.BO,870.6495710100446,864.5151000976563,921.4744873046876
2025-08-06,884.8381856791314,884.8381856791314,827.472821505049,857.0999755859375,41589,CCL.BO,873.7528860909598,865.0503092447917,905.3187255859376
2025-08-07,892.9500122070312,892.9500122070312,841.4500122070312,861.5499877929688,8124,CCL.BO,875.0916312081473,866.0105733235677,857.0999755859375
2025-08-08,858.25,869.5499877929688,837.75,859.5999755859375,8423,CCL.BO,877.6075962611607,866.5164408365886,861.5499877929688
2025-08-11,869.7999877929688,873.0,846.2999877929688,866.25,4677,CCL.BO,880.0012555803571,867.2224344889323,859.5999755859375
2025-08-12,855.0499877929688,870.2999877929688,855.0499877929688,865.0999755859375,4425,CCL.BO,876.6275896344866,868.2894307454427,866.25
2025-08-13,864.0499877929688,864.0499877929688,840.0999755859375,856.0499877929688,11893,CCL.BO,867.281232561384,868.4416707356771,865.0999755859375
2025-08-14,864.5999755859375,864.7000122070312,852.0,855.8499755859375,1666,CCL.BO,860.2142682756696,867.6444091796875,856.0499877929688
2025-08-18,910.4500122070312,910.4500122070312,867.0999755859375,905.3499755859376,8382,CCL.BO,867.1071254185268,868.5319458007813,855.8499755859375
2025-08-19,920.0499877929688,939.0,906.0,921.1500244140624,34386,CCL.BO,875.6214163643973,869.7009155273438,905.3499755859376
2025-08-20,934.1500244140624,934.1500244140624,895.0,900.9000244140624,13269,CCL.BO,881.5214233398438,870.0954650878906,921.1500244140624
2025-08-21,902.0,910.0,887.7999877929688,903.7000122070312,4116,CCL.BO,886.8714250837054,870.7341328938802,900.9000244140624
2025-08-22,901.3499755859376,901.3499755859376,870.8499755859375,881.6500244140625,12114,CCL.BO,889.2357177734375,870.9161783854166,903.7000122070312
2025-08-25,883.6500244140625,883.6500244140625,868.5999755859375,875.1500244140625,2115,CCL.BO,891.9642944335938,870.7257995605469,881.6500244140625
2025-08-26,899.9500122070312,899.9500122070312,852.0999755859375,868.0999755859375,8143,CCL.BO,893.7142944335938,870.7527811686198,875.1500244140625
2025-08-28,865.0,865.0,850.0,854.9000244140625,1588,CCL.BO,886.5071585518973,869.841005452474,868.0999755859375
2025-08-29,846.9500122070312,873.8499755859375,842.0499877929688,871.7999877929688,7544,CCL.BO,879.4571533203125,869.7361409505208,854.9000244140625
2025-09-01,865.0499877929688,910.0,865.0499877929688,905.3499755859376,16804,CCL.BO,880.0928606305804,870.4347798665365,871.7999877929688
2025-09-02,905.3499755859376,925.0,897.1500244140625,924.25,21754,CCL.BO,883.0285731724331,872.3814798990885,905.3499755859376
2025-09-03,920.0,963.3499755859376,918.0,931.7999877929688,35499,CCL.BO,890.192853655134,874.6742960611979,924.25
2025-09-04,937.5499877929688,940.4500122070312,920.25,924.5499877929688,4183,CCL.BO,897.2499912806919,877.0286763509115,931.7999877929688
2025-09-05,968.9500122070312,968.9500122070312,906.0999755859376,916.9500122070312,4277,CCL.BO,904.2285679408482,879.1711486816406,924.5499877929688
2025-09-08,911.0499877929688,919.0,897.2999877929688,902.2999877929688,2094,CCL.BO,910.9999912806919,881.3190734863281,916.9500122070312
2025-09-09,893.0,911.2000122070312,886.7000122070312,892.5499877929688,7094,CCL.BO,913.9642769949777,883.216562906901,902.2999877929688
2025-09-10,909.9000244140624,922.9000244140624,895.0,915.2999877929688,5865,CCL.BO,915.3857073102679,885.8806701660156,892.5499877929688
2025-09-11,924.2000122070312,924.2000122070312,899.0,902.5,2370,CCL.BO,912.278564453125,887.5580444335938,915.2999877929688
2025-09-12,909.9000244140624,910.3499755859376,870.5999755859375,882.1500244140625,5303,CCL.BO,905.1857125418527,888.8967712402343,902.5
2025-09-15,896.9500122070312,909.75,888.0,903.0,3111,CCL.BO,902.1071428571429,890.6802917480469,882.1500244140625
2025-09-16,908.9000244140624,927.75,900.25,917.25,5999,CCL.BO,902.1499982561384,891.6314371744792,903.0
2025-09-17,913.0499877929688,921.75,899.0999755859375,904.5499877929688,5780,CCL.BO,902.4714268275669,891.0672871907552,917.25
2025-09-18,896.6500244140625,903.25,865.4500122070312,878.6500244140625,18856,CCL.BO,900.4857177734375,890.1783304850261,904.5499877929688
2025-09-19,898.0,898.0,870.0,888.2000122070312,4801,CCL.BO,896.6142926897321,891.2149983723958,878.6500244140625
2025-09-22,887.0,903.0,878.9000244140625,899.2000122070312,13806,CCL.BO,896.1428658621652,892.4699991861979,888.2000122070312
2025-09-23,889.4500122070312,912.3499755859376,889.4500122070312,900.3499755859375,4886,CCL.BO,898.7428588867188,893.8283325195313,899.2000122070312
2025-09-24,900.4000244140625,923.9500122070312,899.6500244140625,919.75,12286,CCL.BO,901.1357160295759,895.6116658528646,900.3499755859375
2025-09-25,917.0499877929688,919.4000244140624,892.5,897.2999877929688,9889,CCL.BO,898.2857142857143,896.684999593099,919.75
2025-09-26,899.75,899.75,872.9500122070312,887.0499877929688,3528,CCL.BO,895.7857142857143,897.7183329264323,897.2999877929688
2025-09-29,889.0,889.0,850.0,855.4500122070312,9587,CCL.BO,892.4714268275669,897.705000813802,887.0499877929688
2025-09-30,863.7000122070312,863.7000122070312,833.2999877929688,844.75,4925,CCL.BO,886.2642822265625,895.6850016276042,855.4500122070312
2025-10-01,844.75,856.8499755859375,834.2000122070312,853.5,2059,CCL.BO,879.7357090541294,893.430000813802,844.75
2025-10-03,854.0,870.6500244140625,852.8499755859375,858.75,1807,CCL.BO,873.7928553989956,892.025,853.5
2025-10-06,856.0,859.9500122070312,836.3499755859375,844.6500244140625,14859,CCL.BO,863.0642874581473,890.0566670735677,858.75
2025-10-07,844.7000122070312,857.2000122070312,843.7000122070312,851.6500244140625,2844,CCL.BO,856.5428641183036,889.0566670735677,844.6500244140625
2025-10-08,850.6500244140625,853.4500122070312,833.0499877929688,836.7000122070312,2654,CCL.BO,849.3500104631696,887.775,851.6500244140625
2025-10-09,840.2000122070312,840.2000122070312,815.5499877929688,831.5,10280,CCL.BO,845.9285801478794,886.555000813802,836.7000122070312
2025-10-10,836.9500122070312,839.75,825.75,829.7999877929688,5024,CCL.BO,843.7928641183036,885.7183329264323,831.5
2025-10-13,822.8499755859375,834.0,816.75,828.5,6528,CCL.BO,840.221435546875,884.275,829.7999877929688
2025-10-14,827.0,838.5,819.8499755859375,832.5,1938,CCL.BO,836.471435546875,881.8466674804688,828.5
2025-10-15,844.9500122070312,846.7000122070312,830.4000244140625,834.7999877929688,1325,CCL.BO,835.0642874581473,878.865000406901,832.5
2025-10-16,833.7000122070312,855.8499755859375,833.7000122070312,844.0499877929688,5899,CCL.BO,833.9785679408482,875.940000406901,834.7999877929688
2025-10-17,845.75,856.4500122070312,831.7000122070312,834.8499755859375,5176,CCL.BO,833.7142769949777,872.95,844.0499877929688
2025-10-20,833.1500244140625,846.8499755859375,824.0499877929688,842.7000122070312,5233,CCL.BO,835.3142787388393,870.475,834.8499755859375
2025-10-21,844.5,852.7000122070312,843.25,847.5999755859375,1640,CCL.BO,837.8571341378348,868.6516662597656,842.7000122070312
2025-10-23,849.8499755859375,849.8499755859375,839.5,845.2000122070312,2262,CCL.BO,840.2428501674107,867.0733337402344,847.5999755859375
2025-10-24,841.0,851.4000244140625,832.5,836.7999877929688,8038,CCL.BO,840.8571341378348,864.4566670735677,845.2000122070312
