Date,Open,High,Low,Close,Volume,Stock,MA_7_Close,MA_30_Close,Lag_1_Close
2020-02-11,254.780334559089,264.21360796474283,254.780334559089,263.5193786621094,53780,GESHIP.NS,255.3637193952288,260.7683588663737,257.312255859375
2020-02-12,261.3958518718016,275.157832398177,251.7583952904404,267.6438903808594,753336,GESHIP.NS,258.4964795793806,261.4816390991211,263.5193786621094
2020-02-13,254.86199117745028,254.86199117745028,227.8280991224572,232.7693328857422,709482,GESHIP.NS,256.54215131487166,261.04740854899086,267.6438903808594
2020-02-14,233.58600034142844,239.3031402099249,229.5023290067881,232.7284393310547,156037,GESHIP.NS,253.88775634765625,260.5900355021159,232.7693328857422
2020-02-17,235.05617104776744,235.05617104776744,222.15177636138435,226.9705047607422,136402,GESHIP.NS,248.9348427908761,260.0441823323568,232.7284393310547
2020-02-18,224.60198228376623,225.7045788181109,219.4565650231688,223.7852478027344,67745,GESHIP.NS,243.53272138323103,259.3200119018555,226.9705047607422
2020-02-19,225.17365273641963,231.9525373438205,223.78519447960147,226.2353973388672,62729,GESHIP.NS,239.09317016601562,258.59720102945965,223.7852478027344
2020-02-20,224.60197288486845,229.50237956599284,218.88483175689,222.88682556152344,156344,GESHIP.NS,233.28851972307478,257.75052032470705,226.2353973388672
2020-02-24,220.5182825445979,221.25333850146217,212.39176549573747,213.6168670654297,86040,GESHIP.NS,225.57037353515625,256.2803965250651,222.88682556152344
2020-02-25,214.9645498262307,214.9645498262307,208.2673163501641,209.8191070556641,129386,GESHIP.NS,222.2917698451451,254.59247894287108,213.6168670654297
2020-02-26,210.513355041084,218.06815051782507,205.0412354044613,211.166732788086,324259,GESHIP.NS,219.2115260532924,252.88005777994792,209.8191070556641
2020-02-27,214.0252669118629,214.0252669118629,205.8170951124028,208.63482666015625,47800,GESHIP.NS,216.59214346749442,250.7633524576823,211.166732788086
2020-02-28,203.77526448357315,203.77526448357315,193.32106004564733,197.4455718994141,105755,GESHIP.NS,212.829332624163,248.04226531982422,208.63482666015625
2020-03-02,198.71150376325124,208.7165012583889,196.0162774557587,199.732421875,46941,GESHIP.NS,209.04319327218195,245.23133595784506,197.4455718994141
2020-03-03,201.7334048944704,204.42863101509084,196.26128668737948,203.32603454589844,50258,GESHIP.NS,206.2487945556641,242.60281168619792,199.732421875
2020-03-04,202.5501500795551,205.4903991785648,196.05711348681936,196.9963531494141,36072,GESHIP.NS,203.87443542480472,239.79460703531902,203.32603454589844
2020-03-05,197.6497684684015,198.915709560572,189.89078995414607,192.8310394287109,388466,GESHIP.NS,201.44756862095429,236.91561889648438,196.9963531494141
2020-03-06,189.4823884265268,189.4823884265268,178.37479515450315,183.234375,157676,GESHIP.NS,197.45723179408483,233.75213419596355,192.8310394287109
2020-03-09,180.4983118609116,181.2742070891049,174.86284919047705,175.23037719726562,50728,GESHIP.NS,192.68516758510046,230.2537872314453,183.234375
2020-03-11,175.63874229713872,199.1606964584091,173.63774542890096,183.47938537597656,185862,GESHIP.NS,190.68999808175224,227.41155141194662,175.23037719726562
2020-03-12,179.68156876339623,179.68156876339623,163.34688069399655,165.22537231445312,252139,GESHIP.NS,185.76041957310267,224.1868108113607,183.47938537597656
2020-03-13,140.4783235573763,197.9764230982348,132.3109791645056,192.5859832763672,265451,GESHIP.NS,184.22612653459822,222.02926839192708,165.22537231445312
2020-03-16,179.6815888746232,179.6815888746232,171.5959223602169,176.4554901123047,95164,GESHIP.NS,181.29171752929688,219.29593149820963,192.5859832763672
2020-03-17,173.96446452742651,181.96846585731475,170.82003142777666,175.84295654296875,100271,GESHIP.NS,178.86484854561942,216.87295227050782,176.4554901123047
2020-03-18,183.38266579393627,183.38266579393627,158.33405573982793,165.4130096435547,181564,GESHIP.NS,176.31893920898438,214.19623362223308,175.84295654296875
2020-03-19,163.402449989744,170.23007854268295,152.30230936688235,165.3292694091797,122084,GESHIP.NS,174.9044952392578,211.49222157796223,165.4130096435547
2020-03-20,162.5227808220907,170.02060758692343,156.19779375411673,164.07261657714844,275856,GESHIP.NS,172.13209969656808,208.58433532714844,165.3292694091797
2020-03-23,147.4433486117797,159.25557653989833,143.7153801381375,147.40145874023438,155337,GESHIP.NS,169.58582632882255,204.77635396321614,164.07261657714844
2020-03-24,149.95655332740083,157.49626829916957,144.09233057158067,154.48037719726562,66924,GESHIP.NS,164.14216831752233,201.20569661458333,147.40145874023438
2020-03-25,154.9830954890119,171.06782500478573,147.02450409903562,165.3292694091797,42169,GESHIP.NS,162.5527082170759,198.13959706624348,154.48037719726562
2020-03-26,167.465462968871,170.8583376902138,160.00952678176594,166.50205993652344,31553,GESHIP.NS,161.21829441615515,194.9056864420573,165.3292694091797
2020-03-27,174.83762720241825,176.68066626282905,161.14048467307651,167.0465850830078,30881,GESHIP.NS,161.45166233607702,191.5524429321289,166.50205993652344
2020-03-30,171.0678019671661,171.0678019671661,159.17180636393422,159.88389587402344,18808,GESHIP.NS,160.6737518310547,189.1229283650716,167.0465850830078
2020-03-31,162.52276477094134,174.96330110500688,160.47028911264914,172.40817260742188,60220,GESHIP.NS,161.86454554966517,187.11225280761718,159.88389587402344
2020-04-01,172.40817744601094,174.96330601530494,165.9994110886349,169.93682861328125,15907,GESHIP.NS,165.0838841029576,185.21113026936848,172.40817260742188
2020-04-03,169.93679872385005,175.92667812786434,165.03597900566322,168.76394653320312,24100,GESHIP.NS,167.1243940080915,183.37708689371746,169.93682861328125
2020-04-07,171.7379600750096,173.28779555961492,166.1250634486686,167.50733947753906,71300,GESHIP.NS,167.435546875,181.41948496500652,168.76394653320312
2020-04-08,170.90021764093908,170.90021764093908,163.6955955095458,166.71148681640625,127099,GESHIP.NS,167.46546500069755,179.5469736735026,167.50733947753906
2020-04-09,171.27720276641372,172.4500550801426,160.84726545374582,165.7899627685547,31364,GESHIP.NS,167.28594752720423,177.95274353027344,166.71148681640625
2020-04-13,168.38701278143682,168.38701278143682,154.98307146550155,156.82611083984375,64340,GESHIP.NS,166.84912109375,176.18631032307943,165.7899627685547
2020-04-15,160.26087501516582,170.90025081833588,157.6219664136154,161.18238830566406,96168,GESHIP.NS,165.2454376220703,174.5201655069987,156.82611083984375
2020-04-16,164.95221378979292,167.00470210817392,160.88915258361297,164.03070068359375,60957,GESHIP.NS,164.4017050606864,173.03336130777996,161.18238830566406
2020-04-17,167.54923970245858,171.73797069502004,164.78467469076952,167.17225646972656,79461,GESHIP.NS,164.174320765904,172.02425079345704,164.03070068359375
2020-04-20,168.38701043868718,180.95320524754445,167.3817174105775,169.39230346679688,163889,GESHIP.NS,164.44360133579798,171.0129135131836,167.17225646972656
2020-04-21,168.38697267620938,178.39803640558472,168.38697267620938,172.5338134765625,134404,GESHIP.NS,165.2753622872489,169.98650614420572,169.39230346679688
2020-04-22,176.38750428764547,194.1058352542936,173.53915890288476,184.890625,555315,GESHIP.NS,168.0040283203125,169.5829818725586,172.5338134765625
2020-04-23,192.51408236390748,192.51408236390748,186.39853245050583,188.0321350097656,170801,GESHIP.NS,172.4620317731585,169.4230183919271,184.890625
2020-04-24,184.30414149230464,189.54005460288147,173.4134422223048,181.5814666748047,125871,GESHIP.NS,175.37618582589286,169.3679214477539,188.0321350097656
2020-04-27,182.25171562971445,207.3003256435502,182.25171562971445,192.43032836914065,299112,GESHIP.NS,179.4332754952567,169.94125315348307,181.5814666748047
2020-04-28,199.3417033998379,204.07497704422408,185.97965422285725,188.19967651367188,166634,GESHIP.NS,182.43719264439173,170.09859619140624,192.43032836914065
2020-04-29,191.843890738392,199.00662371338908,184.3041745084988,191.55067443847656,219759,GESHIP.NS,185.60267421177454,170.97610626220703,188.19967651367188
2020-04-30,191.8438846920272,204.8289511231469,189.07931960493207,196.7447052001953,201926,GESHIP.NS,189.0613730294364,171.11473032633464,191.55067443847656
2020-05-04,200.97528723604523,201.89681307281057,189.4981680536497,191.1736602783203,87147,GESHIP.NS,189.95894949776786,171.60533599853517,196.7447052001953
2020-05-05,188.70237450673355,194.02206920092067,188.70237450673355,189.7495574951172,38961,GESHIP.NS,190.2042955671038,172.06888936360676,191.1736602783203
2020-05-06,191.80201109267563,193.10052040252347,185.97967691696405,188.9117889404297,110335,GESHIP.NS,191.25148446219308,172.85218200683593,189.7495574951172
2020-05-07,190.168423057864,191.00616941494707,180.24112361323125,188.1578369140625,36819,GESHIP.NS,190.64112854003906,173.6131342569987,188.9117889404297
2020-05-08,188.49290209090043,192.2208702645441,186.64986293816577,187.6132659912109,47694,GESHIP.NS,190.55735560825892,174.39782257080077,188.1578369140625
2020-05-11,187.61328824404487,190.08463736354284,178.0210953120643,179.61280822753906,74482,GESHIP.NS,188.85194614955358,175.4715342203776,187.6132659912109
2020-05-12,178.6075206771998,182.6287057456292,167.54927132626528,172.9108428955078,166786,GESHIP.NS,185.44710867745536,176.08588307698568,179.61280822753906
2020-05-13,180.11543298773125,180.11543298773125,171.73797098830187,177.68597412109375,88977,GESHIP.NS,183.52029636928015,176.49777323404948,172.9108428955078
2020-05-14,173.4134685237233,179.403348917505,168.13566475118532,171.73797607421875,266773,GESHIP.NS,180.94721330915178,176.67230377197265,177.68597412109375
2020-05-15,171.7798763337515,181.6652849404376,169.43418420594563,171.40289306640625,427336,GESHIP.NS,178.44594247000558,176.81751403808593,171.73797607421875
2020-05-18,172.1568814808692,174.6701206265753,166.87907671828728,172.74330139160156,121250,GESHIP.NS,176.24386596679688,177.24616088867188,171.40289306640625
2020-05-19,174.5025295922881,174.9214026768673,165.58052522095616,167.4654541015625,81209,GESHIP.NS,173.36560712541853,177.08140360514324,172.74330139160156
2020-05-20,170.06249491310086,170.06249491310086,166.62773005042692,167.42359924316406,79177,GESHIP.NS,171.6242915562221,176.99762929280598,167.4654541015625
2020-05-21,166.0832283087028,170.43950715036468,164.4077354632178,166.9209747314453,34378,GESHIP.NS,170.76859610421317,176.93619689941406,167.42359924316406
2020-05-22,164.40769440269983,169.76926505601114,164.40769440269983,168.4288787841797,48979,GESHIP.NS,169.44615391322546,176.96691487630207,166.9209747314453
2020-05-26,170.4813676435884,170.81646104172967,163.36052427764,163.69561767578125,24901,GESHIP.NS,168.2972455705915,176.86638590494792,168.4288787841797
2020-05-27,163.44429467286292,173.2878128805824,163.36051493662129,168.1356658935547,48549,GESHIP.NS,167.83049883161272,176.94457600911457,163.69561767578125
2020-05-28,168.1356899432961,179.19393921030755,167.67492689404668,176.01051330566406,345023,GESHIP.NS,168.29724339076452,177.58405609130858,168.1356658935547
2020-05-29,176.76445778974949,177.89542033430303,161.0986055564509,164.65902709960938,181392,GESHIP.NS,167.89632524762834,177.69994405110677,176.01051330566406
2020-06-01,163.36051270756994,170.52324543673117,158.29214552594163,166.75338745117188,254063,GESHIP.NS,167.80058070591517,177.79070027669272,164.65902709960938
2020-06-02,167.04659354512694,173.4134700214298,165.41299094934976,172.3662872314453,142305,GESHIP.NS,168.57848249162947,177.96383463541667,166.75338745117188
2020-06-03,175.08897439027444,184.72305671318423,171.4028958320978,179.6965789794922,648923,GESHIP.NS,170.18815394810267,178.30731048583985,172.3662872314453
2020-06-04,180.78564902569727,184.3041808304063,176.34559120363875,180.74375915527344,156438,GESHIP.NS,172.62360273088728,178.5809753417969,179.6965789794922
2020-06-05,182.9218983128824,195.1948757294556,178.230514212196,191.55067443847656,185209,GESHIP.NS,175.9686039515904,178.8029769897461,180.74375915527344
2020-06-08,193.1424016522006,207.761071245757,193.1424016522006,196.4096069335937,234351,GESHIP.NS,178.88276018415178,179.0822260538737,191.55067443847656
2020-06-09,197.4690052909432,198.74026498165736,186.5785421010557,189.2905731201172,385945,GESHIP.NS,182.40155247279577,179.33919626871744,196.4096069335937
2020-06-10,191.53646272624263,204.24905980984283,190.47707963594263,199.12164306640625,868582,GESHIP.NS,187.0255889892578,179.56224009195964,189.2905731201172
2020-06-11,195.3502206381476,195.81635173364663,182.51050415075144,186.8327789306641,380636,GESHIP.NS,189.09223066057478,179.5166768391927,199.12164306640625
2020-06-12,175.60333380054053,191.3669589385449,174.33207412592475,188.06167602539065,195887,GESHIP.NS,190.28724452427454,179.40037689208984,186.8327789306641
2020-06-15,187.2989544668792,187.468453196754,177.97638207260016,179.58663940429688,194901,GESHIP.NS,190.12194170270647,178.82844136555988,188.06167602539065
2020-06-16,183.0613901791556,183.6122641897963,177.97635156306794,180.56124877929688,137695,GESHIP.NS,188.5520237513951,178.47469431559244,179.58663940429688
2020-06-17,178.82386889843576,193.4009778999805,178.4001156546006,180.6036376953125,5687553,GESHIP.NS,186.29402814592635,178.16983032226562,180.56124877929688
2020-06-18,188.9939111992885,188.9939111992885,184.459747170394,185.43438720703125,102967,GESHIP.NS,185.74314444405692,178.05391693115234,180.6036376953125
2020-06-19,186.45142618676505,187.46843137958103,179.75613014646387,181.28163146972656,174968,GESHIP.NS,183.19457135881697,177.8247100830078,185.43438720703125
2020-06-22,182.1715059252456,189.50244435955847,182.1715059252456,186.451416015625,222186,GESHIP.NS,183.1400909423828,177.78598175048828,181.28163146972656
2020-06-23,188.1040679814008,188.14644589343703,183.9089133282696,186.15480041503903,141700,GESHIP.NS,182.867680140904,178.0040481567383,186.451416015625
2020-06-24,188.782042873237,193.6552044737808,180.98498689875123,182.89187622070312,365714,GESHIP.NS,183.33985682896204,178.3367492675781,186.15480041503903
2020-06-25,184.332632892082,186.3666429788125,180.39173349957127,182.0867462158203,66053,GESHIP.NS,183.5577850341797,178.4834416707357,182.89187622070312
2020-06-26,182.6376357759021,188.8668132129534,182.6376357759021,185.77340698242188,754540,GESHIP.NS,184.29632350376673,178.95128936767577,182.0867462158203
2020-06-29,185.18014497712184,185.51914235808724,179.71373138454754,180.51885986328125,128592,GESHIP.NS,183.59410531180245,179.25515492757162,185.77340698242188
2020-06-30,182.59525773538664,182.8495122507408,178.4848593095289,179.88323974609375,142956,GESHIP.NS,183.3943350655692,179.49315287272137,180.51885986328125
2020-07-01,181.323985251532,181.323985251532,175.43381856718227,177.8068389892578,359856,GESHIP.NS,182.1593954903739,179.8378657023112,179.88323974609375
2020-07-02,177.97635869397135,180.5188781038852,175.8575925190431,179.79849243164062,347336,GESHIP.NS,181.25135149274553,180.25036214192707,177.8068389892578
2020-07-03,182.4257533363722,182.4257533363722,177.5525915167014,180.349365234375,250038,GESHIP.NS,180.8881356375558,180.6979751586914,179.79849243164062
2020-07-06,182.21387560614224,185.60390119881467,179.50185771838858,184.3326416015625,182890,GESHIP.NS,181.20897783551897,181.2281005859375,180.349365234375
2020-07-07,183.90890673876368,184.2902820695793,179.6713743254281,181.28163146972656,308854,GESHIP.NS,180.56729561941964,181.81430104573568,184.3326416015625
2020-07-08,181.36638995037248,183.0190250294236,178.10348477148682,179.078125,60661,GESHIP.NS,180.3614763532366,182.17904968261718,181.28163146972656
2020-07-09,181.959634869709,181.959634869709,176.83221818640155,178.86624145507812,150984,GESHIP.NS,180.2161908830915,182.27424062093098,179.078125
2020-07-10,177.97634756371036,181.32399532435767,176.0270802182949,177.29833984375,53461,GESHIP.NS,180.14354814801897,182.69555104573567,178.86624145507812
2020-07-13,179.67136452414772,183.8665187981149,176.87459069752896,181.7901306152344,114096,GESHIP.NS,180.42806788853235,183.1967758178711,177.29833984375
2020-07-14,182.21387425693896,188.0616631882304,180.64598225916887,184.7563934326172,245508,GESHIP.NS,181.0576433454241,183.60977935791016,181.7901306152344
2020-07-15,184.7564173847949,188.1464433918553,179.71375628567705,181.1121368408203,435654,GESHIP.NS,180.59757123674666,183.65696461995444,184.7563934326172
2020-07-16,186.53619305684003,188.01932948935763,180.137516147308,183.6546630859375,999313,GESHIP.NS,180.93657575334822,183.75399475097657,181.1121368408203
2020-07-17,184.7564005191314,186.6209120664264,181.4934956124239,182.76475524902344,425288,GESHIP.NS,181.46323721749442,183.46113077799478,183.6546630859375
2020-07-20,183.14614190077504,191.5364502569618,179.5018617210061,189.9261932373047,608243,GESHIP.NS,183.04323032924108,183.2450169881185,182.76475524902344
2020-07-21,192.3839665832524,193.8247249800905,186.6209200639776,190.5194549560547,658766,GESHIP.NS,184.9319610595703,183.28597971598307,189.9261932373047
2020-07-22,192.3415704020218,192.3415704020218,184.7563908855365,186.8327789306641,70533,GESHIP.NS,185.652339390346,182.87635091145833,190.5194549560547
2020-07-23,185.68865976556364,188.1040452770153,178.99335136157694,180.052734375,476051,GESHIP.NS,184.98038809640067,182.65034942626954,186.8327789306641
2020-07-24,179.12049578928784,184.6292877883764,179.12049578928784,182.29864501953125,259842,GESHIP.NS,185.14988926478796,182.4582483927409,180.052734375
2020-07-27,183.061383229915,184.3326428356783,179.3323602257779,182.6800079345703,319358,GESHIP.NS,185.01065281459265,182.56136067708334,182.29864501953125
2020-07-28,182.6799980801233,183.8665018087293,179.88322451192826,182.0867462158203,76614,GESHIP.NS,184.9137943812779,182.61221059163412,182.6800079345703
2020-07-29,180.94259056622164,183.31561073380192,179.96796351814098,180.17984008789065,58534,GESHIP.NS,183.5214582170759,182.59808400472005,182.0867462158203
2020-07-30,180.81551392701977,194.0789852576677,177.12885554084085,188.824447631836,1524640,GESHIP.NS,183.27931431361608,182.7110860188802,180.17984008789065
2020-07-31,199.16400949597528,202.3845364912308,188.9939324153297,191.8330841064453,1090402,GESHIP.NS,183.99364362444197,183.06280110677082,188.824447631836
2020-08-03,193.5704953209956,214.9276712201376,193.5704953209956,212.4698944091797,1318000,GESHIP.NS,188.62466648646765,183.93008371988932,191.8330841064453
2020-08-04,214.4191143482413,240.64944718025285,213.78348456262407,235.2677764892578,2244020,GESHIP.NS,196.19168526785714,185.5671829223633,212.4698944091797
2020-08-05,236.03054254705256,236.03054254705256,227.13172496448863,228.40298461914065,349932,GESHIP.NS,202.72353907993866,187.08421986897787,235.2677764892578
2020-08-06,229.54713401240943,239.5053350973855,224.5892159590353,234.081298828125,782627,GESHIP.NS,210.1513323102679,188.81737162272137,228.40298461914065
2020-08-07,236.03056360266908,236.03056360266908,229.1233907023261,231.24215698242188,89270,GESHIP.NS,217.44594900948664,190.33299662272137,234.081298828125
2020-08-10,239.59008468763537,239.59008468763537,226.2842230256104,227.385971069336,134728,GESHIP.NS,222.9547380719866,191.89523366292318,231.24215698242188
2020-08-11,228.31820928025525,228.7843532987428,221.41103758668305,222.93653869628903,227205,GESHIP.NS,227.39808872767858,193.3303436279297,227.385971069336
2020-08-12,222.93653600466263,233.06424727734188,222.2585412672105,223.78404235839844,104004,GESHIP.NS,229.01439557756697,194.8629170735677,222.93653869628903
2020-08-13,224.67398357057684,229.67426686460144,220.43645097159896,223.82647705078125,135216,GESHIP.NS,227.37992422921317,196.33051656087238,223.78404235839844
2020-08-14,226.02998283148168,226.02998283148168,218.2329130676061,219.8431701660156,66514,GESHIP.NS,226.15709359305245,197.64697672526043,223.82647705078125
2020-08-17,221.199160995691,224.758698069894,220.98728440469893,222.93653869628903,75985,GESHIP.NS,224.56498500279017,198.93377329508465,219.8431701660156
2020-08-18,225.3519534622688,227.0469663139802,219.16516689905936,222.2585601806641,386668,GESHIP.NS,223.28161403111048,200.29967091878254,222.93653869628903
2020-08-19,222.25854663735257,229.84373903209547,221.3262844529499,224.2925567626953,406269,GESHIP.NS,222.8396977015904,201.80681864420572,222.2585601806641
2020-08-20,224.2925790119193,228.65723209930965,220.60592074561785,222.1738128662109,251278,GESHIP.NS,222.7307368687221,203.25040435791016,224.2925567626953
2020-08-21,223.7840970158477,249.12456387282413,223.7840970158477,236.454330444336,693465,GESHIP.NS,224.54077802385603,205.222270711263,222.1738128662109
2020-08-24,238.53071556323485,238.7002013454906,232.0472701256121,234.8016662597656,176026,GESHIP.NS,226.10866219656808,206.98932189941405,236.454330444336
2020-08-25,235.31016432676736,235.39492014585343,228.8267450562752,231.1997528076172,116220,GESHIP.NS,227.7310311453683,208.53743387858074,234.8016662597656
2020-08-26,233.82701082626733,236.0305326412885,230.94549423609024,231.36924743652344,95803,GESHIP.NS,228.93570382254464,210.2126708984375,231.1997528076172
2020-08-27,233.06429322401948,239.8443453905364,231.4964009877432,235.05593872070312,185610,GESHIP.NS,230.76390075683594,211.9260467529297,231.36924743652344
2020-08-28,237.72558155750136,239.84434788154329,230.09802279095047,230.35226440429688,126976,GESHIP.NS,231.62957327706474,213.51229705810547,235.05593872070312
2020-08-31,233.360864709004,234.0388594029777,213.5715874455474,215.563232421875,165662,GESHIP.NS,230.6852046421596,214.3668650309245,230.35226440429688
2020-09-01,217.7243900838268,223.95356732796927,213.2326164867405,219.2922821044922,184507,GESHIP.NS,228.23348345075334,215.32595926920573,215.563232421875
2020-09-02,220.35164958362856,220.5211611980755,216.96162420541893,219.16514587402344,35016,GESHIP.NS,225.99969482421875,216.40370483398436,219.2922821044922
2020-09-03,221.0720714678684,223.02132603503367,199.16402368927865,201.8336639404297,1015691,GESHIP.NS,221.8045392717634,217.1297358194987,219.16514587402344
2020-09-04,201.5369986059968,213.4020866811632,200.68949231491345,209.24929809570312,358829,GESHIP.NS,218.64454650878906,218.02809092203776,201.8336639404297
2020-09-07,210.1815776971748,220.2668982284241,203.8676578890269,218.14813232421875,396701,GESHIP.NS,216.22914559500558,219.21036173502605,209.24929809570312
2020-09-08,216.8768961845296,223.7417036276936,212.8088755550183,220.2669219970703,333816,GESHIP.NS,214.78838239397322,220.4830342610677,218.14813232421875
2020-09-09,218.6566744182101,224.3773432256632,206.36783031331063,219.50418090820312,417471,GESHIP.NS,215.35137503487724,221.7938456217448,220.2669219970703
2020-09-10,221.19920246450965,221.19920246450965,216.11416332739444,219.41943359375,157711,GESHIP.NS,215.36953953334265,222.8136784871419,219.50418090820312
2020-09-11,217.5549084696453,223.23318596821315,213.23262055268904,220.35166931152344,113889,GESHIP.NS,215.53904288155692,223.76429799397786,219.41943359375
2020-09-14,224.08069801245563,228.0639886339787,219.54653337659693,223.3179473876953,364046,GESHIP.NS,218.6082262311663,224.1258997599284,220.35166931152344
2020-09-15,227.1317161503479,227.47071353899773,221.2839271386485,223.69932556152344,73873,GESHIP.NS,220.67251586914062,223.74028472900392,223.3179473876953
2020-09-16,224.58919572968148,224.58919572968148,218.656650936822,219.71603393554688,35244,GESHIP.NS,220.89650181361608,223.45071970621746,223.69932556152344
2020-09-17,220.1821678158065,223.74170529097347,217.47016266391967,217.6396484375,56709,GESHIP.NS,220.52117701939173,222.9026646931966,219.71603393554688
2020-09-18,217.809145765194,224.6315619698895,207.6390689201265,213.5292358398437,356166,GESHIP.NS,219.66761343819752,222.312233988444,217.6396484375
2020-09-21,211.87658661160825,219.03802558461703,206.7915485329296,207.3424224853516,123146,GESHIP.NS,217.94232613699776,221.6441157023112,213.5292358398437
2020-09-22,207.63906199787965,216.79213343968053,200.2233812122411,210.98670959472656,138222,GESHIP.NS,216.60447474888392,221.24578806559245,207.3424224853516
2020-09-23,213.52924846698696,214.20725621647009,205.0965618373324,210.94435119628903,80141,GESHIP.NS,214.83681815011158,220.8177983601888,210.98670959472656
2020-09-24,210.18160782203324,210.18160782203324,202.0031754323724,202.9354248046875,79787,GESHIP.NS,211.87054661342071,220.12142995198568,210.94435119628903
2020-09-25,205.56266107844309,208.2323008211563,201.7065047252528,205.4779052734375,60080,GESHIP.NS,209.8365282331194,219.64258778889973,202.9354248046875
2020-09-28,207.639056012205,208.82555973093508,204.84228246728915,205.6897888183593,65477,GESHIP.NS,208.12940543038502,219.06769612630208,205.4779052734375
2020-09-29,209.0798426061449,209.0798426061449,201.8336597344093,203.1049194335937,119218,GESHIP.NS,206.64021737234933,218.4292414347331,205.6897888183593
2020-09-30,205.01179912809224,205.01179912809224,198.316503540312,199.07925415039065,71690,GESHIP.NS,205.4597647530692,217.58879801432292,203.1049194335937
2020-10-01,203.06255165012465,205.6474359905465,196.32486499200343,200.3928985595703,59518,GESHIP.NS,203.9463631766183,216.8627675374349,199.07925415039065
2020-10-05,203.31675951673256,207.38479240953427,199.1639837516992,200.1386108398437,126377,GESHIP.NS,202.4026859828404,215.6522435506185,200.3928985595703
2020-10-06,202.34215890984788,204.75755739316347,199.6301409370217,201.28277587890625,76587,GESHIP.NS,202.16659327915735,214.53494720458986,200.1386108398437
2020-10-07,202.55401305837643,202.8082675439969,198.1046048217385,198.8673553466797,45729,GESHIP.NS,201.22222900390625,213.4572006225586,201.28277587890625
2020-10-08,201.4522814327265,202.1726670910497,194.9688622355073,196.7062530517578,54793,GESHIP.NS,199.9388667515346,212.30176747639973,198.8673553466797
2020-10-09,198.31649187341347,198.65548925085605,192.04494986727903,193.0195770263672,63095,GESHIP.NS,198.49810355050224,210.9005554199219,196.7062530517578
2020-10-12,195.43498960445183,196.6214934438442,183.1461462642116,184.2478942871093,159980,GESHIP.NS,196.37933785574774,209.3637430826823,193.0195770263672
2020-10-13,184.24788136849983,193.5704515246818,178.6119691286674,183.1461334228516,402346,GESHIP.NS,193.9155142647879,208.28317311604818,184.2478942871093
2020-10-14,183.0613794123388,190.6889368878529,180.6883589446836,188.612548828125,197302,GESHIP.NS,192.2689339773995,207.26051534016926,183.1461334228516
2020-10-15,190.6889287125705,194.1213320157809,187.08702672577755,190.0532989501953,66672,GESHIP.NS,190.66472298758367,206.29012044270834,188.612548828125
2020-10-16,192.8077437395958,200.01154954964665,190.39234485404447,199.2064208984375,167661,GESHIP.NS,190.71316092354908,206.20254567464193,190.0532989501953
2020-10-19,201.70650100105223,203.7828888661497,196.19771000732604,198.23171997070312,159878,GESHIP.NS,190.9310847691127,205.83529307047527,199.2064208984375
2020-10-20,198.9521259488388,199.5453778381273,188.570172624565,189.5447998046875,104180,GESHIP.NS,190.43468802315846,204.88184865315756,198.23171997070312
2020-10-21,189.9261761124296,190.5618058679171,183.1461253872297,185.6886444091797,172997,GESHIP.NS,190.64050946916853,203.72923940022787,189.5447998046875
2020-10-22,187.21415186572773,195.816349276038,185.60389493630893,194.5450897216797,518616,GESHIP.NS,192.26893179757255,202.89726969401042,185.6886444091797
2020-10-23,194.9264660075449,198.61312390697773,189.12104217324745,190.5618133544922,159004,GESHIP.NS,192.54739815848214,201.9353490193685,194.5450897216797
2020-10-26,192.08733831900528,195.519742145812,188.1464383638822,192.80772399902344,99736,GESHIP.NS,192.94088745117188,201.01721750895183,190.5618133544922
2020-10-27,193.95183936739824,197.12998827816887,192.38394739864967,196.4519805908203,203917,GESHIP.NS,192.54739597865515,200.12168528238934,192.80772399902344
2020-10-28,197.4690012904691,199.587767398736,191.83308861524813,193.146713256836,105691,GESHIP.NS,191.82096644810272,199.10326487223307,196.4519805908203
2020-10-29,193.2314886418397,200.60479285889363,190.77372488012944,191.8754730224609,516192,GESHIP.NS,192.15391976492745,198.1752461751302,193.146713256836
2020-10-30,193.4433272981777,194.84170762395044,187.72265934960072,190.43467712402344,152202,GESHIP.NS,192.83192443847656,197.26841379801434,191.8754730224609
2020-11-02,193.9942092852422,193.9942092852422,183.99364413665728,186.53616333007807,207477,GESHIP.NS,191.6877920968192,196.36864471435547,190.43467712402344
2020-11-03,186.87515941234903,188.0616631882304,182.38337294893324,184.7563934326172,181721,GESHIP.NS,190.8584463936942,195.61577707926432,186.53616333007807
2020-11-04,185.5615232134473,188.1464203131428,182.7223845399469,186.53616333007807,105969,GESHIP.NS,189.96250915527344,194.8007588704427,184.7563934326172
2020-11-05,189.7990665871955,195.22311561766344,187.42604594461093,192.5958404541016,204574,GESHIP.NS,189.41163199288505,194.18914184570312,186.53616333007807
2020-11-06,194.88409943458623,194.88409943458623,188.27354674703395,189.50244140625,146705,GESHIP.NS,188.8910217285156,193.7413757324219,192.5958404541016
2020-11-09,193.18910358920488,193.23148150048,187.0446814800888,189.0787048339844,123790,GESHIP.NS,188.4914834158761,193.19473571777343,189.50244140625
2020-11-10,193.10433827229733,195.68922244487987,190.6889398612858,192.42633056640625,316643,GESHIP.NS,188.7760053362165,192.75262044270832,189.0787048339844
2020-11-11,193.2314746016732,197.4690069394292,188.9939422639172,193.7823486328125,287173,GESHIP.NS,189.81117466517858,192.4418680826823,192.42633056640625
2020-11-12,193.90948189983104,203.31679590806948,193.23147414102195,199.41827392578125,262490,GESHIP.NS,191.90572902134485,192.453168741862,193.7823486328125
2020-11-13,200.01146588992165,205.90163147275388,199.16395967852367,204.0794982910156,197632,GESHIP.NS,194.41191973005022,192.57605539957683,199.41827392578125
2020-11-14,205.0965476394205,205.7321774358237,202.2150310684948,203.2744140625,53239,GESHIP.NS,195.93743024553572,192.68058217366536,204.0794982910156
2020-11-17,203.274436001516,211.87662166848747,203.18968018007948,210.60536193847656,338234,GESHIP.NS,198.95213317871094,192.9913350423177,203.2744140625
2020-11-18,210.05449196241528,213.57163877744927,202.6811750400364,211.6647491455078,308952,GESHIP.NS,202.1787109375,193.41791483561198,210.60536193847656
2020-11-19,206.79158150974783,213.9106307823964,206.79158150974783,209.92735290527344,121017,GESHIP.NS,204.6788569859096,193.8586181640625,211.6647491455078
2020-11-20,210.13920032952603,219.3346366181155,208.02043441990804,209.50357055664065,115497,GESHIP.NS,206.92474583217077,194.4080846150716,209.92735290527344
2020-11-23,212.25800904636864,216.1141663659497,210.647751803078,213.65640258789065,165173,GESHIP.NS,208.9587642124721,195.38836822509765,209.50357055664065
2020-11-24,213.57157236941816,217.5972270073338,213.57157236941816,214.5885772705078,173198,GESHIP.NS,210.4600612095424,196.4364496866862,213.65640258789065
2020-11-25,216.07175200873488,216.91925840055728,208.8679476782445,210.8172149658203,80893,GESHIP.NS,211.53760419573103,197.17660522460938,214.5885772705078
2020-11-26,211.8342424888674,212.0037411988024,209.1222243341405,209.92735290527344,79642,GESHIP.NS,211.4407457624163,197.83907368977864,210.8172149658203
2020-11-27,210.9867411759433,221.1991971157565,208.06284632918857,213.99539184570312,932397,GESHIP.NS,211.77369471958704,198.33203938802083,209.92735290527344
2020-12-01,223.6569435830328,225.43671227375225,217.51252191391737,221.5381774902344,468917,GESHIP.NS,213.43238394601005,199.10892130533855,213.99539184570312
2020-12-02,221.19919110423604,225.0129702612056,217.6820443877997,222.8094482421875,663038,GESHIP.NS,215.3332236153739,200.21774291992188,221.5381774902344
2020-12-03,223.74169401920284,225.35195103823904,221.87716955683885,223.3603057861328,179334,GESHIP.NS,216.71949550083704,201.4734649658203,222.8094482421875
2020-12-04,224.5468330718108,245.7768582397409,224.29256563118804,240.3951873779297,1024959,GESHIP.NS,220.4061540876116,203.00180155436198,223.3603057861328
2020-12-07,245.7768981439328,247.8956645072425,237.72558596335568,240.3104705810547,592317,GESHIP.NS,224.61947631835938,204.66009012858072,240.3951873779297
2020-12-08,242.30208967615505,243.82761680946007,232.25913303797955,234.37789916992188,1372444,GESHIP.NS,228.11241149902344,206.04576263427734,240.3104705810547
2020-12-09,236.4542877547852,252.5569095015269,235.8186579489928,240.3951873779297,1171333,GESHIP.NS,231.8838108607701,207.51053619384766,234.37789916992188
2020-12-10,242.3868209137449,252.81113888023293,235.6067699790948,248.9973602294922,1644051,GESHIP.NS,235.80655125209265,209.37222442626953,240.3951873779297
2020-12-11,249.16686527483355,250.6500013776599,239.5052981206184,241.24267578125,480398,GESHIP.NS,238.4398694719587,211.0177978515625,248.9973602294922
2020-12-14,242.13263791002817,245.77690582324743,239.63248317766627,242.04788208007807,417885,GESHIP.NS,241.1095232282366,212.7382380167643,241.24267578125
2020-12-15,241.45455490637903,247.47185518817483,238.31879691716244,242.47157287597656,496573,GESHIP.NS,241.4061497279576,214.60275166829427,242.04788208007807
2020-12-16,243.573374044637,249.1669223727122,240.2681037165439,242.937744140625,596752,GESHIP.NS,241.78147452218192,216.54213002522786,242.47157287597656
2020-12-17,242.9800874970965,243.99707962644348,238.06453501513928,238.70016479492188,180950,GESHIP.NS,242.39894104003906,218.280930074056,242.937744140625
2020-12-18,239.420548240276,239.7595456136886,224.67394265417428,227.5978240966797,670658,GESHIP.NS,240.57074628557478,219.44766286214193,238.70016479492188
2020-12-21,227.1317263497737,228.5301068056509,210.18159751770108,212.76649475097656,275040,GESHIP.NS,235.39490836007255,220.22313130696614,227.5978240966797
2020-12-22,213.8682585826077,216.79215325900884,201.6641579005232,213.1478729248047,176361,GESHIP.NS,231.38136509486608,221.0254369099935,212.76649475097656
2020-12-23,213.5292618825189,219.33467369713765,213.5292618825189,218.36004638671875,253886,GESHIP.NS,227.9973885672433,221.8898941040039,213.1478729248047
2020-12-24,220.3516538451318,222.4280547749784,215.7327467643776,218.02101135253903,130905,GESHIP.NS,224.50445120675224,222.6978495279948,218.36004638671875
2020-12-28,218.65665804831943,224.7587146649728,218.02102822841152,222.3856811523437,128563,GESHIP.NS,221.56844220842635,223.46342976888022,218.02101135253903
2020-12-29,228.82671749014705,235.606768378744,218.69900612976872,222.4280548095703,321944,GESHIP.NS,219.24385506766183,224.0750483194987,222.3856811523437
2020-12-30,222.89420815287835,225.43672763751195,219.1227939051336,223.86883544921875,209809,GESHIP.NS,218.71114240373885,224.76152903238932,222.4280548095703
2020-12-31,224.5891913282776,225.4366977106484,221.62291898997952,223.06369018554688,107905,GESHIP.NS,220.18217032296317,225.176806640625,223.86883544921875
2021-01-01,225.43670954086744,231.7930077422077,220.4364267952485,229.3776092529297,186979,GESHIP.NS,222.5007040841239,225.7672353108724,223.06369018554688
2021-01-04,232.21679590364928,238.14934178439944,230.18278534587583,236.62384033203125,393293,GESHIP.NS,225.1098175048828,226.65711822509766,229.3776092529297
2021-01-05,233.06431060141705,240.35287239663103,230.01328172622885,238.99685668945312,284564,GESHIP.NS,228.10636683872767,227.64022776285807,236.62384033203125
2021-01-06,237.81034611427728,239.84435668726547,233.106669183904,236.454330444336,289814,GESHIP.NS,230.11617388044084,228.40015869140626,238.99685668945312
2021-01-07,237.6407672544416,238.7849059606502,234.5050093847976,235.69151306152344,137645,GESHIP.NS,232.01095363071985,229.1035898844401,236.454330444336
2021-01-08,237.25943758583304,240.26807509420885,234.2507742136133,235.649154663086,187014,GESHIP.NS,233.69385637555803,229.9313212076823,235.69151306152344
2021-01-11,238.99677626160425,241.53929515800425,234.3354916182041,238.06451416015625,253791,GESHIP.NS,235.83683122907365,230.86922658284504,235.649154663086
2021-01-12,238.14927520889108,241.24266809488623,237.3865246959367,238.44590759277344,141467,GESHIP.NS,237.1323024204799,231.68424377441406,238.06451416015625
2021-01-13,239.59008291113463,245.437872222634,235.60679226471865,237.0051727294922,457996,GESHIP.NS,237.18677847726005,232.19981028238934,238.44590759277344
2021-01-14,239.8443244996956,242.0054555939961,236.411933734902,237.0051727294922,303568,GESHIP.NS,236.90225219726562,232.67300109863282,237.0051727294922
2021-01-15,236.4542933252984,238.2340619962145,231.75064299716053,234.166015625,110661,GESHIP.NS,236.57535008021765,233.03319142659504,237.0051727294922
2021-01-18,233.86942838152305,234.166034964636,224.6739777088792,227.8521270751953,90252,GESHIP.NS,235.45543779645647,232.6150894165039,234.166015625
2021-01-19,228.8690844327726,233.4032486763203,228.40296627570584,228.9962310791016,45756,GESHIP.NS,234.50502014160156,232.23794809977213,227.8521270751953
2021-01-20,230.52173102775112,231.36923739182373,228.86908327227283,229.547103881836,69353,GESHIP.NS,233.28824724469868,232.07692159016926,228.9962310791016
2021-01-21,230.01325158285908,231.79302034879984,224.63158030692784,225.4367218017578,78263,GESHIP.NS,231.42979213169647,231.57830607096355,229.547103881836
2021-01-22,226.4537247861413,230.8183776574188,215.9870153718253,218.6990203857422,207730,GESHIP.NS,228.81462751116075,230.5683614095052,225.4367218017578
2021-01-25,220.6058942379813,223.6993131300911,217.17350383990188,218.57188415527344,85395,GESHIP.NS,226.18130057198664,229.812668355306,218.6990203857422
2021-01-27,220.3516931610721,220.3516931610721,213.5716410638084,215.3514099121093,405720,GESHIP.NS,223.49349975585938,228.92278594970702,218.57188415527344
2021-01-28,216.0293898709532,216.0293898709532,211.32573939855192,213.2749938964844,336419,GESHIP.NS,221.41105215890067,227.94956665039064,215.3514099121093
2021-01-29,215.26667423020243,228.82677969352227,215.26667423020243,220.902587890625,616250,GESHIP.NS,220.25481741768974,227.2150614420573,213.2749938964844
2021-02-01,224.5891908687471,227.55546320097585,216.11412706237928,226.3265686035156,350618,GESHIP.NS,219.79474094935821,226.80260823567707,220.902587890625
2021-02-02,228.7419935974735,229.5047442560984,221.8348209637309,222.8094482421875,112893,GESHIP.NS,219.4194161551339,226.64299570719402,226.3265686035156
2021-02-03,224.58918130639069,224.58918130639069,217.8938863571948,219.16514587402344,177958,GESHIP.NS,219.48600551060264,226.85628407796224,222.8094482421875
2021-02-04,220.18213188236965,225.0129282583102,218.1481218844412,221.665267944336,119681,GESHIP.NS,219.92791748046875,227.14019724527995,219.16514587402344
2021-02-05,222.7246559103444,225.73331893705225,220.09740694619177,221.91954040527344,130991,GESHIP.NS,220.86622183663508,227.25884704589845,221.665267944336
2021-02-08,222.046666558165,225.4366920018011,216.3259986220291,216.91925048828125,847465,GESHIP.NS,221.38682992117745,227.2221216837565,221.91954040527344
2021-02-09,217.97864618964795,222.0043014006104,216.74975162181755,217.8938903808593,787725,GESHIP.NS,220.9570159912109,227.07239532470703,216.91925048828125
2021-02-10,219.419391866742,223.3179263032482,216.53787540979096,218.14813232421875,155006,GESHIP.NS,219.7886679513114,226.929731241862,217.8938903808593
2021-02-11,218.5719214314404,220.35169025627945,211.53762781879743,216.19891357421875,109156,GESHIP.NS,218.84430585588728,226.67406717936197,218.14813232421875
2021-02-12,216.8768974465316,222.3433244466005,216.5802779453616,217.38540649414065,307979,GESHIP.NS,218.59005737304688,226.48479105631512,216.19891357421875
2021-02-15,221.7500343613679,221.7500343613679,217.5125025529572,218.14813232421875,85840,GESHIP.NS,218.0876094273158,226.1104751586914,217.38540649414065
2021-02-16,219.2499202474245,219.2499202474245,216.919264670624,218.6990203857422,150570,GESHIP.NS,217.62753513881134,225.51298116048176,218.14813232421875
2021-02-17,220.3093083222084,227.89447540398368,216.96164755540585,225.9452209472656,613529,GESHIP.NS,218.91695949009483,225.0779266357422,218.6990203857422
2021-02-18,228.82675594013617,236.36955864835664,228.1487610828889,232.4710235595703,720799,GESHIP.NS,220.99940708705358,224.94514973958334,225.9452209472656
2021-02-19,232.2167653770017,233.40326922440727,223.7417009471841,225.90283203125,216443,GESHIP.NS,222.10722133091517,224.61886037190754,232.4710235595703
2021-02-22,227.00461123254925,231.36926434317724,221.19918678963097,228.7419891357422,256754,GESHIP.NS,223.89908926827567,224.38862152099608,225.90283203125
2021-02-23,232.85239883083767,244.5056126030816,229.29286136941445,238.36119079589844,861416,GESHIP.NS,226.8956298828125,224.3985107421875,228.7419891357422
2021-02-24,238.99682851910347,245.3531271499307,233.61515717223403,240.2257232666016,174883,GESHIP.NS,230.04957144601005,224.4578379313151,238.36119079589844
2021-02-25,243.2343357585444,271.2020468387951,242.9800941851701,260.31158447265625,2096852,GESHIP.NS,235.99422345842635,225.2347183227539,240.2257232666016
2021-02-26,257.47238485064923,283.9145898312105,253.40436525233417,266.2440795898437,1774732,GESHIP.NS,241.75120326450892,226.2093485514323,260.31158447265625
2021-03-01,267.7273026467252,276.03288200368775,258.27761018673925,261.0743713378906,597967,GESHIP.NS,245.83739580426897,227.10629374186198,266.2440795898437
2021-03-02,262.3032664810443,287.7284619396269,261.32863916123455,283.279052734375,1446107,GESHIP.NS,254.03399876185827,228.9538579305013,261.0743713378906
2021-03-03,283.5756660695191,288.10983079338666,275.4395988985171,277.6854858398437,628601,GESHIP.NS,261.0259268624442,230.57683308919272,283.279052734375
2021-03-04,273.27838982761176,282.09244930553,270.60872455484395,273.1936340332031,261609,GESHIP.NS,266.00199018205916,232.0317174275716,277.6854858398437
2021-03-05,272.3885740188361,274.12597779894395,259.3369795663696,260.6506042480469,178409,GESHIP.NS,268.9198303222656,233.20551350911458,273.1936340332031
2021-03-08,262.34552114866403,274.5919954906161,262.34552114866403,263.7439270019531,246037,GESHIP.NS,269.410164969308,234.7070103963216,260.6506042480469
2021-03-09,266.11694140155123,266.66781524760887,262.3031635789175,264.2100524902344,190794,GESHIP.NS,269.11958966936385,236.22828267415363,263.7439270019531
2021-03-10,264.8457478405601,275.4395777541825,263.32024667853545,267.7272644042969,243534,GESHIP.NS,270.0700029645647,237.9741444905599,264.2100524902344
2021-03-12,270.18505508655625,281.8806600118988,267.4306590305515,270.5240783691406,608766,GESHIP.NS,268.24786376953125,239.8824473063151,267.7272644042969
2021-03-15,273.27838665034244,276.58365568315344,263.99818334299147,274.84625244140625,256960,GESHIP.NS,267.8422589983259,241.68056945800782,270.5240783691406
2021-03-16,275.3549225844709,288.0675231272798,275.3549225844709,282.98248291015625,506087,GESHIP.NS,269.2406659807478,243.56909993489583,274.84625244140625
2021-03-17,285.5248985890668,285.5248985890668,268.4900149193767,269.9307861328125,172902,GESHIP.NS,270.56640625,245.13981119791666,282.98248291015625
2021-03-18,271.2868110626563,276.96508857609734,262.7269910211345,266.83740234375,181713,GESHIP.NS,271.0083312988281,246.72888641357423,269.9307861328125
2021-03-19,263.74404059061123,265.8628069004206,254.2519571771265,255.31134033203125,299004,GESHIP.NS,269.7370867047991,247.85042215983074,266.83740234375
2021-03-22,257.64200065488967,261.7524127460021,255.4384783712558,258.9980163574219,166957,GESHIP.NS,268.49005126953125,249.08637135823568,255.31134033203125
2021-03-23,256.1164623338553,275.2700876220516,256.1164623338553,270.8206787109375,312788,GESHIP.NS,268.5324227469308,250.88308563232422,258.9980163574219
2021-03-24,268.32051993011225,270.77828321216487,260.0996978563816,262.896484375,101831,GESHIP.NS,266.82531302315846,252.38317209879557,270.8206787109375
2021-03-25,264.25253485910645,272.04960555064525,256.83685246481315,267.81207275390625,190076,GESHIP.NS,264.6581115722656,254.03863677978515,262.896484375
2021-03-26,270.35454727307905,271.11729787631594,258.8708456576439,260.26922607421875,130337,GESHIP.NS,263.2778887067522,255.5076471964518,267.81207275390625
2021-03-30,261.8794939227912,270.77831167744915,261.8794939227912,268.4053039550781,182853,GESHIP.NS,263.5018746512277,257.2083104451497,260.26922607421875
2021-03-31,266.96457462674766,270.01560350953736,255.3113590676436,265.01531982421875,213273,GESHIP.NS,264.8881574358259,258.77055002848306,268.4053039550781
2021-04-01,266.1169628046806,276.92266750455224,262.7693027678126,267.0492248535156,265822,GESHIP.NS,266.038330078125,260.38222351074216,265.01531982421875
2021-04-05,264.88805783410186,267.8119646289081,250.98896104511584,255.9892425537109,113000,GESHIP.NS,263.9195534842355,261.3836908976237,267.0492248535156
2021-04-06,255.9892850366452,258.658950754879,252.8111361947873,254.2519073486328,151560,GESHIP.NS,262.6846139090402,262.1097203572591,255.9892425537109
2021-04-07,255.0993737151861,261.28615881191314,254.3366232854829,255.01461791992188,127715,GESHIP.NS,260.85640607561385,263.08011322021486,254.2519073486328
2021-04-08,255.5654781871783,263.9558100587275,252.55684159425763,261.7522888183594,249702,GESHIP.NS,261.06827218191967,264.1804565429687,255.01461791992188
2021-04-09,264.4219882231613,265.2271296225828,257.72669305309967,259.845458984375,151368,GESHIP.NS,259.8454371861049,264.89659881591797,261.7522888183594
2021-04-12,254.6756644952738,256.83679539587,222.72466396181085,238.3188018798828,203422,GESHIP.NS,256.0316489083426,264.833034769694,259.845458984375
2021-04-13,239.33582371671133,248.9126624165025,238.7425847016521,243.912353515625,190055,GESHIP.NS,252.72638157435827,264.286393737793,238.3188018798828
2021-04-15,243.95474937907585,253.0654441861552,238.7425896157019,249.0821533203125,167835,GESHIP.NS,251.73965454101562,263.7143295288086,243.912353515625
2021-04-16,249.08211604284784,255.26892803911807,247.47185911861152,253.40440368652344,126031,GESHIP.NS,251.61858258928572,263.4586639404297,249.0821533203125
2021-04-19,245.8192426993752,252.4721737001137,244.8446154260085,248.446517944336,69551,GESHIP.NS,250.68028259277344,262.2975794474284,253.40440368652344
2021-04-20,247.4718806634549,251.4975362564392,242.6410836063361,244.16661071777344,84271,GESHIP.NS,248.1680428641183,261.18028361002604,248.446517944336
2021-04-22,244.50562057562425,259.9302489262797,240.7342063771865,245.01412963867188,771643,GESHIP.NS,246.04928152901786,260.240966796875,244.16661071777344
2021-04-23,249.590636840213,259.33696051988176,244.08184519518284,249.33639526367188,346221,GESHIP.NS,247.62322344098772,259.86382649739585,245.01412963867188
2021-04-26,253.4044342821716,263.53214693430465,239.33582172116164,260.6506042480469,418472,GESHIP.NS,250.01440211704798,259.7607157389323,249.33639526367188
2021-04-27,268.6595555649925,272.812332165941,261.0319972051031,263.1083984375,874862,GESHIP.NS,252.01815141950334,259.7239939371745,260.6506042480469
2021-04-28,266.117062687304,267.38832254090573,256.37073714302375,258.19287109375,258663,GESHIP.NS,252.70221819196428,259.4061808268229,263.1083984375
2021-04-29,259.2522766878129,261.0320458092826,255.94700595585505,258.5318908691406,860671,GESHIP.NS,254.14298575265067,259.0064412434896,258.19287109375
2021-04-30,256.7944397339844,274.5920741709932,256.7096839210396,266.8797607421875,1771902,GESHIP.NS,257.3877214704241,258.7408915201823,258.5318908691406
2021-05-03,266.7102641673331,282.2196203452755,263.6168452352379,276.8803405761719,1401091,GESHIP.NS,261.9400373186384,258.53748677571616,266.8797607421875
2021-05-04,283.0671434295401,296.6272461087995,279.04148794663496,293.7033386230469,1149587,GESHIP.NS,268.2781720842634,259.3299051920573,276.8803405761719
2021-05-05,298.3222266599127,348.87597381743944,297.4747203341743,339.8500366210937,6590651,GESHIP.NS,279.5923767089844,261.76365966796874,293.7033386230469
2021-05-06,344.0875802289128,354.9356512304947,323.83218351135844,329.298583984375,3123164,GESHIP.NS,289.0481175013951,264.2299011230469,339.8500366210937
2021-05-07,331.12075428404177,335.1887745781384,318.83191172681546,325.9085693359375,849094,GESHIP.NS,298.72178867885043,266.4602528889974,329.298583984375
2021-05-10,329.0020091460897,343.07059530738235,327.17984961570187,333.4090270996094,955283,GESHIP.NS,309.4185224260603,268.54653116861977,325.9085693359375
2021-05-11,327.1374882143448,338.1550720143098,322.984711800973,331.75640869140625,724074,GESHIP.NS,318.6866149902344,270.84186197916665,333.4090270996094
2021-05-12,329.8918602049577,333.91751553180046,318.6624006090279,320.4421691894531,399035,GESHIP.NS,324.9097333635603,272.5961985270182,331.75640869140625
2021-05-14,320.48453381774215,342.8586971742596,310.8229662165008,337.180419921875,563096,GESHIP.NS,331.12074497767856,275.1599049886068,320.4421691894531
2021-05-17,350.86762695515307,364.13109608636586,339.85004446622315,344.9774475097656,1364984,GESHIP.NS,331.85323224748885,277.712309773763,337.180419921875
2021-05-18,339.0025414526627,349.08786188811115,336.8837755685836,338.91778564453125,371977,GESHIP.NS,333.22740391322543,280.17572530110675,344.9774475097656
2021-05-19,334.7650161721548,346.121596358138,334.7650161721548,341.0789489746094,338104,GESHIP.NS,335.3946010044643,282.6433827718099,338.91778564453125
2021-05-20,340.69760000146573,344.12999084997244,336.5871884605199,338.79071044921875,315680,GESHIP.NS,336.16341291155135,285.40343170166017,341.0789489746094
2021-05-21,340.6975738185016,348.9607612432041,340.3161855918244,342.3078308105469,305474,GESHIP.NS,337.67075892857144,288.3386291503906,338.79071044921875
2021-05-24,346.84203284843176,354.5967120997632,338.96023279570386,347.1810302734375,458193,GESHIP.NS,341.49059622628346,291.4108428955078,342.3078308105469
2021-05-25,351.6303936719313,355.69843983486084,341.8840702525193,344.04522705078125,399573,GESHIP.NS,342.4712829589844,294.15394083658856,347.1810302734375
2021-05-26,346.5453491174024,350.86763677214645,342.8163262665054,348.7488708496094,221261,GESHIP.NS,343.0100577218192,297.117387898763,344.04522705078125
2021-05-27,346.6301064615545,362.5632159240305,345.5707234955962,348.4522399902344,790476,GESHIP.NS,344.3721226283482,300.7885025024414,348.7488708496094
2021-05-28,356.80021078445304,359.1308534914774,349.1726528341916,351.2490539550781,475416,GESHIP.NS,345.8249947684152,304.3663925170898,348.4522399902344
2021-05-31,352.9864128655372,352.9864128655372,345.7826085213426,348.36749267578125,393590,GESHIP.NS,347.193106515067,307.67590382893883,351.2490539550781
2021-06-01,350.4015569443047,374.4283444430344,346.79965448198817,359.9360046386719,1397007,GESHIP.NS,349.711417061942,311.2269571940104,348.36749267578125
2021-06-02,360.1055018074341,372.8180991355185,356.2917226090088,363.9192810058594,579242,GESHIP.NS,352.1025957380022,315.07604929606117,359.9360046386719
2021-06-03,364.42778601318577,377.1403831996922,352.5626953057797,365.3176574707031,602304,GESHIP.NS,355.14151436941967,319.1144175211588,363.9192810058594
2021-06-04,364.42775745512125,369.0890427248961,358.0714593599738,359.30035400390625,341979,GESHIP.NS,356.6488691057478,322.92395833333336,365.3176574707031
2021-06-07,362.6904001366238,362.6904001366238,351.92705774213914,353.8763122558594,452655,GESHIP.NS,357.4237365722656,326.4086222330729,359.30035400390625
2021-06-08,355.5289448348409,358.49521731856424,346.3334949625298,351.545654296875,256192,GESHIP.NS,357.4661080496652,329.43845723470054,353.8763122558594
2021-06-09,355.0204077098685,356.7578112597069,343.4095861393882,350.6981201171875,298283,GESHIP.NS,357.79905482700894,332.3581146240234,351.545654296875
2021-06-10,349.1726965530232,351.24909793388946,346.12166781813994,347.8166809082031,317310,GESHIP.NS,356.0677228655134,335.3455749511719,350.6981201171875
2021-06-11,352.5626909112768,353.6220739969477,334.7650550720056,339.0449523925781,668835,GESHIP.NS,352.51424734933033,338.0293436686198,347.8166809082031
2021-06-14,337.0533269814957,347.47764601645144,332.4767714404473,340.4857177734375,747970,GESHIP.NS,348.9668273925781,340.4828755696615,339.0449523925781
2021-06-15,340.69763264588266,346.4606668326621,340.5281209905696,342.35028076171875,680457,GESHIP.NS,346.5453883579799,342.6652069091797,340.4857177734375
2021-06-16,355.91038393156333,359.34277509340245,345.4436729276535,347.8166809082031,1209893,GESHIP.NS,345.67972673688615,344.46898498535154,342.35028076171875
2021-06-17,347.4776218887213,352.73217188233167,339.8924293092719,342.9010925292969,426598,GESHIP.NS,344.44478934151783,344.57068684895836,347.8166809082031
2021-06-18,344.5960862712318,348.1979882502492,340.6975518976448,342.2230529785156,928432,GESHIP.NS,343.2340654645647,345.0015024820963,342.9010925292969
2021-06-21,338.1551206469453,344.935173191245,332.30733050025646,340.6128845214844,381160,GESHIP.NS,342.20495169503346,345.4916463216146,342.2230529785156
2021-06-22,339.9348310919279,350.4439055536583,335.6972989812428,339.5110778808594,500075,GESHIP.NS,342.2715410505022,345.69504801432294,340.6128845214844
2021-06-23,340.316162109375,344.4265730508054,335.4853914665714,340.316162109375,287802,GESHIP.NS,342.24731881277904,345.9803731282552,339.5110778808594
2021-06-24,341.5451169626128,341.5451169626128,332.2225455318715,333.748046875,238534,GESHIP.NS,341.01842825753346,346.4239023844401,340.316162109375
2021-06-25,336.84141197386964,336.84141197386964,322.899922054082,324.08642578125,388499,GESHIP.NS,337.6283918108259,345.98743591308596,333.748046875
2021-06-28,325.4424781525224,327.68836508158734,322.9423237690942,326.24761962890625,192381,GESHIP.NS,335.2493242536272,345.3631083170573,324.08642578125
2021-06-29,332.98522603546706,335.61250078508806,325.10342765044425,326.9679260253906,329033,GESHIP.NS,333.0700204031808,344.96477966308595,326.24761962890625
2021-06-30,332.1377405227699,334.00226487833515,326.9679465040133,329.5528564453125,285545,GESHIP.NS,331.4900163922991,344.58057657877606,326.9679260253906
2021-07-01,329.6799718067098,332.64624404661595,327.34932933249786,329.0443420410156,155010,GESHIP.NS,329.99476841517856,344.2556976318359,329.5528564453125
2021-07-02,332.0529918123158,332.0529918123158,324.1711927651319,325.3576965332031,147084,GESHIP.NS,327.8578447614397,343.69069315592446,329.0443420410156
2021-07-05,327.9002407706164,329.5952536728825,316.6284153160843,319.9336853027344,312542,GESHIP.NS,325.88436453683033,342.78244832356773,325.3576965332031
2021-07-06,320.3574195049571,325.44245790979767,319.17091571659614,321.45916748046875,299924,GESHIP.NS,325.509041922433,342.029579671224,319.9336853027344
2021-07-07,323.6202888476936,324.0440420016479,319.5098780815685,320.1455078125,90544,GESHIP.NS,324.63731166294644,341.0761342366537,321.45916748046875
2021-07-08,322.01012607252954,323.23899505956155,312.89943060190143,314.9334411621094,220935,GESHIP.NS,322.9180995396205,339.95884094238284,320.1455078125
2021-07-09,317.39116430029134,317.39116430029134,312.3484905967116,313.1112670898437,181416,GESHIP.NS,320.56930106026783,338.6875813802083,314.9334411621094
2021-07-12,317.3062868997403,320.3573141116659,314.0010181967519,315.0180358886719,206738,GESHIP.NS,318.5655430385045,337.575932820638,313.1112670898437
2021-07-13,319.4251540962706,319.4251540962706,312.3908613854716,312.9841003417969,225255,GESHIP.NS,316.79788643973217,336.0108693440755,315.0180358886719
2021-07-14,312.9841245632463,328.74774985327326,312.5603713342878,321.2897033691406,1041393,GESHIP.NS,316.9916033063616,334.5898834228516,312.9841003417969
2021-07-15,331.37496995622394,331.37496995622394,324.5949194200352,326.1628112792969,1296219,GESHIP.NS,317.6635524204799,333.28472188313805,321.2897033691406
2021-07-16,328.8324720514255,329.0443486442421,321.247279683053,322.39141845703125,276825,GESHIP.NS,317.9843967982701,332.05442403157554,326.1628112792969
2021-07-19,322.8999740496793,326.2900000239542,320.3998195481134,323.9169921875,331681,GESHIP.NS,319.26776123046875,331.0557800292969,322.39141845703125
2021-07-20,326.3906237139003,336.3286020335331,312.24313440403495,316.1054992675781,607048,GESHIP.NS,319.6955086844308,329.8744415283203,323.9169921875
2021-07-22,318.53567149540663,321.61686426225623,314.7167205134112,315.6280517578125,188313,GESHIP.NS,319.78265380859375,328.7054392496745,316.1054992675781
2021-07-23,316.7130182391259,317.624376073881,313.3280391798494,314.19598388671875,212049,GESHIP.NS,319.9557800292969,327.5847493489583,315.6280517578125
2021-07-26,306.55806808910705,322.0508592610825,306.55806808910705,321.26971435546875,461695,GESHIP.NS,319.9529244559152,326.99224141438805,314.19598388671875
2021-07-27,323.26598933032926,329.6019745596212,319.1432523213544,320.4885559082031,249704,GESHIP.NS,319.14231654575894,326.32566935221354,321.26971435546875
2021-07-28,320.7055717639975,321.4867167089397,310.9845803739577,312.15631103515625,194030,GESHIP.NS,317.68015834263394,325.31920369466144,320.4885559082031
2021-07-29,312.6769884655216,326.08674082818663,290.80477770580217,297.6615600585937,1713351,GESHIP.NS,313.92938232421875,323.6473663330078,312.15631103515625
2021-07-30,295.1011657714844,297.70499958711514,290.15387092675905,295.1011657714844,778099,GESHIP.NS,310.9287632533482,322.0540354410807,297.6615600585937
2021-08-02,295.18796714332143,302.04472426445506,295.18796714332143,298.9635314941406,196724,GESHIP.NS,308.5481175013951,320.61205139160154,295.1011657714844
2021-08-03,301.52399229727774,301.52399229727774,295.10120662702724,295.6219787597656,157042,GESHIP.NS,305.89468819754467,319.1123545328776,298.9635314941406
2021-08-04,298.3993318612556,298.3993318612556,282.9499291470272,286.24810791015625,378382,GESHIP.NS,300.8916015625,317.33692220052086,295.6219787597656
2021-08-05,288.02748263522204,289.1992133942581,280.04238000612054,282.2990417480469,273480,GESHIP.NS,295.4359566824777,315.40301818847655,286.24810791015625
2021-08-06,285.293475022076,286.4217927013243,270.9723853870098,275.8328552246094,1428461,GESHIP.NS,290.2468915666853,313.47251180013023,282.2990417480469
2021-08-09,276.8309786891996,278.56686812700593,272.75162791532625,276.6573791503906,233591,GESHIP.NS,287.2462942940848,311.89154357910155,275.8328552246094
2021-08-10,275.13841526263,277.6988622142009,264.6796942995654,268.9326171875,317208,GESHIP.NS,283.50793021065846,309.9810434977214,276.6573791503906
2021-08-11,269.149696481274,279.60842106445875,260.3834484202765,264.1156005859375,2184958,GESHIP.NS,278.5296543666295,307.88596598307294,268.9326171875
2021-08-12,267.2401730136651,272.79501390384684,266.5458278352314,271.7100830078125,418713,GESHIP.NS,275.1136692592076,305.95787353515624,264.1156005859375
2021-08-13,269.10621581385647,273.09876631853285,267.8042988984772,270.36474609375,815904,GESHIP.NS,272.84461757114957,304.00188700358075,271.7100830078125
2021-08-16,272.3610209552714,275.6158133973161,267.7609248988757,268.8458557128906,170928,GESHIP.NS,270.92273385184154,302.118158976237,270.36474609375
2021-08-17,267.8477156926838,272.7949841463921,260.0796007294234,267.717529296875,475131,GESHIP.NS,269.7634015764509,300.37762044270835,268.8458557128906
2021-08-18,269.1062951450903,269.1062951450903,260.29666005149994,262.4665222167969,342132,GESHIP.NS,267.7361363002232,298.41119893391925,267.717529296875
2021-08-20,260.9042022986709,260.9042022986709,254.9153887029452,257.99658203125,212668,GESHIP.NS,266.17384556361606,296.3395680745443,262.4665222167969
2021-08-23,261.1645544987683,263.855188361814,249.1869282536877,255.13235473632807,1012320,GESHIP.NS,264.89052472795754,294.3461985270182,257.99658203125
2021-08-24,258.647553215813,264.7231668819563,255.9135323635633,262.5099182128906,376427,GESHIP.NS,263.5762154715402,292.65948689778645,255.13235473632807
2021-08-25,269.9308133845555,302.91271341225035,264.72314495913,293.7124938964844,2423553,GESHIP.NS,266.91160801478793,291.9493021647135,262.5099182128906
2021-08-26,297.44465789381564,305.51653297103366,290.5878736058301,301.1334228515625,1709010,GESHIP.NS,271.5241176060268,291.5542795817057,293.7124938964844
2021-08-27,299.44092636991405,300.30887108402976,288.0274586768068,290.414306640625,428445,GESHIP.NS,274.76651436941967,290.5250996907552,301.1334228515625
2021-08-30,292.4105716300132,318.5357130673865,285.2934408000691,309.0317077636719,1634150,GESHIP.NS,281.41868373325894,289.954062906901,290.414306640625
2021-08-31,310.55059255222204,321.13952812879376,305.0391650838509,312.32989501953125,1147395,GESHIP.NS,289.1805855887277,289.6186787923177,309.0317077636719
2021-09-01,312.24309492128185,319.3602518077745,306.5580679298345,308.9449157714844,477255,GESHIP.NS,296.8680943080357,289.11960957845054,312.32989501953125
2021-09-02,311.4185780941862,315.7149153726368,308.5543709002677,310.2034606933594,444428,GESHIP.NS,303.68145751953125,288.9228749593099,308.9449157714844
2021-09-03,312.112907267115,315.3242866395555,308.120356505029,312.19970703125,388112,GESHIP.NS,306.3224879673549,288.8085968017578,310.2034606933594
2021-09-06,316.71301218843416,319.316846259297,308.7713235698165,309.94305419921875,405592,GESHIP.NS,307.5810067313058,288.6668324788412,312.19970703125
2021-09-07,313.1544040939985,316.71298228570544,308.98828056899407,311.1581420898437,410573,GESHIP.NS,310.5444117954799,288.32978006998695,309.94305419921875
2021-09-08,310.76758802936604,315.84506980210057,308.5543396480159,312.373291015625,231025,GESHIP.NS,311.0217808314732,288.05927124023435,311.1581420898437
2021-09-09,311.59213259695576,316.75641391329776,304.9957478907042,307.1222229003906,214282,GESHIP.NS,310.27782767159596,287.89146830240884,312.373291015625
2021-09-13,309.0750834804208,319.23001960905407,306.34106323377216,315.15069580078125,749365,GESHIP.NS,311.16436767578125,288.4744394938151,307.1222229003906
2021-09-14,320.09803800604965,325.9132788766411,316.5828720912246,319.18670654296875,980860,GESHIP.NS,312.4476885114397,289.2772908528646,315.15069580078125
2021-09-15,323.7433654405149,325.3924550339848,317.6677526842585,319.7074279785156,385741,GESHIP.NS,313.5202200753348,289.9687540690104,319.18670654296875
2021-09-16,317.6676963180361,323.2659491022734,312.5468289153403,320.44512939453125,429670,GESHIP.NS,315.020516531808,290.7961924235026,319.7074279785156
2021-09-17,320.7924025432425,329.1246778990877,310.5940511697649,326.5208435058594,1229953,GESHIP.NS,317.2151881626674,292.13861694335935,320.44512939453125
2021-09-20,321.1395335960098,324.3509395269978,312.7638726794657,314.28277587890625,278375,GESHIP.NS,317.4879717145647,293.204741414388,326.5208435058594
2021-09-21,315.8885172028481,319.3168832339226,304.8222211202827,317.5809936523437,326387,GESHIP.NS,318.9820818219866,294.5963460286458,314.28277587890625
2021-09-22,324.6112527625063,324.6112527625063,317.01673815910544,319.3601989746094,336733,GESHIP.NS,319.5834394182478,296.0197733561198,317.5809936523437
2021-09-23,322.875366079011,324.00368337619653,315.49783755301206,316.235595703125,169112,GESHIP.NS,319.16185215541293,297.59653930664064,319.3601989746094
2021-09-24,318.57900891630857,322.00740018718125,311.6788662334069,315.19403076171875,364578,GESHIP.NS,318.517081124442,299.2991536458333,316.235595703125
2021-09-27,317.2337211707786,318.62243769639895,305.51647018362263,307.2957458496094,232245,GESHIP.NS,316.6385977608817,300.48534240722654,315.19403076171875
2021-09-28,310.7241633018362,314.80351347093733,304.7353509267723,306.9052124023437,178987,GESHIP.NS,313.83636474609375,301.70335795084634,307.2957458496094
2021-09-29,308.9882209171616,322.8753319696183,306.7315600736249,316.7129211425781,361229,GESHIP.NS,314.1835283551897,303.2989267985026,306.9052124023437
2021-09-30,321.13951739021826,326.08681244233816,316.8865939439156,320.0111999511719,355505,GESHIP.NS,314.53070068359375,305.04204915364585,316.7129211425781
2021-10-01,317.0602435272737,325.30571961312614,316.88667044959016,318.75274658203125,168697,GESHIP.NS,314.4439217703683,306.918256632487,320.0111999511719
2021-10-04,321.1395874023437,331.55492537214946,319.8810568026292,321.1395874023437,646901,GESHIP.NS,315.14449201311385,309.0230234781901,318.75274658203125
2021-10-05,322.7018308699599,326.0868364110476,320.35839605794195,323.13580322265625,366905,GESHIP.NS,316.2790309361049,311.28980509440106,321.1395874023437
2021-10-06,324.6112641888234,331.7718067812239,317.66770773558653,318.4488525390625,763685,GESHIP.NS,317.87233189174106,313.15443623860676,323.13580322265625
2021-10-07,322.0074974948966,328.7340692080649,318.6225183173971,320.4017944335937,505279,GESHIP.NS,319.8004150390625,314.04407958984376,318.4488525390625
2021-10-08,322.0074684193051,327.21513637217794,319.4036344428687,320.5319519042969,1152857,GESHIP.NS,320.3459908621652,314.6906972249349,320.4017944335937
2021-10-11,322.615068880373,325.9132482812667,319.7074487180325,324.13397216796875,412047,GESHIP.NS,320.9349583217076,315.81468607584634,320.5319519042969
2021-10-12,324.611309253866,327.1283435200853,319.92441329477333,321.8772888183594,360172,GESHIP.NS,321.3813214983259,316.2428721110026,324.13397216796875
2021-10-13,323.3093182300024,323.8734768434951,312.9373711172629,314.58648681640625,441185,GESHIP.NS,320.4451642717634,316.3180918375651,321.8772888183594
2021-10-14,316.01856568860046,317.2336825678185,309.2919964959859,311.1146850585937,185543,GESHIP.NS,318.7278616768973,316.3904174804687,314.58648681640625
2021-10-18,312.46004837005097,313.9355647490472,298.2691492090645,299.5276794433594,403265,GESHIP.NS,316.0248369489397,316.03455810546876,311.1146850585937
2021-10-19,301.8711086323108,305.5164863945448,290.7614288129901,291.6727600097656,330215,GESHIP.NS,311.92068917410717,315.35032653808594,299.5276794433594
2021-10-20,290.93508547944697,295.53518197537136,285.7274170745946,289.1123962402344,186681,GESHIP.NS,307.4321812220982,314.6559712727865,291.6727600097656
2021-10-21,291.9765939592529,291.9765939592529,277.6555063024852,279.3045959472656,420243,GESHIP.NS,301.0279846191406,313.5941864013672,289.1123962402344
2021-10-22,280.91024915698125,285.8575437019245,272.7949622924991,275.485595703125,265238,GESHIP.NS,294.40059988839283,312.3645965576172,279.3045959472656
2021-10-25,277.3082818555347,279.2611570798694,271.14587029456527,273.05535888671875,190647,GESHIP.NS,288.4675816127232,311.2290344238281,275.485595703125
2021-10-26,272.53468757089286,276.78761211126755,269.7572534082613,273.0988464355469,228197,GESHIP.NS,283.03674752371654,309.8273061116536,273.05535888671875
2021-10-27,273.402562880375,290.1972970405403,272.83840415924664,284.2952575683594,434914,GESHIP.NS,280.8606872558594,308.6642578125,273.0988464355469
2021-10-28,284.2952782917062,284.3386914196151,273.4025828097125,274.8346862792969,132831,GESHIP.NS,278.4552481515067,307.1684997558594,284.2952575683594
2021-10-29,276.0064523418674,282.0820660726632,272.4044866418389,279.4348449707031,117921,GESHIP.NS,277.07274082728793,305.8014902750651,274.8346862792969
2021-11-01,283.64428294591045,288.1576054332656,283.0367376221757,286.6387023925781,214185,GESHIP.NS,278.12047031947543,304.4720855712891,279.4348449707031
2021-11-02,289.71997110958614,303.6070882673868,286.7689640110683,296.9673156738281,819977,GESHIP.NS,281.1892874581473,303.8949035644531,286.6387023925781
2021-11-03,298.2257524425081,300.3088140633535,292.49731311950904,297.9219665527344,229983,GESHIP.NS,284.74165998186385,303.23960266113284,296.9673156738281
2021-11-04,298.7899328711184,300.742808249361,296.83705749287583,297.5314025878906,33293,GESHIP.NS,288.2320251464844,302.51197611490886,297.9219665527344
2021-11-08,301.1767682394545,303.6070024601929,297.8351763202642,301.6975402832031,210227,GESHIP.NS,290.7180655343192,302.0273742675781,297.5314025878906
2021-11-09,302.9127207834483,305.60335483290737,300.13528696060564,300.74285888671875,114817,GESHIP.NS,294.4192330496652,301.54566853841146,301.6975402832031
2021-11-10,299.78812532396233,301.2636420627568,293.1917396190267,296.7937316894531,226517,GESHIP.NS,296.8990740094866,301.1956013997396,300.74285888671875
2021-11-11,298.904501933957,299.25630412391746,295.4303915612296,296.6617126464844,66106,GESHIP.NS,298.3309326171875,300.8541514078776,296.7937316894531
2021-11-12,298.7725514553065,298.9484391134024,289.5815691248996,293.4514465332031,142737,GESHIP.NS,297.8286655970982,300.0787689208984,296.6617126464844
2021-11-15,295.07860952491666,295.07860952491666,281.4900309282139,283.0731811523437,127364,GESHIP.NS,295.70741053989957,298.8475016276042,293.4514465332031
2021-11-16,284.7882551363921,286.72320776560525,280.2587374370875,282.061767578125,126617,GESHIP.NS,293.4974626813616,297.6244689941406,283.0731811523437
2021-11-17,283.5129038958954,287.6026611402837,283.20506693324575,285.4918212890625,110597,GESHIP.NS,291.18235996791293,296.4362101236979,282.061767578125
2021-11-18,285.491859163724,286.8990948648235,278.7195524501262,280.7424621582031,101176,GESHIP.NS,288.32516043526783,295.0230987548828,285.4918212890625
2021-11-22,285.31588703293204,285.31588703293204,274.05805737857344,275.3333435058594,84097,GESHIP.NS,285.2593906947545,293.58591512044273,280.7424621582031
2021-11-23,272.6508947625381,281.314162432022,272.29909252455093,276.0370483398437,111273,GESHIP.NS,282.31301007952004,292.107090250651,275.3333435058594
2021-11-24,277.4442211172761,283.2050586231412,274.3659052626767,276.6966247558594,89467,GESHIP.NS,279.91946411132807,290.6459126790365,276.0370483398437
2021-11-25,277.8400754118499,280.9183922296088,272.299115876201,278.45574951171875,88901,GESHIP.NS,279.2598310198103,289.12330525716146,276.6966247558594
2021-11-26,276.0810359747453,284.8322616246076,270.4521191874575,271.9033203125,107167,GESHIP.NS,277.8086242675781,287.45750630696614,278.45574951171875
2021-11-29,270.01230627515724,272.2550687668608,260.3815634420575,265.04302978515625,145910,GESHIP.NS,274.88736833844865,285.8060577392578,271.9033203125
2021-11-30,266.40630279672064,274.76173339284594,256.2038769111886,258.270751953125,209673,GESHIP.NS,271.6771240234375,284.0445933024088,265.04302978515625
2021-12-01,261.48093136331613,264.2514370862421,258.0508133739601,263.15203857421875,118941,GESHIP.NS,269.9369376046317,282.8320719401042,258.270751953125
2021-12-02,263.1520712159404,268.25327020817434,262.53639723652475,264.3833923339844,153375,GESHIP.NS,268.27212960379467,281.92242635091145,263.15203857421875
2021-12-03,265.35087224329294,267.3737550484629,258.6665229989239,260.9532775878906,170639,GESHIP.NS,266.0230800083705,280.9837890625,264.3833923339844
2021-12-06,262.36056363815163,268.6491473192275,257.61116538035657,259.23828125,276829,GESHIP.NS,263.27772739955356,280.3149119059245,260.9532775878906
2021-12-07,259.45808709213674,268.25327648509057,259.45808709213674,264.0755615234375,121199,GESHIP.NS,262.1594761439732,279.9345774332682,259.23828125
2021-12-08,265.43884586426344,268.2533176380947,263.37199751247243,264.3394470214844,85292,GESHIP.NS,262.05896432059154,279.6440470377604,264.0755615234375
2021-12-09,264.6473059084909,267.3738206317765,262.1406709719092,263.6358642578125,310987,GESHIP.NS,262.8254089355469,279.3286142985026,264.3394470214844
2021-12-10,263.8556971308664,272.3870420744136,263.8117319176604,267.6816101074219,322216,GESHIP.NS,263.4724905831473,278.7748260498047,263.6358642578125
2021-12-13,268.8249228007834,271.90323868035574,263.1520424986135,263.7237243652344,168009,GESHIP.NS,263.3782523018973,278.4044606526693,267.6816101074219
2021-12-14,262.8442453681902,264.77917096691294,261.21712993143603,264.2074890136719,116606,GESHIP.NS,263.8431396484375,277.8968821207682,263.7237243652344
2021-12-15,265.350921032076,265.70272330103484,257.6990941884566,258.57861328125,154861,GESHIP.NS,263.7489013671875,276.9615458170573,264.2074890136719
2021-12-16,259.89785514492854,260.33761462909933,251.41050246859032,253.16954040527344,158670,GESHIP.NS,262.1908983503069,275.50161997477215,258.57861328125
2021-12-17,253.8291578575653,253.8291578575653,241.9116607543703,243.9345703125,194963,GESHIP.NS,259.27591596330916,273.70204010009763,253.16954040527344
2021-12-20,242.7472517132686,243.3629257691475,233.07254240585573,236.19482421875,179888,GESHIP.NS,255.35576738630022,271.657487487793,243.9345703125
2021-12-21,236.9424231098825,244.94605171170872,234.47978054353177,238.9213409423828,184564,GESHIP.NS,251.24715750558036,269.5649475097656,236.19482421875
2021-12-22,239.1412045008913,243.6267566521759,237.47012381259023,241.2520446777344,186106,GESHIP.NS,248.03691755022322,267.58192036946616,238.9213409423828
2021-12-23,259.63405005815014,263.8117657992704,252.4659478928568,259.37017822265625,4037608,GESHIP.NS,247.3458731515067,266.3344685872396,241.2520446777344
2021-12-24,261.2171730785635,262.6683742275081,253.30150116709189,259.5900573730469,707100,GESHIP.NS,247.49036516462053,265.09874674479164,259.37017822265625
2021-12-27,259.5900767888633,264.29550970078,256.0280348985984,257.8750305175781,538026,GESHIP.NS,248.16257803780692,263.9128662109375,259.5900573730469
2021-12-28,255.060484901116,262.4044731965987,251.10264979058147,259.5020446777344,1128948,GESHIP.NS,250.3865029471261,263.1271616617839,257.8750305175781
2021-12-29,259.3701676757574,262.8442787292103,256.86353296485515,261.2171630859375,689512,GESHIP.NS,253.96112278529577,262.4323415120443,259.5020446777344
2021-12-30,261.21713168164644,264.99905248146257,256.2038628625519,263.5478515625,671559,GESHIP.NS,257.4791957310268,261.7008758544922,261.2171630859375
2021-12-31,263.4159163490908,264.6472374680409,260.20567766157484,262.2725524902344,421375,GESHIP.NS,260.4821254185268,261.0852121988932,263.5478515625
2022-01-03,262.888195996941,266.4062716257814,261.3050727002776,265.7026672363281,395148,GESHIP.NS,261.3867667061942,260.7641896565755,262.2725524902344
2022-01-04,267.9455020628714,267.9455020628714,260.33766682942706,263.8557434082031,734554,GESHIP.NS,261.9961504255022,260.35814615885414,265.7026672363281
2022-01-05,264.64723333982283,267.3737473154736,259.32615469699743,260.3815612792969,254867,GESHIP.NS,262.3542262486049,259.81431070963544,263.8557434082031
2022-01-06,259.8538697686548,267.10990069441823,259.1062733354188,264.4713439941406,197006,GESHIP.NS,263.06412615094865,259.34816385904946,260.3815612792969
2022-01-07,265.7026642252518,271.72737403952334,265.7026642252518,268.91290283203125,410207,GESHIP.NS,264.1635175432478,259.2484832763672,264.4713439941406
2022-01-10,270.80381807999987,276.124922628319,268.4291335566354,272.5188903808594,254388,GESHIP.NS,265.4450945172991,259.4976786295573,268.91290283203125
2022-01-11,272.73883940425924,275.94907829354025,270.14424769275337,273.44244384765625,321251,GESHIP.NS,267.0407932826451,260.00340169270834,272.5188903808594
2022-01-12,275.9051258556973,277.70812910087545,273.5304137779011,276.0370483398437,410683,GESHIP.NS,268.5171334402902,260.4329020182292,273.44244384765625
2022-01-13,277.5762542724752,278.279858869248,273.5304607390442,275.7732238769531,147937,GESHIP.NS,270.2196306501116,260.81256306966145,276.0370483398437
2022-01-14,276.78463924812155,278.3677627072974,273.09064872232494,276.125,192510,GESHIP.NS,272.4686933244978,261.3182871500651,275.7732238769531
2022-01-17,276.9605412627012,276.9605412627012,273.61837963573635,274.8497009277344,154661,GESHIP.NS,273.9513157435826,261.8386678059896,276.125
2022-01-18,274.4099353608631,281.3581302790858,273.70633087830527,277.0484924316406,398505,GESHIP.NS,275.11354282924106,262.27109883626304,274.8497009277344
2022-01-19,276.1689359432785,285.6237641642665,274.76170032827633,281.7978515625,337957,GESHIP.NS,276.4391087123326,262.85304565429686,277.0484924316406
2022-01-20,284.74421838970983,286.37133357723644,281.5339800601912,282.3695068359375,167572,GESHIP.NS,277.7144034249442,263.477500406901,281.7978515625
2022-01-21,280.3027128136428,284.1725910009923,275.5532887956156,277.0045166015625,99161,GESHIP.NS,277.8526131766183,263.78826395670575,282.3695068359375
2022-01-24,281.4459879725951,282.32550668500943,267.329723374657,269.2646484375,187417,GESHIP.NS,276.92281668526783,263.97296142578125,277.0045166015625
2022-01-25,269.1328250988722,276.5207796353889,264.7352299175181,271.7274169921875,143150,GESHIP.NS,276.29459054129467,264.2236256917318,269.2646484375
2022-01-27,269.92440122123327,283.99670655010345,268.6491146552798,281.2262268066406,233565,GESHIP.NS,277.2055228097098,264.9785461425781,271.7274169921875
2022-01-28,284.0845895383295,285.8436272444492,272.65084444855154,274.19000244140625,452265,GESHIP.NS,276.7971670968192,265.6792282104492,281.2262268066406
2022-01-31,276.1689864432177,277.84006729876035,271.6394686260812,276.21295166015625,161748,GESHIP.NS,275.9993242536272,266.7551742553711,274.19000244140625
2022-02-01,277.97194956688645,279.02738302860536,274.6737535499999,275.72918701171875,93717,GESHIP.NS,275.0507071358817,268.07298634847007,276.21295166015625
2022-02-02,277.8399968886374,280.5225454618746,274.49783602452146,279.73095703125,123924,GESHIP.NS,275.44019862583707,269.4333068847656,275.72918701171875
2022-02-03,280.12675826500566,281.27012205222206,276.9165197786345,280.5225524902344,134833,GESHIP.NS,277.0484706333705,270.74232381184896,279.73095703125
2022-02-04,281.8858340877983,281.8858340877983,278.1918436224069,279.7749938964844,76516,GESHIP.NS,278.19812447684154,271.4224843343099,280.5225524902344
2022-02-07,281.2701671115212,283.11716239049986,278.8514898473512,281.13824462890625,100807,GESHIP.NS,278.185555594308,272.14075724283856,279.7749938964844
2022-02-08,282.5894337570159,282.7653482869781,277.5761917425599,281.5340270996094,158009,GESHIP.NS,279.23470197405135,272.9293904622396,281.13824462890625
2022-02-09,282.2816162109375,284.3924563113547,279.02738537723604,282.2816162109375,112497,GESHIP.NS,280.1016540527344,273.68870951334634,281.5340270996094
2022-02-10,282.3695361979283,283.60088414839,277.0484575121838,282.8092956542969,97526,GESHIP.NS,281.11309814453125,274.408447265625,282.2816162109375
2022-02-11,283.117177498841,284.08465382429563,278.8515047280578,282.85333251953125,769109,GESHIP.NS,281.5591517857143,275.051963297526,282.8092956542969
2022-02-14,281.0063379907148,286.4153748092322,268.4731914606125,273.5304260253906,1007402,GESHIP.NS,280.5602765764509,275.42722574869794,282.85333251953125
2022-02-15,274.93769656721133,276.78469218334857,267.81358595685043,270.3202209472656,109196,GESHIP.NS,279.2095947265625,275.5811442057292,273.5304260253906
2022-02-16,271.1117339302559,276.1250030068881,270.23221492318294,275.0256042480469,116248,GESHIP.NS,278.3363603864397,275.95347290039064,270.3202209472656
2022-02-17,276.12500819318467,277.9280114552331,273.5304163372706,277.0484924316406,170237,GESHIP.NS,277.69556971958707,276.5090372721354,275.0256042480469
2022-02-18,274.40993059320783,279.9069243951551,274.3659653791083,278.8075256347656,80392,GESHIP.NS,277.1992710658482,276.9869099934896,277.0484924316406
2022-02-21,276.2569586051852,278.6316441044659,271.9033282619807,277.92803955078125,245908,GESHIP.NS,276.50194876534596,277.28741455078125,278.8075256347656
2022-02-22,275.37741165497295,277.9280114552331,270.54005702521414,277.0484924316406,253877,GESHIP.NS,275.6726858956473,277.4384012858073,277.92803955078125
2022-02-23,278.80751979451725,279.4231938237547,276.21292803803163,277.0045166015625,365754,GESHIP.NS,276.16898454938615,277.55713704427086,277.0484924316406
2022-02-24,271.0677634560011,275.0695641242102,269.0888457284888,271.68341064453125,564137,GESHIP.NS,276.3637259347098,277.4120157877604,277.0045166015625
2022-02-25,271.7713714322482,283.20511845043336,271.3755771453028,281.5780029296875,367014,GESHIP.NS,277.2997828892299,277.6055084228516,271.68341064453125
2022-02-28,280.5665191775409,289.53762237658543,277.0484437019605,286.1954345703125,297645,GESHIP.NS,278.6064889090402,277.9411895751953,281.5780029296875
2022-03-02,288.65818673242666,292.00034866151213,271.85936612500626,276.8286437988281,337195,GESHIP.NS,278.32379150390625,278.0071543375651,286.1954345703125
2022-03-03,278.10391533892255,282.1057160065975,272.78280934562605,277.0045166015625,273451,GESHIP.NS,278.19185965401783,278.0056884765625,276.8286437988281
2022-03-04,276.1689369975619,277.4882153590152,267.5056703891944,275.2454528808594,275885,GESHIP.NS,277.9342825753348,277.7872751871745,277.0045166015625
2022-03-07,272.9587034977609,283.2050935966885,267.37375296084883,279.3791809082031,464349,GESHIP.NS,278.27352033342635,277.68759765625,275.2454528808594
2022-03-08,284.8761834067153,287.4707750534532,281.4460648593991,285.4039001464844,234854,GESHIP.NS,280.2335902622768,277.9675771077474,279.3791809082031
2022-03-09,286.8550959268477,301.93884032784337,279.2472624901553,298.8165588378906,508106,GESHIP.NS,282.6962411063058,278.9526407877604,285.4039001464844
2022-03-10,304.7533356379428,308.71117116570827,295.2985063216141,297.4533386230469,500507,GESHIP.NS,284.3045131138393,279.81017150878904,298.8165588378906
2022-03-11,294.6388364741823,302.95030095581365,294.6388364741823,301.67498779296875,157940,GESHIP.NS,287.85399082728793,280.491796875,297.4533386230469
2022-03-14,302.37856310918414,311.30570070901314,301.235199366152,308.88702392578125,235098,GESHIP.NS,292.4086347307478,281.6483642578125,301.67498779296875
2022-03-15,310.4702277440634,316.1871016260362,303.69792025525584,305.8527526855469,269143,GESHIP.NS,296.7811061314174,282.6363576253255,308.88702392578125
2022-03-16,306.95210920223235,321.90393114045,306.95210920223235,317.6822509765625,421901,GESHIP.NS,302.2529732840402,284.0347930908203,305.8527526855469
2022-03-17,322.78347398014165,322.95938851699174,299.47622040936847,303.7858581542969,455907,GESHIP.NS,304.87896728515625,284.8366231282552,317.6822509765625
2022-03-21,305.3690518361624,308.1395317199176,297.4093876269812,299.3883056640625,234531,GESHIP.NS,304.9606454031808,285.4654815673828,303.7858581542969
2022-03-22,299.0364669614097,303.8738215740207,290.59307899669415,295.6943054199219,296184,GESHIP.NS,304.70935494559154,285.9961252848307,299.3883056640625
2022-03-23,297.62917877550785,299.8279759396898,291.64846122524733,294.2870178222656,264888,GESHIP.NS,303.6539306640625,286.4344177246094,295.6943054199219
2022-03-24,295.8701959960531,304.70937834223474,290.2412795784474,300.4876708984375,291150,GESHIP.NS,302.4540230887277,287.066205851237,294.2870178222656
2022-03-25,300.3557622035058,306.16059342977,297.9370847626284,304.5334777832031,109653,GESHIP.NS,302.2655552455357,287.8079345703125,300.4876708984375
2022-03-28,306.0726234824105,309.50274234293454,299.03647121844705,301.9388732910156,169510,GESHIP.NS,300.0165012904576,288.4455871582031,304.5334777832031
2022-03-29,301.9388821377257,309.59070868529835,299.0364799801177,305.8527526855469,182038,GESHIP.NS,300.31177193777904,289.2122344970703,301.9388732910156
2022-03-30,308.27136009701286,310.47015724463773,303.52196362630013,307.0400390625,103428,GESHIP.NS,301.4048767089844,290.3292215983073,305.8527526855469
2022-03-31,307.0400784689566,308.5792366698343,302.6424836093061,303.74188232421875,57694,GESHIP.NS,302.55453055245533,291.4432769775391,307.0400390625
2022-04-01,305.19310415434774,309.4587768284096,303.6979110633848,307.2599792480469,65672,GESHIP.NS,304.4078107561384,292.51775614420575,303.74188232421875
2022-04-04,308.3153445205612,313.724407313487,302.8183513088782,309.3268127441406,194724,GESHIP.NS,305.67054530552457,293.5937001546224,307.2599792480469
2022-04-05,309.3268645557058,313.9883048436791,306.6443153146112,312.62506103515625,101137,GESHIP.NS,306.8264857700893,294.7209513346354,309.3268127441406
2022-04-06,313.02085085619336,319.7052015665973,311.3497698887908,315.4835205078125,170880,GESHIP.NS,308.76143537248885,295.97280069986977,312.62506103515625
2022-04-07,320.1449554051917,321.9039936217038,315.4395228078634,317.4624328613281,130540,GESHIP.NS,310.41996111188615,297.31993204752604,315.4835205078125
2022-04-08,316.6268599170805,322.07988879641346,315.7473408617553,321.06842041015625,160872,GESHIP.NS,312.4240155901228,298.7887288411458,317.4624328613281
2022-04-11,321.9039793605753,330.39133301107694,321.28830527575474,326.30157470703125,292978,GESHIP.NS,315.6468287876674,300.6093343098958,321.06842041015625
2022-04-12,326.65335913329443,328.94011395676694,317.7262464355136,321.68408203125,221267,GESHIP.NS,317.70741489955356,301.9462036132812,326.30157470703125
2022-04-13,322.8714738046198,323.79495814282785,317.594359093046,318.0341186523437,268357,GESHIP.NS,318.9513157435826,303.0074930826823,321.68408203125
2022-04-18,318.03410082385244,330.6112127783997,314.86782680624583,326.30157470703125,307527,GESHIP.NS,320.9051034109933,304.6565907796224,318.0341186523437
2022-04-19,328.0605868100335,339.4943338034127,326.78527352445604,328.5443115234375,430166,GESHIP.NS,322.7709306989397,306.3745839436849,326.30157470703125
2022-04-20,330.25939928721203,333.33771592504223,325.9057693059644,328.3684387207031,151590,GESHIP.NS,324.3289315359933,308.1453501383464,328.5443115234375
2022-04-21,328.0605951892931,352.687127804039,327.8846806485859,347.6738586425781,1086861,GESHIP.NS,328.1297084263393,310.4218393961589,328.3684387207031
2022-04-22,344.5076381784441,373.2239310895439,342.0449686227612,362.9775390625,2119141,GESHIP.NS,333.369131905692,313.00762736002605,347.6738586425781
2022-04-25,356.29312618102085,385.18532858374414,353.6105773229584,365.96783447265625,1369486,GESHIP.NS,339.6953822544643,315.2460032145182,362.9775390625
2022-04-26,367.814828362802,369.35398649490713,342.3967097371219,345.4310607910156,633681,GESHIP.NS,343.6092311314174,316.8452606201172,365.96783447265625
2022-04-27,346.53048208803824,347.14615611740385,330.34733803888673,341.07745361328125,402152,GESHIP.NS,345.7200709751674,318.15867614746094,345.4310607910156
2022-04-28,339.4943105312253,351.71961841794865,337.38347044530275,342.4407043457031,187625,GESHIP.NS,347.7052699497768,319.2771321614583,341.07745361328125
2022-04-29,344.24374804981056,345.6509838867188,333.3816825009883,340.8136291503906,443557,GESHIP.NS,349.483154296875,320.44249471028644,342.4407043457031
2022-05-02,337.7352446446661,341.16536285493135,332.50209665409204,336.0201721191406,79351,GESHIP.NS,347.81834193638394,321.0537587483724,340.8136291503906
2022-05-04,338.0870602797331,341.2533336924597,324.8942767606948,328.85211181640625,150109,GESHIP.NS,342.9432809012277,321.88930053710936,336.0201721191406
2022-05-05,330.74315539569864,333.2937823244772,325.86183500043063,328.1485900878906,161828,GESHIP.NS,337.54053170340404,322.8479766845703,328.85211181640625
2022-05-06,325.4220539928838,339.53832424733946,320.62866435315834,333.9533996582031,293339,GESHIP.NS,335.90086582728793,324.12327982584634,328.1485900878906
2022-05-09,328.8521203198704,330.7430806383384,317.68224608939244,327.6647644042969,408943,GESHIP.NS,333.9847673688616,325.2358713785807,333.9533996582031
2022-05-10,324.7184516739168,332.546166035836,321.46422037565765,324.19073486328125,403774,GESHIP.NS,331.3776288713728,326.0259735107422,327.6647644042969
2022-05-11,319.00153446341994,327.2690072398302,317.50634150947,321.81597900390625,233687,GESHIP.NS,328.66367885044644,326.6020568847656,324.19073486328125
2022-05-12,320.3647917371202,324.49854172165686,313.4605623054444,322.0798645019531,167874,GESHIP.NS,326.67220633370533,327.27342325846354,321.81597900390625
2022-05-13,323.7508780717603,342.44065271167227,322.0797977074073,332.9418334960937,388739,GESHIP.NS,327.25645228794644,328.1763926188151,322.0798645019531
2022-05-16,335.8882781763904,350.0485384936635,335.8882781763904,346.2226257324219,290673,GESHIP.NS,329.8384573800223,329.48247884114585,332.9418334960937
2022-05-17,351.038087116092,359.77727099714565,344.5728866307569,354.6942749023437,198404,GESHIP.NS,332.8014395577567,331.18089192708334,346.2226257324219
2022-05-18,352.2419674362417,396.8295582509559,352.2419674362417,393.1733703613281,1226999,GESHIP.NS,342.1598118373326,334.0446716308594,354.6942749023437
2022-05-19,387.0203116827929,389.6955672935034,368.47188366750936,372.9752197265625,878949,GESHIP.NS,349.12902396065846,336.1662851969401,393.1733703613281
2022-05-20,378.99451509549976,388.8037848979715,374.7141173400633,378.90533447265625,553313,GESHIP.NS,357.2846461704799,338.37562764485676,372.9752197265625
2022-05-23,379.7971149962573,387.6891244679256,370.7458389822658,372.21722412109375,235982,GESHIP.NS,364.44712611607144,340.2667510986328,378.90533447265625
2022-05-24,374.3573937446024,390.4089261013066,369.2744248267759,381.0455322265625,498866,GESHIP.NS,371.319083077567,342.3861877441406,372.21722412109375
2022-05-25,384.3450344600689,386.529837304939,361.15948713765175,364.9494323730469,290383,GESHIP.NS,373.9943411690848,343.84888814290366,381.0455322265625
2022-05-26,366.5099659798751,366.8666612338719,348.6749311390053,361.9174499511719,240640,GESHIP.NS,375.0262233189174,345.036083984375,364.9494323730469
2022-05-27,367.4017975116275,377.2110688044136,359.9556634056452,362.4971618652344,344127,GESHIP.NS,370.64390781947543,346.3965199788411,361.9174499511719
2022-05-30,363.8347498544255,364.8156823189131,354.2038408909803,358.9301147460937,294337,GESHIP.NS,368.63746425083707,347.7597198486328,362.4971618652344
2022-05-31,359.465175099888,363.38887778530056,350.9043519227381,354.15924072265625,163626,GESHIP.NS,365.10230800083707,348.6883087158203,358.9301147460937
2022-06-01,355.0956266701947,359.643539706796,345.2863555159253,348.2291259765625,136366,GESHIP.NS,361.6754368373326,349.34446919759114,354.15924072265625
2022-06-02,348.2290925820962,363.9685070728832,344.61750852546606,361.8283081054688,357561,GESHIP.NS,358.9301191057478,350.4597981770833,348.2291259765625
2022-06-03,363.7455970392646,371.3700921645472,360.4015273915377,364.4590148925781,585971,GESHIP.NS,358.8600594656808,351.01930338541666,361.8283081054688
2022-06-06,364.2805937023186,366.4207924819839,354.605081670342,361.6945190429688,160496,GESHIP.NS,358.82821219308033,350.9765360514323,364.4590148925781
2022-06-07,360.8919846092412,368.293514079185,352.4649187404307,354.917236328125,138562,GESHIP.NS,357.74536568777904,350.6081827799479,361.6945190429688
2022-06-08,354.0254635620626,369.98781529244286,349.43294724834806,366.5545654296875,273258,GESHIP.NS,358.8345729282924,351.312299601237,354.917236328125
2022-06-09,364.5927454657572,380.77803592954297,356.7007362337639,361.9620666503906,488671,GESHIP.NS,359.9492623465402,352.0084533691406,366.5545654296875
2022-06-10,356.7007330399525,360.0448024122021,348.6749665465536,352.2419738769531,230892,GESHIP.NS,360.5225263323103,352.3351623535156,361.9620666503906
2022-06-13,346.4455873489543,346.4455873489543,334.67445225994965,338.375244140625,192011,GESHIP.NS,357.1720886230469,352.2538828531901,352.2419738769531
2022-06-14,330.9291659765264,343.6812084340025,330.9291659765264,338.8657531738281,139389,GESHIP.NS,353.51590837751115,352.34873555501304,338.375244140625
2022-06-15,337.26056852017444,358.4842521657368,336.324212727098,352.5541076660156,362293,GESHIP.NS,352.2101353236607,353.13880208333336,338.8657531738281
2022-06-16,354.47133920706955,357.81540844487205,334.40692378025426,341.0950622558594,179560,GESHIP.NS,350.2355390276228,353.570351155599,352.5541076660156
2022-06-17,337.9739175661646,356.16564805566503,335.78911486512163,353.1336975097656,317072,GESHIP.NS,348.31827218191967,354.20969441731773,341.0950622558594
2022-06-20,353.13372901710306,355.67522720663834,323.0371043849636,329.9481811523437,199433,GESHIP.NS,343.74485996791293,354.2858083089193,353.1336975097656
2022-06-21,331.64251579351634,338.3306548343137,328.12011222716086,333.78271484375,83492,GESHIP.NS,341.10782296316967,354.6055409749349,329.9481811523437
2022-06-22,334.3177551318565,338.5535763181187,325.66777872205824,327.5404357910156,76577,GESHIP.NS,339.5599931989397,354.7963562011719,333.78271484375
2022-06-23,325.48939663596667,336.1904178952313,324.909763427244,334.6298522949219,109530,GESHIP.NS,338.9548645019531,355.2146891276042,327.5404357910156
2022-06-24,335.29866367122435,339.31154661409806,329.0564013156431,330.2156677246094,630046,GESHIP.NS,335.76365879603793,355.1238169352213,334.6298522949219
2022-06-27,334.85280564903235,336.1904333680032,321.07522925799054,325.6231689453125,561397,GESHIP.NS,333.5533883231027,354.437168375651,330.2156677246094
2022-06-28,329.90360913633646,354.82805711685165,326.9608116908909,349.8788452148437,843513,GESHIP.NS,333.0884094238281,354.2766540527344,325.6231689453125
2022-06-29,344.2162441183601,359.8219028542961,343.59200688327905,352.0190734863281,475020,GESHIP.NS,336.24139404296875,352.90484415690105,349.8788452148437
2022-06-30,348.67500476933577,353.80257836888484,346.49020165431904,352.7770690917969,195668,GESHIP.NS,338.95487322126115,352.2315724690755,352.0190734863281
2022-07-01,352.91080925592684,355.71982225696166,343.3244764713375,348.67498779296875,120133,GESHIP.NS,341.9740949358259,351.22389424641926,352.7770690917969
2022-07-04,346.08887444628783,355.8089634949324,345.2416993618484,353.936279296875,104199,GESHIP.NS,344.7321559361049,350.6145294189453,348.67498779296875
2022-07-05,355.7197503544783,371.949642301816,351.3501724345343,359.4651184082031,499830,GESHIP.NS,348.91064889090404,349.8951822916667,353.936279296875
2022-07-06,361.24865620273727,368.29348991322,354.02546124830104,362.7646179199219,231660,GESHIP.NS,354.21657017299106,349.8223551432292,359.4651184082031
2022-07-07,364.10224311997183,365.48447471590646,352.063594016186,356.07647705078125,189102,GESHIP.NS,355.10194614955356,349.6276560465495,362.7646179199219
2022-07-08,357.9491960032584,364.28063973772703,352.28656617283696,362.0066833496094,219505,GESHIP.NS,356.52874755859375,349.61130676269534,356.07647705078125
2022-07-11,362.0066622523824,374.5357644390463,361.11491043228943,364.9494323730469,338363,GESHIP.NS,358.2676565987723,349.81195068359375,362.0066833496094
2022-07-12,364.72646006275386,368.2934670071329,358.4841979100906,361.0256958007813,143483,GESHIP.NS,360.03204345703125,350.04083251953125,364.9494323730469
2022-07-13,362.9430526855817,368.2935645187843,348.80877848338247,352.5987243652344,179987,GESHIP.NS,359.8409641810826,350.1864857991537,361.0256958007813
2022-07-14,352.46492141655403,358.3504891145285,341.7638991344575,347.7386474609375,205944,GESHIP.NS,358.16575404575894,349.7168304443359,352.5987243652344
2022-07-15,349.5666693341061,357.5478580017375,346.9359909113845,350.2800598144531,202327,GESHIP.NS,356.3822457449777,349.24419860839845,347.7386474609375
2022-07-18,352.15281071411226,370.968780757874,351.2164821290924,368.0705871582031,301461,GESHIP.NS,358.09569004603793,349.4567342122396,350.2800598144531
2022-07-19,368.24897284164194,409.7600145750846,367.4909782532514,393.2626037597656,3704017,GESHIP.NS,362.5608215332031,350.7349131266276,368.0705871582031
2022-07-20,395.0460625054103,409.6707871417961,388.84837637278673,402.4030151367188,880536,GESHIP.NS,367.9113333565848,351.9298614501953,393.2626037597656
2022-07-21,404.40937602676007,411.0975134472688,397.0524248642005,406.1036987304688,613096,GESHIP.NS,374.3510480608259,353.4012491861979,402.4030151367188
2022-07-22,408.4223560886274,416.40354620351314,399.0589614621414,409.26953125,780303,GESHIP.NS,382.4468776157924,355.3021677652995,406.1036987304688
2022-07-25,410.29500305754647,427.5949823000671,405.1228263592392,414.0403442382813,1188169,GESHIP.NS,391.9185485839844,357.8243377685547,409.26953125
2022-07-26,414.6645822703959,422.9578630301619,400.4857342549389,403.8298034667969,418422,GESHIP.NS,399.5685119628906,359.98980611165365,414.0403442382813
2022-07-27,402.8934547858252,409.3140786702158,401.3328891264071,403.60687255859375,257760,GESHIP.NS,404.64512416294644,361.6915649414062,403.8298034667969
2022-07-28,406.4604395875327,417.3398218987397,399.8614820345186,403.5176696777344,281793,GESHIP.NS,406.1101335797991,363.77231852213544,403.60687255859375
2022-07-29,406.5496391516099,434.28312550447,404.4094402798298,422.8687133789063,1541874,GESHIP.NS,409.0338047572545,366.09681905110676,403.5176696777344
2022-08-01,426.2573550996326,452.4748522508058,421.3972969644237,449.4429016113281,1725279,GESHIP.NS,415.2251194545201,370.07997639973956,422.8687133789063
2022-08-02,449.4429454397993,463.488037484793,445.8759379363088,459.9656066894531,1290890,GESHIP.NS,422.4674159458705,374.28607279459635,449.4429016113281
2022-08-03,461.39244006177273,468.12515580561023,448.5066146336143,459.0738525390625,997577,GESHIP.NS,428.90077427455356,378.67052001953124,459.9656066894531
2022-08-04,461.9274363487529,469.9086259126216,449.3537304184465,458.18206787109375,591366,GESHIP.NS,436.6653834751674,382.78892720540364,459.0738525390625
2022-08-05,458.8062728592248,461.5261047961697,448.8632463440662,452.25189208984375,265385,GESHIP.NS,443.6146719796317,386.85680135091144,458.18206787109375
2022-08-08,453.9017137282019,469.9532478089635,453.0991424669855,463.5326232910156,473382,GESHIP.NS,452.18823678152904,391.4537831624349,452.25189208984375
2022-08-10,467.4074140356509,479.662531193878,460.5589484179528,470.9217224121094,389790,GESHIP.NS,459.0529523577009,395.48854573567706,463.5326232910156
2022-08-11,470.38105564951496,473.399762646667,457.4050320281071,468.8041076660156,343002,GESHIP.NS,461.818838936942,399.3813802083333,470.9217224121094
2022-08-12,464.9743841064201,477.5899681713229,464.9743841064201,472.1382446289063,460138,GESHIP.NS,463.5577872140067,403.36008605957034,468.8041076660156
2022-08-16,473.08433991149394,474.8865659682997,457.7654184286456,461.14459228515625,482543,GESHIP.NS,463.8536071777344,407.10907287597655,472.1382446289063
2022-08-17,461.1446475787944,468.5788309545151,457.990751601216,463.3974304199219,224935,GESHIP.NS,464.5986589704241,410.7577779134115,461.14459228515625
2022-08-18,461.4600758285818,471.2822323067021,460.15347810886993,466.4161987304688,429315,GESHIP.NS,466.62213134765625,414.32281392415365,463.3974304199219
2022-08-19,468.308509711986,474.88662463202,465.0644694092481,466.3260498046875,402305,GESHIP.NS,467.0211922781808,417.7748616536458,466.4161987304688
2022-08-22,466.7766342127504,473.08442656697673,463.7579270144901,468.7590942382813,486284,GESHIP.NS,466.71224539620545,421.53094889322915,466.3260498046875
2022-08-23,469.8404858914324,500.11787008023794,468.5789053004031,495.29693603515625,1267307,GESHIP.NS,470.4969351632255,425.9739573160807,468.7590942382813
2022-08-24,499.2166907822171,514.5356145065812,484.7988802181097,492.5484313964844,1110320,GESHIP.NS,473.41267613002236,430.2272572835287,495.29693603515625
2022-08-25,493.2693091039978,504.2628443931035,483.4921994417015,487.3219299316406,372419,GESHIP.NS,477.1522957938059,434.4371317545573,492.5484313964844
2022-08-26,491.19674810603794,503.63215337420576,491.19674810603794,496.4232482910156,386437,GESHIP.NS,481.8702697753907,439.2312825520833,487.3219299316406
2022-08-29,473.5799851145816,504.5782981739487,473.5799851145816,501.0188903808594,446872,GESHIP.NS,486.81351143973217,444.3406239827474,496.4232482910156
2022-08-30,504.6233285110937,526.2049979357248,504.6233285110937,513.319091796875,590237,GESHIP.NS,493.5268031529018,449.77525838216144,501.0188903808594
2022-09-01,514.9862126986188,522.6456751797007,511.51694875114015,515.7070922851562,367516,GESHIP.NS,500.23366001674106,454.69647521972655,513.319091796875
2022-09-02,519.8521601578852,522.6455887184458,505.5244401224968,510.7508850097656,524171,GESHIP.NS,502.44136701311385,458.6127512613932,515.7070922851562
2022-09-05,510.03014240512624,510.751022065851,480.834048649236,483.6275329589844,635255,GESHIP.NS,501.16695295061385,461.3202351888021,510.7508850097656
2022-09-06,486.51092927749073,489.7549140681776,466.91172158479,484.3482360839844,544258,GESHIP.NS,500.7421395438058,463.9283864339193,483.6275329589844
2022-09-07,484.8438305753801,509.12883652084633,481.2393786354095,502.7760009765625,672854,GESHIP.NS,501.64967564174106,467.04526875813804,484.3482360839844
2022-09-08,504.7134913980013,513.6345342559656,477.9053731627119,483.8077087402344,609616,GESHIP.NS,499.19093540736606,469.3708475748698,502.7760009765625
2022-09-09,487.4121084152243,488.9890563746012,469.389846022346,476.4635620117188,302986,GESHIP.NS,493.9258597237723,471.79197285970054,483.8077087402344
2022-09-12,476.4635336612221,480.0679859253259,459.837986593128,462.9918823242188,431414,GESHIP.NS,486.3951154436384,473.77147318522134,476.4635620117188
2022-09-13,467.58763262928994,479.2119591923084,466.1007739411964,477.544921875,459535,GESHIP.NS,481.65140642438615,476.2390482584635,462.9918823242188
2022-09-14,475.7877704815601,488.4033553049349,474.3910560188892,486.24066162109375,442429,GESHIP.NS,482.0247105189732,478.3514465332031,477.544921875
2022-09-15,491.1967562696279,497.4144590070488,487.32198072293136,494.395751953125,387504,GESHIP.NS,483.46006992885043,479.84987487792966,486.24066162109375
2022-09-16,496.8737913619819,496.9638806732422,482.2757479651367,489.6648864746094,652909,GESHIP.NS,481.58705357142856,480.8398508707682,494.395751953125
2022-09-19,485.2494610431676,489.1242368259537,473.1745220925843,477.8152770996094,238875,GESHIP.NS,480.73099190848217,481.4645650227865,489.6648864746094
2022-09-20,485.6998944681706,495.74732615876,482.18553185901766,486.1954956054688,221548,GESHIP.NS,482.1212681361607,482.3983459472656,477.8152770996094
2022-09-21,489.3495536812452,495.11670064924135,477.2295691154279,481.5098571777344,155011,GESHIP.NS,484.7666931152344,483.3736114501953,486.1954956054688
2022-09-22,481.5097621450758,490.6110374389441,480.29328146202977,486.2857055664063,124624,GESHIP.NS,486.01537649972096,484.1320475260417,481.5098571777344
2022-09-23,482.0955299262789,487.6373977374135,462.31608550228447,472.0030517578125,145399,GESHIP.NS,483.98143223353793,484.1680918375651,486.2857055664063
2022-09-26,464.9743883822019,465.8755015379813,431.3178065138808,441.9509582519531,537926,GESHIP.NS,476.48931884765625,483.2729868570963,472.0030517578125
2022-09-27,439.3376759991938,475.7877114870881,439.3376759991938,472.4986267089844,1374814,GESHIP.NS,474.0369960239955,483.284999593099,441.9509582519531
2022-09-28,474.97671574289205,485.60989483146665,461.8655305102972,466.5963745117188,614814,GESHIP.NS,472.4342956542969,483.4667256673177,472.4986267089844
2022-09-29,471.2370773449845,475.0217631295813,466.8216014296924,472.8590698242188,170863,GESHIP.NS,470.52909197126115,483.78211364746096,466.5963745117188
2022-09-30,468.5788470414636,493.7199264114061,466.77662070668873,487.0066223144531,501438,GESHIP.NS,471.31434413364957,484.4684611002604,472.8590698242188
2022-10-03,486.2857130239984,486.2857130239984,475.8327679221838,481.64495849609375,153517,GESHIP.NS,470.65138026646207,484.979091389974,487.0066223144531
2022-10-04,484.16805678535366,499.6221684232223,482.8614317927176,486.2857055664063,200710,GESHIP.NS,472.69175938197543,485.5633117675781,481.64495849609375
2022-10-06,488.7638257466384,488.80887040709615,476.959209728666,483.4021911621094,219462,GESHIP.NS,478.61336408342635,485.1668202718099,486.2857055664063
2022-10-07,486.6010485197369,506.4255356816521,486.6010485197369,500.7935791015625,911566,GESHIP.NS,482.65550013950894,485.44165852864586,483.4021911621094
2022-10-10,497.4145352794443,497.4145352794443,474.16582343477967,478.85162353515625,237938,GESHIP.NS,484.40625,485.15931498209636,500.7935791015625
2022-10-11,478.4911038851693,482.0054673259676,466.5063094582072,477.1844787597656,319114,GESHIP.NS,485.02416556222096,484.518022664388,478.85162353515625
2022-10-12,479.34712405200673,479.34712405200673,450.19610979702463,458.891845703125,350899,GESHIP.NS,481.0077689034598,483.11378784179686,477.1844787597656
2022-10-13,461.18971528907343,462.4963404021575,455.9632698363209,459.8831176757813,148941,GESHIP.NS,477.898934500558,481.3325887044271,458.891845703125
2022-10-14,464.9743759214646,469.0293850138029,460.7842053593397,463.1721496582031,202855,GESHIP.NS,474.5969979422433,479.5814239501953,459.8831176757813
2022-10-17,460.4688501165967,473.98554826091953,456.0534008894098,469.7503051757813,151280,GESHIP.NS,472.64672851562506,478.2147379557292,463.1721496582031
2022-10-18,472.1832754858333,473.0843886069894,465.1095594845894,468.4436340332031,327381,GESHIP.NS,468.0253077915737,477.7086079915365,469.7503051757813
2022-10-19,470.7865926258505,485.6549601190612,458.80177081326616,462.72161865234375,474861,GESHIP.NS,465.7210213797434,476.98772074381515,468.4436340332031
2022-10-20,465.0194002973553,475.69762344122137,450.421384701471,455.87310791015625,609725,GESHIP.NS,462.6765398297992,475.42429097493493,462.72161865234375
2022-10-21,458.17099002171983,469.0293924296366,456.86436496028,466.50628662109375,160488,GESHIP.NS,463.7643171037947,474.84757690429694,455.87310791015625
2022-10-24,465.4249250217235,473.0843865177248,458.2610647402534,459.8380126953125,39546,GESHIP.NS,463.75787353515625,474.2933919270834,466.50628662109375
2022-10-25,459.20730022773495,479.5724644028265,455.5577752042181,472.9492492675781,355978,GESHIP.NS,465.15460205078125,474.6253041585287,459.8380126953125
2022-10-27,474.3460191575795,483.4922853051515,472.76907102873065,478.5812072753906,230216,GESHIP.NS,466.4161594935826,474.6598470052084,472.9492492675781
2022-10-28,480.8790267432176,502.7310193695216,479.0317008926712,494.6660461425781,633018,GESHIP.NS,470.16221836635043,474.9406931559245,478.5812072753906
2022-10-31,499.2166172272611,508.5882147129456,496.2879998879315,502.0551452636719,533432,GESHIP.NS,475.7812935965402,475.19600626627613,494.6660461425781
2022-11-01,502.19036855622056,506.4706561982296,491.4220549621967,499.1716613769531,214642,GESHIP.NS,481.96680123465404,475.51289876302087,502.0551452636719
2022-11-02,501.19921703804977,511.1565077762141,495.6123037054522,506.5608520507813,405457,GESHIP.NS,487.68888201032365,476.4710845947266,499.1716613769531
2022-11-03,505.9750656438632,513.6345279020517,496.55842163240845,500.0277404785156,302582,GESHIP.NS,493.4302716936384,476.9321594238282,506.5608520507813
2022-11-04,498.9463865758602,504.2178767615407,496.5133699518598,499.7123107910156,64175,GESHIP.NS,497.2535661969866,477.53890787760423,500.0277404785156
2022-11-07,502.2355459040514,550.5803032013588,500.1179513531165,543.191162109375,2017296,GESHIP.NS,506.48355974469865,479.43575642903653,499.7123107910156
2022-11-09,542.47002461404,542.47002461404,522.6455386646896,525.3038330078125,482685,GESHIP.NS,510.86038643973217,481.21244913736984,543.191162109375
2022-11-10,522.6456466396942,538.5503163346839,501.0639748862934,512.9136352539062,570237,GESHIP.NS,512.41159929548,483.5778717041016,525.3038330078125
2022-11-11,527.1512589618765,530.0348324039788,502.3706442243524,522.916015625,346858,GESHIP.NS,515.8036499023438,485.2584513346355,512.9136352539062
2022-11-14,546.9755361733268,562.7450120926567,532.6929185547892,548.1920166015625,1501488,GESHIP.NS,521.750959123884,487.9783060709636,522.916015625
2022-11-15,554.1846303224909,562.6100169299983,542.9207150720337,553.8692626953125,546829,GESHIP.NS,529.442605154855,490.6786458333334,548.1920166015625
2022-11-16,554.274724921888,554.274724921888,536.1623710265404,543.3712768554688,245327,GESHIP.NS,535.6796003069196,492.55746765136723,553.8692626953125
2022-11-17,543.3712044913283,559.9066080344749,542.334902416596,553.193359375,317367,GESHIP.NS,537.1084856305804,494.9424143473308,543.3712768554688
2022-11-18,556.3473511821455,576.2619323163059,550.8054826088224,561.9793090820312,938648,GESHIP.NS,542.3478393554688,497.46553446451827,553.193359375
2022-11-21,563.1957354641982,580.0465628692036,562.9704571700124,568.3771362304688,602401,GESHIP.NS,550.2711966378348,500.2980326334636,561.9793090820312
2022-11-22,572.2510616254862,579.2241974609902,570.0178311161995,575.578125,351405,GESHIP.NS,557.7943551199777,502.79085083007817,568.3771362304688
2022-11-23,579.7255515045746,590.5726398950782,579.2697924232031,582.8703002929688,400747,GESHIP.NS,562.7483956473214,506.25814005533863,575.578125
2022-11-24,585.7870754882642,587.8379910251465,574.3474798748273,584.32861328125,251496,GESHIP.NS,567.0997314453125,509.8296112060547,582.8703002929688
2022-11-25,584.3743619110819,612.5402997330278,582.5513253047336,607.4813842773438,455241,GESHIP.NS,576.258318219866,514.7825958251954,584.32861328125
2022-11-28,615.6393418807615,647.0867160695802,615.6393418807615,631.5452880859375,1413338,GESHIP.NS,587.4514508928571,520.5046681722005,607.4813842773438
2022-11-29,638.0626029659894,638.7006766958841,615.2746528600612,625.8938598632812,360941,GESHIP.NS,596.5821010044643,525.9287251790364,631.5452880859375
2022-11-30,629.9502072912908,633.5051505337598,594.7656269399688,604.9290771484375,442975,GESHIP.NS,601.8038068498884,530.4346842447917,625.8938598632812
2022-12-01,609.7600869072343,631.2263285415356,605.7038199506865,619.011962890625,437465,GESHIP.NS,608.0086408342634,535.4536285400391,604.9290771484375
2022-12-02,619.0119566880209,635.3281539132554,611.8565614265032,632.5480346679688,260429,GESHIP.NS,615.1054600306919,541.1145090738933,619.011962890625
2022-12-05,635.3737109127541,640.7061254339689,623.5239750451464,629.9046020507812,276996,GESHIP.NS,621.6163155691964,546.9155588785808,632.5480346679688
2022-12-06,623.6151491829156,629.4943965975689,619.8323266999305,621.700927734375,139509,GESHIP.NS,623.6476789202009,552.0887135823567,629.9046020507812
2022-12-07,622.5669308788474,626.1674388973912,612.038906791063,623.8430786132812,161816,GESHIP.NS,622.54736328125,557.5555491129558,621.700927734375
2022-12-08,623.8430720189783,637.4702244633121,616.2774265278373,629.8590698242188,256370,GESHIP.NS,623.1138218470982,562.7858764648438,623.8430786132812
2022-12-09,633.3227370071245,646.1295546241263,612.2666920734522,619.4676513671875,333342,GESHIP.NS,625.1907610212054,567.4820912679037,629.8590698242188
2022-12-12,619.4677153083788,643.3039372933356,617.1433551422198,626.8054809570312,345012,GESHIP.NS,626.3041207449777,571.8867390950521,619.4676513671875
2022-12-13,628.4917740947463,663.4940938471404,628.4917740947463,651.1885986328125,874898,GESHIP.NS,628.967058454241,576.8578542073568,626.8054809570312
2022-12-14,656.2931333368588,669.0543887072978,643.9876370867927,654.3789672851562,526028,GESHIP.NS,632.463396344866,582.0314310709635,651.1885986328125
2022-12-15,656.1563298898749,662.5825774713122,618.8752702614585,624.845703125,257965,GESHIP.NS,632.9126499720982,585.9742594401042,654.3789672851562
2022-12-16,623.1594742395099,639.8858118831621,619.8779751567497,637.926025390625,344650,GESHIP.NS,634.9244995117188,590.5708689371745,624.845703125
2022-12-19,637.652502629445,650.6872008824249,628.1271269556572,646.0840454101562,212487,GESHIP.NS,637.2423531668527,595.4499267578125,637.926025390625
2022-12-20,642.6659833891122,665.4083767062091,642.6659833891122,661.534423828125,568252,GESHIP.NS,643.2518920898438,599.3947021484375,646.0840454101562
2022-12-21,664.4966721894216,682.6359040133349,630.360309384174,654.2876586914062,795663,GESHIP.NS,647.1779174804688,603.6941630045573,661.534423828125
2022-12-22,649.0009013454523,660.8506369037261,628.993067487437,654.1510009765625,330215,GESHIP.NS,647.6011178152902,608.4020751953125,654.2876586914062
2022-12-23,642.6204028836403,645.2182077903689,581.2296675003232,592.9882202148438,908088,GESHIP.NS,638.8310110909598,610.7378153483073,654.1510009765625
2022-12-26,584.7844938779516,612.4946695916356,576.991024344308,606.1596069335938,272925,GESHIP.NS,636.1615687779018,612.670068359375,592.9882202148438
2022-12-27,619.8322089433186,631.8642570673817,606.3417543461862,620.1968383789062,174755,GESHIP.NS,633.6288277762277,614.8809875488281,606.1596069335938
2022-12-28,619.969020597038,624.1164165751024,595.2212834199753,601.1005859375,243152,GESHIP.NS,627.202619280134,616.8052978515625,620.1968383789062
2022-12-29,601.6019835944325,614.3176730109727,593.079311080706,606.2051391601562,139310,GESHIP.NS,619.2984357561384,618.5723571777344,601.1005859375
2022-12-30,609.2586196771156,618.9662524581471,607.6634632655496,611.5374145507812,85332,GESHIP.NS,613.1912580217634,620.2242940266927,606.2051391601562
2023-01-02,611.5375198511674,624.2531529280091,610.1702426915372,616.5052490234375,126813,GESHIP.NS,607.8132934570312,621.828564453125,611.5374145507812
2023-01-03,618.920737198432,622.9314387507776,601.6018947731445,603.3338012695312,182373,GESHIP.NS,609.2912336077009,622.7537536621094,616.5052490234375
2023-01-04,603.4249726882723,617.462373460862,603.3338431335686,605.658203125,274619,GESHIP.NS,609.2196044921875,623.513350423177,603.3338012695312
2023-01-05,608.666177718254,608.666177718254,586.5618650119002,592.0765380859375,234770,GESHIP.NS,605.2024187360491,623.7716145833333,605.658203125
2023-01-06,592.4868589306988,597.4546444902032,583.8274356078655,590.5726928710938,145356,GESHIP.NS,603.6984340122768,623.2079915364583,592.0765380859375
2023-01-09,593.5350250488658,598.3204950092033,585.6503713365454,589.3875732421875,238949,GESHIP.NS,601.2959245954241,621.802734375,590.5726928710938
2023-01-10,590.5726209163336,608.7573631709464,579.3153385874309,601.282958984375,307857,GESHIP.NS,599.8310023716518,620.9823710123698,589.3875732421875
2023-01-11,603.4250515827862,606.6609300829228,582.7791419900263,590.3447875976562,150704,GESHIP.NS,596.0937935965402,620.4962280273437,601.282958984375
2023-01-12,592.3955852117404,592.6690294916237,577.5377969338853,585.6503295898438,141115,GESHIP.NS,593.5675833565848,619.3841735839844,590.3447875976562
2023-01-13,584.28316594971,588.6128773978553,561.4952109594717,567.1921997070312,245257,GESHIP.NS,588.0724400111607,617.2056457519532,585.6503295898438
2023-01-16,562.8625143869625,582.0043974673288,562.8625143869625,570.3369750976562,173689,GESHIP.NS,584.9667881556919,615.220058186849,567.1921997070312
2023-01-17,573.025875647998,581.1839181328457,563.3181856320327,578.8595581054688,187769,GESHIP.NS,583.2934831891741,613.7920125325521,570.3369750976562
2023-01-18,574.3476232665115,596.1329315510635,574.3476232665115,591.9855346679688,443429,GESHIP.NS,583.6646205357143,612.7300944010417,578.8595581054688
2023-01-19,592.4867038418165,598.8217651098232,585.6503187974879,593.4437866210938,168706,GESHIP.NS,582.5447387695312,611.5162516276042,591.9855346679688
2023-01-20,596.4519151761823,596.63422994411,573.3449509337482,577.0821533203125,181776,GESHIP.NS,580.6500767299107,610.1034016927083,593.4437866210938
2023-01-23,577.4012392456752,583.8274316995111,566.9187795039978,579.1787109375,137360,GESHIP.NS,579.7255597795759,608.5158426920573,577.0821533203125
2023-01-24,579.1785943195576,584.7388322004183,567.8757481852855,578.81396484375,136035,GESHIP.NS,581.3858119419643,606.1033548990886,579.1787109375
2023-01-25,574.712176967612,586.1061535133616,571.977622596632,576.6263427734375,163673,GESHIP.NS,582.2842930385044,603.5116007486979,578.81396484375
2023-01-27,578.4493988637865,592.0310416260828,565.414700375239,571.476318359375,120384,GESHIP.NS,581.2295445033482,601.7326212565105,576.6263427734375
2023-01-30,568.6505587011778,574.2108526315008,556.9375730761054,569.470947265625,109270,GESHIP.NS,578.0131748744419,599.4507853190104,571.476318359375
2023-01-31,570.382449026772,590.2079676305791,569.698810454227,584.784423828125,126528,GESHIP.NS,576.776123046875,597.4074645996094,569.470947265625
2023-02-01,601.6020230677411,613.451759885742,561.4952215298916,573.9830322265625,876560,GESHIP.NS,576.3333914620536,594.4890848795573,584.784423828125
2023-02-02,576.808723978972,592.4868486391234,569.7444577067363,582.3690185546875,192738,GESHIP.NS,576.7891496930804,592.091796875,573.9830322265625
2023-02-03,584.511030710851,592.8058238635681,575.7604784698601,586.653076171875,115430,GESHIP.NS,577.9090227399554,589.841866048177,582.3690185546875
2023-02-06,587.883666358708,591.119544798523,551.1950592991235,555.9805297851562,258606,GESHIP.NS,574.9596208844866,588.6082763671875,586.653076171875
2023-02-07,555.9804825164234,572.9802618930954,555.9804825164234,566.8275146484375,184649,GESHIP.NS,574.2955060686384,587.297206624349,555.9805297851562
2023-02-08,567.3289029189789,586.835357401674,555.205667355914,572.3878173828125,301409,GESHIP.NS,574.7122017996652,585.7035725911459,566.8275146484375
2023-02-09,569.6987699708219,581.7763838942034,559.6720716193354,561.9508666992188,139909,GESHIP.NS,571.4502650669643,584.3985819498698,572.3878173828125
2023-02-10,563.7032429498863,578.1370370149103,563.4265674126408,571.450439453125,114383,GESHIP.NS,571.0884660993304,583.2400919596354,561.9508666992188
2023-02-13,557.4317209895522,565.8706349989283,516.6665193398492,524.9210205078125,774943,GESHIP.NS,562.881609235491,580.3528788248698,571.450439453125
2023-02-14,524.9210679921073,535.2968244035925,506.0602373012578,523.8604125976562,423397,GESHIP.NS,553.9112287248884,577.264717610677,524.9210205078125
2023-02-15,526.6271558927726,532.0225254284371,514.406823466189,524.2753295898438,304445,GESHIP.NS,549.3819144112723,574.6294352213541,523.8604125976562
2023-02-16,521.8774167544613,533.0832551008333,515.7903294379603,529.9474487304688,220675,GESHIP.NS,544.1133335658482,572.1057434082031,524.2753295898438
2023-02-17,525.8432396472992,545.0729480384264,525.28983232075,543.6895141601562,254341,GESHIP.NS,540.0135759626116,570.492842610677,529.9474487304688
2023-02-20,543.2284971973716,555.2182602934085,532.6221683047233,552.9125366210938,270963,GESHIP.NS,538.7223859514509,569.2375040690105,543.6895141601562
2023-02-21,555.6793998991427,555.8638690496417,536.8646723898745,545.8569946289062,122902,GESHIP.NS,535.066179547991,567.7864847819011,552.9125366210938
2023-02-22,540.9227335949059,542.7212091849669,521.0935114767636,525.2899169921875,255253,GESHIP.NS,535.118879045759,565.2533833821615,545.8569946289062
2023-02-23,527.9184229899076,532.6681791560277,518.326591659452,524.3214721679688,104903,GESHIP.NS,535.1847446986607,563.0526062011719,525.2899169921875
2023-02-24,522.9380386780794,534.4666550510528,519.8944952140287,529.2095947265625,107425,GESHIP.NS,535.8896397181919,561.1712483723958,524.3214721679688
2023-02-27,528.932908486462,533.405989031812,507.2591101439479,512.6544799804688,223187,GESHIP.NS,533.4192156110491,559.3533243815104,529.2095947265625
2023-02-28,507.9969675014176,524.690438668734,499.5118941431651,508.3659057617188,224207,GESHIP.NS,528.3729858398438,557.2876220703125,512.6544799804688
2023-03-01,502.9244152418811,532.161001449975,490.8885494311078,523.2147827148438,552621,GESHIP.NS,524.1304495675223,555.4327962239583,508.3659057617188
2023-03-02,521.0934004641183,564.4409930690981,516.3435885448315,547.0097045898438,1247577,GESHIP.NS,524.2951224190848,553.9336018880208,523.2147827148438
2023-03-03,544.242916095466,546.6870053591564,533.1293408257022,534.7433471679688,399546,GESHIP.NS,525.6456124441964,551.9769205729167,547.0097045898438
2023-03-06,542.3061951756397,542.3061951756397,532.6221559760747,537.1875,148273,GESHIP.NS,527.4836164202009,550.6470987955729,534.7433471679688
2023-03-08,532.3454593552038,562.596540781429,530.4547773208295,559.7835693359375,473219,GESHIP.NS,531.8513270786831,550.0005940755208,537.1875
2023-03-09,562.5965089763323,578.0448557392069,558.2617377307225,571.127685546875,334785,GESHIP.NS,540.2046421595982,549.744384765625,559.7835693359375
2023-03-10,565.4094967936151,567.2079723546183,548.8543910575324,559.2763061523438,375548,GESHIP.NS,547.477556501116,549.1660502115885,571.127685546875
2023-03-13,552.5435839993796,552.5435839993796,530.5931064661319,534.8817749023438,272669,GESHIP.NS,549.144269670759,547.9462320963542,559.2763061523438
2023-03-14,526.6733604456414,546.9176244120582,522.015810147091,539.124267578125,301228,GESHIP.NS,548.0177786690848,546.9346761067708,534.8817749023438
2023-03-15,541.8449972600687,550.6067461519336,538.3403089617377,543.8279418945312,136966,GESHIP.NS,549.3155779157366,545.5694600423177,539.124267578125
2023-03-16,544.0585030734445,555.95600175994,524.9209993074676,545.2113647460938,504483,GESHIP.NS,550.4618443080357,544.6104044596354,543.8279418945312
2023-03-17,545.2113976832694,555.172111878288,542.8595146953246,548.6699829101562,220902,GESHIP.NS,548.8741891043527,543.4871032714843,545.2113647460938
2023-03-20,544.1507617117362,555.679379544612,534.1439439496318,543.3206787109375,434239,GESHIP.NS,544.9017595563616,542.0426900227865,548.6699829101562
2023-03-21,545.6726288552248,562.2276810644767,544.1508285973975,557.70849609375,275816,GESHIP.NS,544.6777866908482,542.1002888997396,543.3206787109375
2023-03-22,562.1354791345057,569.0987539588865,556.3250662443629,559.737548828125,201644,GESHIP.NS,548.2286115373884,541.8639567057292,557.70849609375
2023-03-23,554.8031864933546,562.1815018154628,552.5897256719693,554.4804077148438,166808,GESHIP.NS,550.422345842634,541.2670430501302,559.737548828125
2023-03-24,557.2473431439269,581.9646911945658,554.5265777824607,575.9237060546875,851282,GESHIP.NS,555.0074550083706,541.7328043619792,554.4804077148438
2023-03-27,575.9236328498856,590.4035878331568,575.9236328498856,584.9159545898438,411563,GESHIP.NS,560.6795392717634,542.1816548665364,575.9237060546875
2023-03-28,585.6537419663046,593.9543461831498,563.0115494998805,586.345458984375,338129,GESHIP.NS,566.061750139509,544.2291361490885,584.9159545898438
2023-03-29,581.0423284088452,604.0995636631644,579.8894666461292,599.7186889648438,323475,GESHIP.NS,574.1186087472098,546.7577453613281,586.345458984375
2023-03-31,600.0414483798015,608.6187846513026,586.4838395213931,594.4616088867188,375898,GESHIP.NS,579.3690534319196,549.0972880045573,599.7186889648438
2023-04-03,601.2405012449263,604.007369531756,594.2310678097101,595.614501953125,105700,GESHIP.NS,584.4943324497768,551.2861897786458,594.4616088867188
2023-04-05,587.4983440077909,597.874099690817,575.1858031140976,588.6051025390625,298276,GESHIP.NS,589.3692888532366,552.7833760579427,595.614501953125
2023-04-06,590.080638996588,601.7937234938863,588.4205296384666,596.3060913085938,366429,GESHIP.NS,592.2810581752232,554.2298278808594,588.6051025390625
2023-04-10,601.3326150870535,602.1626979621307,590.4496127595362,594.5999145507812,133538,GESHIP.NS,593.6644810267857,555.8545918782552,596.3060913085938
2023-04-11,597.5051598273363,614.2447348015982,590.4035765457244,598.9347534179688,673142,GESHIP.NS,595.4629516601562,558.3094197591146,594.5999145507812
2023-04-12,601.3327173539245,606.9125572304644,593.0321123597753,596.8134765625,564239,GESHIP.NS,595.0479213169643,560.725819905599,598.9347534179688
2023-04-13,594.9227504036137,604.9296239029629,592.5709237545207,597.597412109375,251924,GESHIP.NS,595.4958932059152,563.0054138183593,596.8134765625
2023-04-17,596.4906921508405,608.6188207392356,592.4325961195691,595.4761962890625,171688,GESHIP.NS,595.4761352539062,565.7661376953125,597.597412109375
2023-04-18,599.3497180582026,609.6332669386729,576.9380978694018,606.0363159179688,305086,GESHIP.NS,597.96630859375,569.0218180338542,595.4761962890625
2023-04-19,606.3592310457994,616.0893738200194,590.2652683305575,591.4642333984375,247711,GESHIP.NS,597.2746146065848,571.2967997233073,606.0363159179688
2023-04-20,594.8766895745604,602.3933710371795,593.0782139058026,597.3668823242188,147401,GESHIP.NS,597.6698957170759,572.9753723144531,591.4642333984375
2023-04-21,599.3497720377574,599.3497720377574,583.4864386512646,589.7579956054688,77413,GESHIP.NS,596.3589303152902,574.8091939290365,597.3668823242188
2023-04-24,590.2651947386483,598.3813299078896,585.7459543246002,595.4299926757812,90148,GESHIP.NS,596.1612897600446,576.7506103515625,589.7579956054688
2023-04-25,598.5657872681719,599.9492212911338,581.0422896439882,587.0371704101562,111536,GESHIP.NS,594.6526838030134,577.6590637207031,595.4299926757812
2023-04-26,590.1730026724587,601.3326817650717,584.500900411985,598.6580200195312,142335,GESHIP.NS,595.1072300502232,578.5767415364584,587.0371704101562
2023-04-27,598.6580067715976,626.5111569677889,597.2745727183967,613.0918579101562,453390,GESHIP.NS,596.1151646205357,580.3705932617188,598.6580200195312
2023-04-28,612.4001247365517,626.6956095760345,608.9876429035506,624.9432373046875,205998,GESHIP.NS,600.8978794642857,583.3726420084636,613.0918579101562
2023-05-02,636.3796802977902,636.4257835089616,613.8296934114313,616.458251953125,182371,GESHIP.NS,603.6252179827009,585.9504414876302,624.9432373046875
2023-05-03,618.8100907550537,624.9894410590427,613.8297054253721,617.2421875,143031,GESHIP.NS,607.551531110491,588.3975830078125,616.458251953125
2023-05-04,617.9338404881433,625.2660517941409,609.5871334533971,620.3779296875,133485,GESHIP.NS,611.1155221121652,590.903135172526,617.2421875
2023-05-05,614.7059318428317,616.504407568005,595.3839561851545,604.6529541015625,249092,GESHIP.NS,613.632062639509,592.7692342122396,620.3779296875
2023-05-08,607.696486892986,619.7323518830286,604.3301081840583,615.8126220703125,135890,GESHIP.NS,616.0827200753348,595.1856323242188,604.6529541015625
2023-05-09,617.3805206636813,620.5162707152949,599.4880845465391,601.2865600585938,99257,GESHIP.NS,614.3962489536831,596.6382344563802,615.8126220703125
2023-05-10,605.0217922727314,630.8458931624211,604.0995029552425,627.57177734375,305186,GESHIP.NS,614.7717546735491,598.8993754069011,601.2865600585938
2023-05-11,627.5718986560428,633.6128835949286,620.5624647129304,627.4335327148438,139285,GESHIP.NS,616.3396519252232,601.3311462402344,627.57177734375
2023-05-12,628.8168515985881,629.0013207223171,613.829650041788,624.1593017578125,151328,GESHIP.NS,617.3278111049107,602.9389994303385,627.4335327148438
2023-05-15,648.553878933181,675.8536210397486,636.3796483156834,665.4317626953125,2407869,GESHIP.NS,623.7640729631696,605.6228597005208,624.1593017578125
2023-05-16,668.6597278935715,683.7391351023432,650.2139422965074,653.3035888671875,463140,GESHIP.NS,630.7141636439732,607.8547973632812,665.4317626953125
2023-05-17,652.9808758529776,655.9322131039487,647.9082843032724,650.444580078125,155607,GESHIP.NS,635.6615862165179,609.5456604003906,653.3035888671875
2023-05-18,653.9032138328951,658.5146610390509,628.5863574126836,629.8314819335938,256131,GESHIP.NS,639.7394321986607,610.7246561686198,650.444580078125
2023-05-19,631.7222174570435,638.224347309219,623.5599214365807,628.0791625976562,128239,GESHIP.NS,639.8119158063616,611.8068115234375,629.8314819335938
2023-05-22,629.0013749998291,631.0765261636849,610.1405453854802,617.6572265625,206235,GESHIP.NS,638.415300641741,612.775215657552,628.0791625976562
2023-05-23,623.0525514041335,628.7707565616051,610.5555421250937,625.9116821289062,273174,GESHIP.NS,638.6656406947544,613.7620686848958,617.6572265625
2023-05-24,634.3238519545016,641.7545503539422,622.0327242162749,626.9398193359375,267383,GESHIP.NS,633.1667916434152,614.8400655110677,625.9116821289062
2023-05-25,629.0429339243233,638.3897828682211,616.8920302972562,632.3143310546875,206983,GESHIP.NS,630.1683262416294,615.9527180989584,626.9398193359375
2023-05-26,632.314181175854,635.2116808422061,621.5653074382009,629.13623046875,218986,GESHIP.NS,627.1242762974331,617.0301432291667,632.3143310546875
2023-05-29,632.2676710768066,641.9416378760262,623.3881636973443,640.2592163085938,189993,GESHIP.NS,628.6139526367188,618.4522033691406,629.13623046875
2023-05-30,643.063193974536,647.736618349351,634.5575844318279,642.1752319335938,183276,GESHIP.NS,630.6276768275669,620.008837890625,640.2592163085938
2023-05-31,641.1469826706638,649.7928161631395,631.8468584771402,642.2686157226562,255466,GESHIP.NS,634.1435895647321,621.2165812174479,642.1752319335938
2023-06-01,644.9325684308134,649.1386503988405,633.0620590224318,638.8571166992188,101470,GESHIP.NS,635.992937360491,622.7963439941407,642.2686157226562
2023-06-02,645.3531507612204,650.3536917704731,638.2495118407928,641.9415283203125,68229,GESHIP.NS,638.1360386439732,624.2821655273438,638.8571166992188
2023-06-05,644.9324501166909,672.8795457745318,633.2488912377654,661.7567749023438,792767,GESHIP.NS,642.3421020507812,626.6821248372396,641.9415283203125
2023-06-06,664.5608829858335,676.7585080359736,656.6160623031617,664.51416015625,521891,GESHIP.NS,647.3960920061384,628.9849304199219,661.7567749023438
2023-06-07,664.9814906401512,672.0383492398279,658.7190912750608,666.8975830078125,214650,GESHIP.NS,651.2015729631696,631.6469441731771,664.51416015625
2023-06-08,670.122274449499,677.1791332342773,659.5135678087128,668.9539184570312,231617,GESHIP.NS,655.027099609375,633.9901407877604,666.8975830078125
2023-06-09,670.1690088513881,685.1239658132042,664.0935575856502,674.0479736328125,291060,GESHIP.NS,659.5670078822544,636.0220113118489,668.9539184570312
2023-06-12,684.1892429357629,686.7129031923831,669.7016291850739,677.225830078125,297444,GESHIP.NS,665.0482526506696,637.7647644042969,674.0479736328125
2023-06-13,677.2259380440901,684.9838113634585,671.1504861478098,675.2631225585938,351555,GESHIP.NS,669.8084803989956,639.7249267578125,677.225830078125
2023-06-14,675.2629340611462,677.1790261761436,664.5607834523645,674.5151977539062,109402,GESHIP.NS,671.6311122349331,641.6340270996094,675.2631225585938
2023-06-15,676.7119208644278,718.7727446750622,673.5339691348337,704.518798828125,1956188,GESHIP.NS,677.3460606166294,644.4387227376302,674.5151977539062
2023-06-16,712.2298364286944,739.4759218884321,702.4156457692438,705.6403198242188,1149305,GESHIP.NS,682.8807373046875,647.8049682617187,704.518798828125
2023-06-19,709.8932289220368,715.0339962150864,691.9939890731432,699.6116943359375,252667,GESHIP.NS,687.2604195731027,650.5982706705729,705.6403198242188
2023-06-20,702.8361824676168,708.30406522791,674.4217443277855,676.898681640625,349891,GESHIP.NS,687.6676635742188,653.1186747233073,699.6116943359375
2023-06-21,677.8333707380399,695.2184837204456,677.8333707380399,681.0580444335938,269916,GESHIP.NS,688.2151227678571,654.9015502929688,676.898681640625
2023-06-22,684.1892659660758,691.5732986231408,665.0749506096196,668.8604125976562,206956,GESHIP.NS,687.3004499162946,656.2824462890625,681.0580444335938
2023-06-23,666.991094346052,672.225363799627,646.9888725391608,656.1954956054688,327593,GESHIP.NS,684.683349609375,657.3503194173177,668.8604125976562
2023-06-26,659.8874869615101,691.0124802484097,659.5135902117665,679.6093139648438,312976,GESHIP.NS,681.1248517717634,657.8229044596354,656.1954956054688
2023-06-27,683.2546529634471,702.8830356067199,679.6093590816697,700.359375,357095,GESHIP.NS,680.3704310825893,659.3914306640625,679.6093139648438
2023-06-28,701.9482737695935,705.6870129108429,689.3300291678764,702.275390625,235243,GESHIP.NS,680.750959123884,661.1191243489583,700.359375
2023-06-30,697.5085470796836,705.7804849190644,686.105380863428,694.0034790039062,133825,GESHIP.NS,683.1945016043527,663.2581909179687,702.275390625
2023-07-03,691.71353756115,697.3683697042551,680.4973189439613,684.563232421875,173822,GESHIP.NS,683.6952427455357,665.1409932454427,694.0034790039062
2023-07-04,687.4139268408602,688.2083860774503,671.1503889918317,678.3474731445312,166529,GESHIP.NS,685.050537109375,667.1640014648438,684.563232421875
2023-07-05,681.1983416488968,687.9280843182596,673.9545336958173,682.0863037109375,140912,GESHIP.NS,688.7492239815848,669.0364888509115,678.3474731445312
2023-07-06,682.0863144964828,693.5362046678866,675.3098488848358,690.8723754882812,232835,GESHIP.NS,690.3582327706473,671.1675740559896,682.0863037109375
2023-07-07,692.9753409595463,697.3683139276782,680.917884090987,693.0687866210938,148843,GESHIP.NS,689.3167201450893,673.1927225748698,690.8723754882812
2023-07-10,697.0879256260629,714.0992007178108,680.5439929431617,709.0518798828125,450989,GESHIP.NS,690.2847900390625,675.8565775553385,693.0687866210938
2023-07-11,714.4730588728631,733.4471482374491,713.7252654201925,719.3333740234375,491904,GESHIP.NS,693.9033464704241,678.4923828125,709.0518798828125
2023-07-12,725.1285306268137,725.1285306268137,701.9950794597546,704.7056884765625,151676,GESHIP.NS,696.7808401925223,680.5767313639323,719.3333740234375
2023-07-13,710.360468510691,723.4460560885195,704.7523595487645,713.3047485351562,170410,GESHIP.NS,701.7747366768973,682.9446024576823,704.7056884765625
2023-07-14,722.651665189423,766.4416306581815,716.9500529760745,737.2327270507812,1599006,GESHIP.NS,709.6527971540179,686.223789469401,713.3047485351562
2023-07-17,744.4764924723946,752.7952105624133,732.8863773658619,746.9534301757812,262676,GESHIP.NS,717.6643763950893,689.7241861979167,737.2327270507812
2023-07-18,750.6922037485363,761.3475774289481,728.5868829411919,732.3256225585938,230863,GESHIP.NS,723.2724958147321,692.0764811197917,746.9534301757812
2023-07-19,733.7275401788428,761.6746374586102,720.1278882642349,730.31591796875,257009,GESHIP.NS,726.3102155412946,694.269873046875,732.3256225585938
2023-07-20,730.3159064909461,736.9522024441961,717.9781134315748,721.4364013671875,183374,GESHIP.NS,726.6106480189732,696.0878336588542,730.31591796875
2023-07-21,715.0339016773909,726.0631713654327,711.6690590771866,714.5198364257812,124835,GESHIP.NS,728.0126691545759,697.6066975911458,721.4364013671875
2023-07-24,715.9686518215808,743.0277917825292,715.9686518215808,726.8109741210938,253670,GESHIP.NS,729.9421299525669,699.3654642740886,714.5198364257812
2023-07-25,729.9888939966378,736.5316881809866,722.0440724870714,726.4838256835938,114443,GESHIP.NS,728.4065726143973,701.0073974609375,726.8109741210938
2023-07-26,729.9888583240993,744.9438157289464,716.0153085892183,718.3052978515625,198207,GESHIP.NS,724.313982282366,702.4421366373698,726.4838256835938
2023-07-27,725.2219408944509,743.0276744767708,705.640283417356,712.416748046875,200855,GESHIP.NS,721.4698573521206,703.7055216471355,718.3052978515625
2023-07-28,715.9684902673142,737.2792903172425,708.7246837404582,717.8845825195312,119276,GESHIP.NS,719.6939522879464,704.1510477701823,712.416748046875
2023-07-31,720.6419308033352,740.1768645874945,715.1272680464781,738.3074951171875,277541,GESHIP.NS,722.1041085379464,705.2399536132813,717.8845825195312
2023-08-01,741.9995510189208,745.8785159954948,732.5125339481599,739.10205078125,140934,GESHIP.NS,725.6158534458706,706.556298828125,738.3074951171875
2023-08-02,734.6622303040759,750.925768145527,726.5771842121932,738.0738525390625,282751,GESHIP.NS,727.224836077009,708.5954711914062,739.10205078125
2023-08-03,738.4010392008611,756.1133287028116,735.5502617883573,750.8323364257812,565691,GESHIP.NS,730.7031947544643,710.9212809244792,738.0738525390625
2023-08-04,750.5518608212396,779.8074823426529,740.130102948043,748.2151489257812,781697,GESHIP.NS,734.9760306222098,713.5664388020833,750.8323364257812
2023-08-07,752.3745458055074,771.956203895887,718.7726156287415,722.6983032226562,381106,GESHIP.NS,736.44482421875,715.7831990559896,748.2151489257812
2023-08-08,726.9978646154367,728.1662206774467,691.6667887099784,704.2850341796875,384827,GESHIP.NS,734.5020315987723,716.605723063151,722.6983032226562
2023-08-09,705.6870268767545,710.3137280653419,701.1538283977279,707.556396484375,104361,GESHIP.NS,730.1090175083706,716.8456237792968,704.2850341796875
2023-08-10,707.5563868440739,716.0152727935797,701.4809357020838,710.1267700195312,119133,GESHIP.NS,725.9696916852679,717.1073364257812,707.556396484375
2023-08-11,711.2951548024062,719.2399758481624,710.1735215979843,713.5851440429688,123318,GESHIP.NS,722.4713047572544,717.76005859375,710.1267700195312
2023-08-14,710.8552245853851,710.8552245853851,682.4737087498489,689.9573974609375,302916,GESHIP.NS,713.774884905134,717.939864095052,713.5851440429688
2023-08-16,687.180471086572,721.9631105318902,682.6149799798557,707.984130859375,538922,GESHIP.NS,708.0275966099331,718.9277526855469,689.9573974609375
2023-08-17,709.7726313666635,746.296728757658,708.8783440138584,725.9166870117188,861646,GESHIP.NS,708.4873657226562,720.3887654622396,707.984130859375
2023-08-18,729.117315081491,757.3105535182663,729.117315081491,733.7299194335938,476644,GESHIP.NS,712.6937779017857,721.8173502604167,725.9166870117188
2023-08-21,738.0129838210568,744.6023854623163,726.716866721755,729.5879516601562,217439,GESHIP.NS,715.8411429268973,723.0346557617188,733.7299194335938
2023-08-22,734.2475941819702,734.2475941819702,719.3273295129733,722.0571899414062,101156,GESHIP.NS,717.5454886300223,723.4681660970052,729.5879516601562
2023-08-23,724.645928886871,739.8956990608087,721.9631239524391,734.5770874023438,524612,GESHIP.NS,720.5443376813616,723.9762898763021,722.0571899414062
2023-08-24,740.8369255122807,744.55524177555,719.1860369649078,721.9159545898438,150908,GESHIP.NS,725.109845842634,724.5499654134114,734.5770874023438
2023-08-25,723.8928776309107,736.1303385011341,709.7727304729605,716.5033569335938,183647,GESHIP.NS,726.3268781389509,724.6565856933594,721.9159545898438
2023-08-28,718.2447354372703,726.2461512317877,714.6676433966076,717.1151123046875,123429,GESHIP.NS,725.0695103236607,723.9859985351562,716.5033569335938
2023-08-29,720.1274860982019,721.9160610064686,704.1246530737974,708.03125,269370,GESHIP.NS,721.3982718331473,722.6885925292969,717.1151123046875
2023-08-30,708.8313675654573,717.3034556240086,706.0543938774829,714.3853149414062,117432,GESHIP.NS,719.2264665876116,722.0905822753906,708.03125
2023-08-31,716.3620984693069,722.7632200526666,707.9370662407198,719.6567993164062,130332,GESHIP.NS,718.8835536411831,721.7352783203125,714.3853149414062
2023-09-01,720.1744560185817,735.2829997900171,719.1860573522295,723.1397094726562,198380,GESHIP.NS,717.2496425083706,721.7920552571615,719.6567993164062
2023-09-04,724.7870490150144,732.0354015527544,720.1273897082518,722.1041870117188,129203,GESHIP.NS,717.2765328543527,722.0448669433594,723.1397094726562
2023-09-05,721.5865541478237,729.587970634589,721.1158825897786,724.4105834960938,126631,GESHIP.NS,718.4061366489956,721.964853922526,722.1041870117188
2023-09-06,724.834142665873,729.3996334396177,718.7624685512393,726.293212890625,309959,GESHIP.NS,719.7172938755581,721.9585001627604,724.4105834960938
2023-09-07,727.6582022268739,800.9888512806466,727.6111465637886,767.665283203125,4559859,GESHIP.NS,728.2364414760044,723.6038330078125,726.293212890625
2023-09-08,782.2560857206151,798.0706376954429,771.901312022749,776.513916015625,1576742,GESHIP.NS,737.1119559151786,725.7404052734375,767.665283203125
2023-09-11,784.1387963630513,788.1865601713997,774.8194767616013,780.5146484375,405944,GESHIP.NS,745.8059343610491,727.8280741373698,776.513916015625
2023-09-12,783.1974509051634,814.0734927671508,735.2360089771179,755.05126953125,822196,GESHIP.NS,750.364728655134,728.3861999511719,780.5146484375
2023-09-13,752.1331487731326,777.455301544876,751.991924323894,770.8187866210938,413352,GESHIP.NS,757.323957170759,729.4434244791667,755.05126953125
2023-09-14,774.5841069157118,779.2908221730353,756.3691418518781,764.558837890625,330362,GESHIP.NS,763.0594220842634,730.3262573242188,770.8187866210938
2023-09-15,767.1945804430587,792.940289700459,763.523319591446,787.1981201171875,673451,GESHIP.NS,771.7601231166294,731.5384501139323,764.558837890625
2023-09-18,795.4349781640327,800.6123655958696,773.7840852672603,780.561767578125,345642,GESHIP.NS,773.6024780273438,732.6166707356771,787.1981201171875
2023-09-20,776.4667313049656,780.3733276400553,762.8172581435895,769.124267578125,209417,GESHIP.NS,772.5468139648438,734.1642028808594,780.561767578125
2023-09-21,768.1831448618872,769.1244881084443,739.8957917938538,743.237548828125,296821,GESHIP.NS,767.2215140206473,735.4626200358073,769.124267578125
2023-09-22,743.3787335895165,768.6067197586856,743.3787335895165,763.570556640625,245831,GESHIP.NS,768.4385550362723,737.3297587076823,743.237548828125
2023-09-25,768.794939312184,783.6681491503999,765.500238384825,774.537109375,186385,GESHIP.NS,768.969744001116,739.4767700195313,763.570556640625
2023-09-26,776.4196926172057,821.1805406440797,769.4066757969028,801.177001953125,1479973,GESHIP.NS,774.200910295759,742.3964986165364,774.537109375
2023-09-27,807.2958732984304,854.7395916775193,795.2466923076381,805.97802734375,2426071,GESHIP.NS,776.8837541852679,746.2638529459635,801.177001953125
2023-09-28,804.7542336580987,808.3313259225849,787.9041693015404,793.2698364257812,297090,GESHIP.NS,778.6991925920759,749.1067097981771,805.97802734375
2023-09-29,799.0119853030651,811.4377253021769,786.0685181071196,797.505859375,355604,GESHIP.NS,782.7537057059152,751.4930155436198,793.2698364257812
2023-10-03,797.5058342614208,807.4840474944348,791.1988244080918,804.4246826171875,198237,GESHIP.NS,791.4947248186384,753.8495076497396,797.505859375
2023-10-04,805.3189986283973,805.3189986283973,785.4566827780749,791.1988525390625,172082,GESHIP.NS,795.4416242327009,755.9032043457031,804.4246826171875
2023-10-05,795.4349330953952,814.0735153029569,774.4900487624099,778.1141967773438,381393,GESHIP.NS,795.95263671875,757.7717712402343,791.1988525390625
2023-10-06,781.36180228479,793.4580951844263,778.490717417724,787.527587890625,174892,GESHIP.NS,794.0027204241071,759.536787923177,778.1141967773438
2023-10-09,781.9737368723153,806.0250419618961,768.2300929246804,798.1177368164062,365528,GESHIP.NS,792.8798217773438,762.0768473307292,787.527587890625
2023-10-10,802.0713908102734,816.1444818909786,793.5993027629622,800.84765625,281105,GESHIP.NS,793.9623674665179,764.8883239746094,798.1177368164062
2023-10-11,804.8483613076017,815.6738071029672,798.4001839680241,806.2603759765625,207902,GESHIP.NS,795.2130126953125,767.8598327636719,800.84765625
2023-10-12,812.2378691424094,825.0401697484615,809.5550642950686,814.2617797851562,349404,GESHIP.NS,796.6183122907366,771.4008504231771,806.2603759765625
2023-10-13,809.555133782928,822.1691553610918,809.555133782928,813.4617309570312,246957,GESHIP.NS,799.7987234933036,774.7033976236979,814.2617797851562
2023-10-16,817.9329831395921,865.9885334117886,815.9090726396437,827.958251953125,1625937,GESHIP.NS,806.9193028041294,778.3134460449219,813.4617309570312
2023-10-17,840.3840469325472,840.6193827059811,818.0271484563243,821.4630737304688,304325,GESHIP.NS,811.7672293526786,781.5908915201823,827.958251953125
2023-10-18,823.6751877857362,832.9945071781206,802.5890799964128,816.6621704101562,669244,GESHIP.NS,814.4164341517857,784.7428243001302,821.4630737304688
2023-10-19,809.5550953258168,831.8649390949868,807.6724090576172,828.3819580078125,356735,GESHIP.NS,818.3499058314732,788.2085367838541,816.6621704101562
2023-10-20,828.3819919260984,835.1596742601356,805.7897557826593,808.84912109375,163569,GESHIP.NS,818.7197265625,790.960400390625,828.3819580078125
2023-10-23,809.5080918726737,812.0497299896816,772.9839874048346,779.9969482421875,273432,GESHIP.NS,813.8247506277902,791.3714558919271,808.84912109375
2023-10-25,786.7745499547035,793.3639516418535,757.9694741328857,771.5247802734375,221621,GESHIP.NS,807.833757672991,791.2051513671875,779.9969482421875
2023-10-26,767.1475973872418,770.4422983512725,739.8957022080399,751.8978271484375,282196,GESHIP.NS,796.9679827008929,790.2512573242187,771.5247802734375
2023-10-27,753.1215021093467,787.4334680666127,753.1215021093467,779.1967163085938,157186,GESHIP.NS,790.929931640625,791.0561055501302,751.8978271484375
2023-10-30,754.0159108357295,766.0650924267427,743.6611355308693,751.0036010742188,463489,GESHIP.NS,781.5501360212054,790.3955993652344,779.1967163085938
2023-10-31,739.8956023334218,754.5805302374217,736.1302303113688,747.6616821289062,257275,GESHIP.NS,770.0186680385044,789.8323608398438,751.0036010742188
2023-11-01,752.1332130921866,758.8638399210182,748.5561204408266,751.7566528320312,120413,GESHIP.NS,761.8626011439732,788.6509785970052,747.6616821289062
2023-11-02,758.7225271252538,761.5465563825438,741.7783515815137,743.143310546875,191757,GESHIP.NS,756.5977957589286,787.4036966959635,751.7566528320312
2023-11-03,746.5320750391558,749.2619927956888,740.8369612246839,742.437255859375,193892,GESHIP.NS,752.4424351283482,786.5141296386719,743.143310546875
2023-11-06,746.5321745802653,747.4264620649251,727.70531155596,732.9768676757812,214502,GESHIP.NS,749.7394409179688,786.1721069335938,742.437255859375
2023-11-07,736.6009716318697,736.6009716318697,720.8805304587537,725.9638061523438,224296,GESHIP.NS,742.1347394670759,784.9185485839844,732.9768676757812
2023-11-08,730.5669043276405,730.5669043276405,723.2114077267452,725.631591796875,191199,GESHIP.NS,738.5101667131696,783.2883646647135,725.9638061523438
2023-11-09,728.3365717942114,728.3365717942114,690.4676037570623,695.9723510742188,856761,GESHIP.NS,731.1259765625,779.78154296875,725.631591796875
2023-11-10,699.5314658219588,723.4961490924861,693.7894443863528,719.0828857421875,538888,GESHIP.NS,726.4582955496652,776.8850382486979,695.9723510742188
2023-11-13,740.2951258187397,742.0034876003654,731.9430898310485,734.2208862304688,145161,GESHIP.NS,725.1836635044643,774.9167399088542,719.0828857421875
2023-11-15,734.6006439195694,754.1995085597828,734.6006439195694,751.5419921875,325686,GESHIP.NS,726.4843401227679,773.3846110026042,734.2208862304688
2023-11-16,751.5419358967423,753.5825162594228,737.969869418777,743.6170043945312,144939,GESHIP.NS,728.0043596540179,771.3576883951823,751.5419921875
2023-11-17,743.6169918917137,747.3184908363078,737.9224137789502,740.9595336914062,88614,GESHIP.NS,730.1466064453125,769.6830444335938,743.6170043945312
2023-11-20,745.0405789687802,751.6368096930689,732.7023273425456,740.1527099609375,218401,GESHIP.NS,732.2210518973214,768.4176615397135,740.9595336914062
2023-11-21,730.8042143426748,762.1243949573609,730.8042143426748,755.6231079101562,736171,GESHIP.NS,740.7425885881696,767.354178873698,740.1527099609375
2023-11-22,760.6532816584854,764.1649497408208,748.9794081335273,758.3754272460938,430397,GESHIP.NS,746.3558088030134,766.0294352213542,755.6231079101562
2023-11-23,764.0225871811565,795.342767773676,761.1752980363821,777.3099365234375,1166989,GESHIP.NS,752.5113874162946,765.2448445638021,758.3754272460938
2023-11-24,781.1062636830931,794.0139503369362,774.1778722008355,784.9026489257812,350724,GESHIP.NS,757.2771955217634,764.5329203287761,777.3099365234375
2023-11-28,784.9026448118921,793.1597942571092,770.6662002264285,774.4625854492188,210575,GESHIP.NS,761.6837071010044,763.2062805175781,784.9026489257812
2023-11-29,778.2590309495192,779.1606840954148,762.1243925030047,771.1408081054688,247979,GESHIP.NS,765.9953177315848,761.7955830891927,774.4625854492188
2023-11-30,774.9845799458604,837.1029449890278,773.5134922517661,830.9812622070312,2066347,GESHIP.NS,778.9708251953125,761.8963500976563,771.1408081054688
2023-12-01,832.8319593665291,857.9830099912732,819.3547810310185,825.0968017578125,937312,GESHIP.NS,788.8956386021206,762.0174743652344,830.9812622070312
2023-12-04,839.9503003836134,850.8649088066772,816.6974389605642,846.1668701171875,502743,GESHIP.NS,801.437273297991,763.0009643554688,825.0968017578125
2023-12-05,851.3394365325552,856.6543529873245,836.2962823693592,854.6138305664062,379055,GESHIP.NS,812.4806867327009,763.8753601074219,846.1668701171875
2023-12-06,858.9322226571237,862.7286081716304,838.0521023273374,842.7026977539062,326497,GESHIP.NS,820.7378365652902,765.0038126627604,854.6138305664062
2023-12-07,842.7975852701644,856.0374913541456,837.1504502246532,846.0245361328125,241072,GESHIP.NS,830.9609723772321,767.2047322591146,842.7026977539062
2023-12-08,847.4006958007812,855.8951201487088,833.211750992981,847.4006958007812,184262,GESHIP.NS,841.855242047991,769.7339294433593,846.0245361328125
2023-12-11,850.390352487219,851.6716094229049,831.5508126039734,834.1608276367188,178554,GESHIP.NS,842.3094656808036,772.4760294596355,847.4006958007812
2023-12-12,834.2556993124409,839.9028342324574,822.1547207387963,833.8760375976562,210588,GESHIP.NS,843.5636422293527,774.2986735026042,834.1608276367188
2023-12-13,828.8933251250098,832.7846551564932,810.1486710586538,813.6603393554688,287441,GESHIP.NS,838.9198521205357,776.3872314453125,833.8760375976562
2023-12-14,820.0192545904983,827.6120254663363,809.3893637786763,814.08740234375,186316,GESHIP.NS,833.1303623744419,778.6014221191406,813.6603393554688
2023-12-15,817.1719379062322,864.6267542770935,814.0873748421262,853.4274291992188,1264611,GESHIP.NS,834.6624668666294,781.9904479980469,814.08740234375
2023-12-18,868.2333285278991,888.733844424387,844.743193888841,876.0159301757812,1772371,GESHIP.NS,838.9469517299107,786.4195353190104,853.4274291992188
2023-12-19,887.7847556826471,944.0661580781004,883.608708539733,932.2024536132812,2683544,GESHIP.NS,851.0614885602679,792.7450419108073,876.0159301757812
2023-12-20,937.707230984824,955.7400623499168,901.3094076902644,916.4474487304688,1269130,GESHIP.NS,862.8167201450893,798.8607279459635,932.2024536132812
2023-12-21,911.1325482335257,972.3017651551472,895.1402969905172,946.9609375,1059034,GESHIP.NS,878.9717058454241,806.2272989908854,916.4474487304688
2023-12-22,946.9608597917112,989.243147481056,942.2628213897568,964.4242553710938,967974,GESHIP.NS,900.5094081333706,814.1870544433593,946.9609375
2023-12-26,969.0274210520708,986.1111561930476,942.0730602138976,945.8694458007812,649265,GESHIP.NS,919.3354143415179,822.5169576009115,964.4242553710938
2023-12-27,952.5131787563196,958.3501451239676,925.4639297976336,932.1076049804688,451217,GESHIP.NS,930.575439453125,829.6177815755208,945.8694458007812
2023-12-28,933.9108055619872,941.4561331072068,921.5725530494811,924.9418334960938,363921,GESHIP.NS,937.5648542131696,835.975146484375,932.1076049804688
2023-12-29,920.6234877505726,944.3508972286802,909.471605295862,927.0773315429688,515223,GESHIP.NS,936.8326939174107,841.8263244628906,924.9418334960938
2024-01-01,933.4362833208396,939.6528529815062,919.7218291383564,923.1386108398438,194886,GESHIP.NS,937.78857421875,847.8103780110677,927.0773315429688
2024-01-02,920.6234694421198,942.262854870162,912.8883109347876,928.5484008789062,406642,GESHIP.NS,935.1582118443081,854.0633402506511,923.1386108398438
2024-01-03,930.731339991058,963.3327757834676,930.731339991058,944.7779541015624,500820,GESHIP.NS,932.3515973772321,860.8841817220052,928.5484008789062
2024-01-04,948.0998033123394,955.6451308239376,923.186024311563,925.2740478515624,554969,GESHIP.NS,929.4093976702009,866.5392130533854,944.7779541015624
2024-01-05,929.6398911696214,941.5035957532052,917.9185742123389,925.3689575195312,496554,GESHIP.NS,928.4467337472098,872.1056640625,925.2740478515624
2024-01-08,929.1652914246232,931.0160408226088,913.552645473362,920.43359375,219608,GESHIP.NS,927.8026994977679,876.8764526367188,925.3689575195312
2024-01-09,921.572592248086,932.202483373569,914.122208777626,915.972900390625,226148,GESHIP.NS,926.2163521902902,881.2454610188802,920.43359375
2024-01-10,914.8339602542328,926.3180024825664,897.8451130619956,920.43359375,434253,GESHIP.NS,925.8299211774554,886.111161295573,915.972900390625
2024-01-11,925.2740707408706,939.035968053168,913.979800809825,924.4198608398438,198132,GESHIP.NS,925.2401297433036,891.2204630533854,920.43359375
2024-01-12,929.2601862645632,931.8702011516518,908.759728868181,911.701904296875,226845,GESHIP.NS,920.5149797712054,893.9111511230469,924.4198608398438
2024-01-15,914.9288715591276,921.5725459376688,900.7873129249348,905.0108032226562,194945,GESHIP.NS,917.6202305385044,896.574951171875,911.701904296875
2024-01-16,907.3361568201824,930.1144703805218,907.2887135859144,926.5553588867188,334653,GESHIP.NS,917.7897164481027,899.2545674641927,905.0108032226562
2024-01-17,919.5320656166488,935.8090927851756,895.5673804312273,903.017822265625,612333,GESHIP.NS,915.3017490931919,900.8680338541667,926.5553588867188
2024-01-18,902.590711839936,920.8133750210924,887.4526120798939,910.4682006835938,302558,GESHIP.NS,914.515363420759,903.126883951823,903.017822265625
2024-01-19,920.8606130235396,922.4740881929436,904.7259771859718,917.4913330078124,211926,GESHIP.NS,914.0950404575893,905.509110514323,910.4682006835938
2024-01-23,920.6235012708306,939.3207117998154,902.5906698026392,909.4716186523438,410384,GESHIP.NS,911.9595772879464,907.5781412760417,917.4913330078124
2024-01-24,908.2851737746108,929.1652927119584,904.5836749735116,923.7554321289062,297282,GESHIP.NS,913.6815098353794,910.564628092448,909.4716186523438
2024-01-25,930.1143786821652,962.3836530446076,930.1143786821652,956.4043579101562,1047781,GESHIP.NS,921.0234462193081,914.6489054361979,923.7554321289062
2024-01-29,968.078304198492,990.7617307720884,958.444952804042,978.8505249023438,832127,GESHIP.NS,928.4941842215402,920.1552449544271,956.4043579101562
2024-01-30,979.4674676391388,982.2672556274872,936.188695728708,940.3646850585938,416101,GESHIP.NS,933.8294503348214,924.3644877115886,978.8505249023438
2024-01-31,944.350870725313,962.668418742678,927.0773055243872,940.1273803710938,634218,GESHIP.NS,938.0664760044643,927.2544860839844,940.3646850585938
2024-02-01,930.0669280132136,950.99448978052,912.081541595888,937.4224243164062,528418,GESHIP.NS,940.9137747628348,929.3013692220052,940.1273803710938
2024-02-02,940.2223041982238,952.8927170555032,914.1221550756876,915.6406860351562,558281,GESHIP.NS,941.7950701032366,928.7493103027343,937.4224243164062
2024-02-05,921.3827322267888,939.6053938754774,916.8745245289016,920.4810791015624,437694,GESHIP.NS,941.3273053850446,928.8837646484375,915.6406860351562
2024-02-06,947.720184812624,976.6201813567905,912.4137876618896,963.0006713867188,1153493,GESHIP.NS,942.2696358816964,929.4184224446615,920.4810791015624
2024-02-07,963.0006356919793,971.3526719949442,944.872860631337,948.0523681640624,235247,GESHIP.NS,937.869899204799,928.8726928710937,963.0006713867188
2024-02-08,962.4785773043868,962.4785773043868,940.649361437174,943.6390380859376,255100,GESHIP.NS,938.337663922991,928.7983459472656,948.0523681640624
2024-02-09,947.1980981257976,948.1471944165048,889.3506676215451,911.464599609375,378539,GESHIP.NS,934.2429809570312,928.1102457682292,943.6390380859376
2024-02-12,912.3722570234778,924.887497120121,873.3456764740582,887.4850463867188,359771,GESHIP.NS,927.1090698242188,926.8616861979167,911.464599609375
2024-02-13,887.4851584969175,912.3723722775156,878.9346413563501,895.3191528320312,342488,GESHIP.NS,924.2059936523438,925.8030802408854,887.4850463867188
2024-02-14,892.4530203120747,912.1812456561764,883.9980166125118,896.2744750976562,251466,GESHIP.NS,920.7479073660714,924.9076090494792,895.3191528320312
2024-02-15,901.0034307744965,924.887521912732,899.474872265957,910.8914794921876,189384,GESHIP.NS,913.3037370954241,924.3190450032552,896.2744750976562
2024-02-16,914.2352837324444,940.6510544544756,900.5735947930989,905.111572265625,294408,GESHIP.NS,907.1693376813618,922.9968322753906,910.8914794921876
2024-02-19,917.2444856557348,921.0181831948488,879.8897956156818,883.8067626953125,349876,GESHIP.NS,898.6218697684152,921.614589436849,905.111572265625
2024-02-20,883.8068395916849,901.8632348856296,883.7113265563638,890.494384765625,219374,GESHIP.NS,895.6261247907366,920.4521036783855,883.8067626953125
2024-02-21,893.2650323537415,901.0034547642624,876.0684862763433,879.0300903320312,166736,GESHIP.NS,894.4182739257812,919.0719868977865,890.494384765625
2024-02-22,883.6157852196814,899.9524788684655,874.1576625951656,881.8483276367188,340524,GESHIP.NS,892.4938703264509,917.934501139323,879.0300903320312
2024-02-23,882.4693829381475,919.5374795422152,882.4693829381475,913.8052978515624,593881,GESHIP.NS,894.998273577009,917.7135579427083,881.8483276367188
2024-02-26,916.5280351767956,927.7058008228576,911.464619820597,916.384765625,216833,GESHIP.NS,895.7830287388393,917.4457214355468,913.8052978515624
2024-02-27,919.0120209188902,924.5053615844406,902.8185963382884,908.8851318359376,176944,GESHIP.NS,896.3221086774554,917.3518290201823,916.384765625
2024-02-28,910.4615438521624,939.4090503208802,907.5954529481156,911.1303100585938,380695,GESHIP.NS,900.2254725864956,917.5558125813802,908.8851318359376
2024-02-29,911.130311693718,968.2132889684228,911.130311693718,961.0003051757812,1656773,GESHIP.NS,910.2977469308036,918.7039774576823,911.1303100585938
2024-03-01,961.9557048522944,976.5727573746452,946.287717304072,954.2172241210938,334322,GESHIP.NS,921.0387660435268,920.4106241861979,961.0003051757812
2024-03-04,960.8092478479886,963.961936274741,941.5108901870736,951.9243774414062,186237,GESHIP.NS,931.0496303013393,921.7924967447917,954.2172241210938
2024-03-05,956.4144500600618,1005.0424792731544,952.497482733208,975.4262084960938,915491,GESHIP.NS,939.8526175362723,923.7236592610677,951.9243774414062
2024-03-06,978.5312019473852,984.0245428418908,937.8804909901968,950.8734130859376,298542,GESHIP.NS,944.7795671735491,925.1037190755209,975.4262084960938
2024-03-07,958.182034108752,972.5602461245688,941.8452798602746,962.86328125,188091,GESHIP.NS,952.4907313755581,926.407314046224,950.8734130859376
2024-03-11,957.3221144993344,964.8217539869356,921.7348192550696,925.8906860351562,203683,GESHIP.NS,954.5993565150669,925.3901916503906,962.86328125
2024-03-12,927.084778503737,933.7723231103488,894.2202502555119,897.8983764648438,345661,GESHIP.NS,945.5847952706473,922.6917867024739,925.8906860351562
2024-03-13,900.3824579628576,925.8906783535684,850.2736242852422,869.0942993164062,330876,GESHIP.NS,933.4243774414062,920.3161071777344,897.8983764648438
2024-03-14,868.4254480554595,931.4794409835786,864.6039939386037,926.1771850585938,323283,GESHIP.NS,929.7462071010044,919.8511006673177,869.0942993164062
2024-03-15,928.5657277269798,955.3636669219876,910.461574576654,952.354248046875,389973,GESHIP.NS,926.450212751116,920.348828125,926.1771850585938
2024-03-18,953.4052003813872,972.5602305888862,935.444374779228,969.168701171875,242304,GESHIP.NS,929.0638253348214,922.1330952962239,952.354248046875
2024-03-19,968.7387425927,981.1584700618372,952.3542326456457,954.6948852539062,202008,GESHIP.NS,927.8969116210938,923.2735555013021,969.168701171875
2024-03-20,955.077051921895,955.9368442198524,928.804551564645,934.441162109375,127125,GESHIP.NS,929.118408203125,922.3215718587239,954.6948852539062
2024-03-21,939.1225448334756,952.9753188925656,933.4858755127086,939.6957397460938,197662,GESHIP.NS,935.0894601004464,922.043017578125,934.441162109375
2024-03-22,936.1608514222074,963.7708255509918,933.3902735500031,950.5390625,150848,GESHIP.NS,946.7244262695312,922.273018391927,939.6957397460938
2024-03-26,950.3001976429044,950.3001976429044,922.785737246904,926.7982177734376,147756,GESHIP.NS,946.8131452287946,922.7841389973959,950.5390625
2024-03-27,926.7027069683788,969.694069662788,926.7027069683788,952.4497680664062,231080,GESHIP.NS,946.8267909458706,924.949629720052,926.7982177734376
2024-03-28,968.6431731041228,971.1270951288916,942.943869052844,956.5578002929688,205189,GESHIP.NS,945.0252336774554,926.99091796875,952.4497680664062
2024-04-01,974.4709190896627,980.1552861357368,948.8671850345588,952.8319091796876,161607,GESHIP.NS,944.7590942382812,928.8761657714844,956.5578002929688
2024-04-02,955.2202647758533,987.8459547887834,936.8773304457962,950.7301025390624,581883,GESHIP.NS,947.0860857282366,930.2041198730469,952.8319091796876
2024-04-03,945.5233923463792,986.4129438784106,940.3166489223491,976.4293823242188,1096021,GESHIP.NS,952.3337489536831,932.5813802083334,950.7301025390624
2024-04-04,985.0276733763088,1024.1019508013208,967.878827010623,978.8178100585938,1091160,GESHIP.NS,956.3735700334821,935.7484151204427,976.4293823242188
2024-04-05,977.3369396087044,1004.0871197739476,971.0793198393452,994.581298828125,386376,GESHIP.NS,966.056867327009,939.2179789225261,978.8178100585938
2024-04-08,1006.9532758925088,1008.1952952723008,937.2117302187391,942.6095581054688,793473,GESHIP.NS,964.651123046875,941.3372945149739,994.581298828125
2024-04-09,946.8608314173908,953.3095356546085,939.122409657036,944.2335815429688,241960,GESHIP.NS,962.8905203683036,943.4168029785156,942.6095581054688
2024-04-10,945.809943608022,950.3001640933644,932.9602918029112,939.743408203125,306669,GESHIP.NS,961.020734514509,944.281406656901,944.2335815429688
2024-04-12,937.2117300365657,947.768486587362,909.601697539927,914.4263305664062,422878,GESHIP.NS,955.8344813755581,944.2161254882812,939.743408203125
2024-04-15,899.0927214058852,918.4866504453452,879.9376915933391,914.3785400390624,323909,GESHIP.NS,946.9700753348214,944.399239095052,914.4263305664062
2024-04-16,911.4168699437564,955.268082293659,904.0128020799576,952.593017578125,430203,GESHIP.NS,943.2236764090402,945.7813293457032,914.3785400390624
2024-04-18,956.3189958716954,980.6807684938016,939.5523757880468,976.8593139648438,740227,GESHIP.NS,940.6919642857143,946.3099629720052,952.593017578125
2024-04-19,955.3636948694776,988.2759275091132,948.6761490053914,963.866455078125,415609,GESHIP.NS,943.7286638532366,946.6316040039062,976.8593139648438
2024-04-22,967.9744343070746,997.0174534544528,967.9744343070746,985.0277099609376,552135,GESHIP.NS,949.556396484375,947.735048421224,963.866455078125
2024-04-23,981.1584657686442,989.5657125134272,968.2610565302052,974.5186767578124,269848,GESHIP.NS,954.5242919921875,947.7047973632813,985.0277099609376
2024-04-24,982.1138234799274,1048.0339147446307,980.8241058881864,1020.328369140625,1933719,GESHIP.NS,969.6531546456473,950.0199625651042,974.5186767578124
2024-04-25,1024.149741081703,1069.004013783638,1022.2390139528192,1037.763671875,1235599,GESHIP.NS,987.2796020507812,952.5166422526041,1020.328369140625
2024-04-26,1047.317472711092,1064.2751786546469,1032.7003612209865,1041.5374755859375,544784,GESHIP.NS,999.9859531947544,956.3715352376302,1037.763671875
2024-04-29,1045.6454905659996,1053.431727456422,1022.1435686478,1035.6619873046875,302367,GESHIP.NS,1008.3863351004464,960.9636555989583,1041.5374755859375
2024-04-30,1036.5696535937975,1065.230565674732,1033.7035623857043,1041.394287109375,423598,GESHIP.NS,1019.4617396763393,966.7069885253907,1035.6619873046875
2024-05-02,1053.0018602142611,1078.605654915798,1008.2430926326322,1017.1757202148438,692517,GESHIP.NS,1024.0543125697545,969.7402730305989,1041.394287109375
2024-05-03,1028.7832807528123,1032.843576097872,979.6775678435456,994.294677734375,327333,GESHIP.NS,1026.8794555664062,971.1382873535156,1017.1757202148438
2024-05-06,1000.2657068191616,1012.5421059710974,952.49752597775,960.044921875,419198,GESHIP.NS,1018.2675345284598,970.8341613769531,994.294677734375
2024-05-07,964.8694586792456,967.5922215562354,925.747308440579,939.743408203125,324486,GESHIP.NS,1004.2646397181919,970.3357788085938,960.044921875
2024-05-08,926.7505419011704,959.4717484982984,926.7505419011704,949.4404296875,234404,GESHIP.NS,991.1079188755581,970.8357543945312,939.743408203125
2024-05-09,949.440264286544,954.8858480687484,908.5507168718156,925.8427734375,343798,GESHIP.NS,975.4194597516741,970.3739888509115,949.4404296875
2024-05-10,931.4795217206402,971.6047934255292,931.4795217206402,947.720703125,1527894,GESHIP.NS,962.0375191824777,970.2800435384114,925.8427734375
2024-05-13,969.6940632556474,982.8781277101016,919.0597919723476,957.083251953125,2179556,GESHIP.NS,953.452880859375,971.2895446777344,947.720703125
2024-05-14,974.3754178257382,1073.7809364378456,972.6079600725072,1002.128662109375,6309842,GESHIP.NS,954.572021484375,972.9455078125,957.083251953125
2024-05-15,1010.6313660429188,1014.5006352910856,987.8459673920794,992.76611328125,1135365,GESHIP.NS,959.2464773995536,974.1524515787761,1002.128662109375
2024-05-16,999.023628529976,1056.1544160944134,998.7370894347532,1012.446533203125,2422671,GESHIP.NS,969.6326381138393,976.1396057128907,992.76611328125
2024-05-17,1015.551505360969,1015.551505360969,974.47087061918,977.91015625,1768303,GESHIP.NS,973.6997419084821,977.0456075032552,1012.446533203125
2024-05-21,1036.5695589925756,1036.5695589925756,985.9352856039982,1000.9344482421876,2013646,GESHIP.NS,984.4271240234375,977.8624430338542,977.91015625
2024-05-22,1009.7188058546112,1013.3870475036778,989.0610552842224,989.4472045898438,1085534,GESHIP.NS,990.3880528041294,978.2167561848959,1000.9344482421876
2024-05-23,1000.01732471611,1009.5257650565462,982.64172583866,988.8197021484376,1624332,GESHIP.NS,994.9218314034598,978.0247029622395,989.4472045898438
2024-05-24,989.6402847660886,997.6524414936116,972.6507747384752,977.5739135742188,850318,GESHIP.NS,991.4140101841518,979.1901814778646,988.8197021484376
2024-05-27,990.7021833619684,995.7217709428464,964.349053971792,968.0654907226562,621052,GESHIP.NS,987.8853498186384,979.9845784505209,977.5739135742188
2024-05-28,973.9056143827904,983.5104444696482,958.0744364004662,975.2570190429688,1288594,GESHIP.NS,982.5725620814732,981.1683654785156,968.0654907226562
2024-05-29,975.1606106159044,1037.7129714360549,967.1967668816276,1019.468505859375,3322697,GESHIP.NS,988.5094691685268,984.6697713216146,975.2570190429688
2024-05-30,1019.2753792831968,1036.747544311899,990.364145683756,994.2254028320312,742999,GESHIP.NS,987.5510341099331,987.3313334147135,1019.468505859375
2024-05-31,1000.0656965554032,1055.8609147911516,982.7865456055883,1039.9332275390625,1900000,GESHIP.NS,994.7633231026786,990.2426737467448,994.2254028320312
2024-06-03,1081.1522620915566,1081.1522620915566,1009.525971862489,1028.1082763671875,1320329,GESHIP.NS,1000.3759765625,991.9509724934895,1039.9332275390625
2024-06-04,1030.9556277913634,1030.9556277913634,897.6940062261106,952.7169189453124,1589154,GESHIP.NS,996.8249773297991,991.5793212890625,1028.1082763671875
2024-06-05,953.7304721424224,1022.2194705529832,937.1270553781842,1016.1380615234376,917879,GESHIP.NS,1003.6924874441964,992.6163330078125,952.7169189453124
2024-06-06,1023.233253968897,1046.014650018317,1012.0838256237064,1032.7415771484375,1031839,GESHIP.NS,1011.9045671735491,994.5570963541667,1016.1380615234376
2024-06-07,1038.6782309779394,1156.0604312832943,1035.6857800879056,1117.6409912109375,5365786,GESHIP.NS,1025.929207938058,997.800850423177,1032.7415771484375
2024-06-10,1129.417723004538,1167.8372790070423,1115.9033229002102,1146.6485595703125,2199178,GESHIP.NS,1047.7039446149554,1001.4303466796875,1117.6409912109375
2024-06-11,1148.724123896377,1155.7226532226366,1120.9230223348134,1132.8929443359375,877183,GESHIP.NS,1060.9839041573662,1004.4755289713542,1146.6485595703125
2024-06-12,1133.2791136478374,1146.7935153438084,1116.7722608578624,1119.185546875,550029,GESHIP.NS,1073.9949428013392,1007.2596476236979,1132.8929443359375
2024-06-13,1119.8612157615526,1156.4466552158442,1117.8340790817592,1147.13134765625,604696,GESHIP.NS,1101.7684326171875,1010.7842163085937,1119.185546875
2024-06-14,1156.4466293313724,1197.9551477464383,1134.292711404799,1173.6292724609375,1727425,GESHIP.NS,1124.2671770368304,1015.9993347167969,1147.13134765625
2024-06-18,1185.3576299455506,1209.828441356084,1173.7256635050398,1184.58544921875,1214053,GESHIP.NS,1145.9591587611608,1022.3423604329427,1173.6292724609375
2024-06-19,1187.6262952582676,1191.7288812572322,1139.0709361830916,1150.5098876953125,704430,GESHIP.NS,1150.6547154017858,1028.6911926269531,1184.58544921875
2024-06-20,1150.6546542517676,1164.5068909936788,1134.2443110283782,1138.298583984375,603345,GESHIP.NS,1149.4618617466517,1035.3096984863282,1150.5098876953125
2024-06-21,1140.036310795873,1160.7905704758996,1117.3997351630808,1127.10107421875,599839,GESHIP.NS,1148.6344517299108,1041.2317199707031,1138.298583984375
2024-06-24,1127.1009898031998,1195.8796359171463,1125.508197589106,1156.9775390625,1347008,GESHIP.NS,1154.0333077566963,1048.936212158203,1127.10107421875
2024-06-25,1163.2039287413882,1175.7530167693037,1142.9323250039863,1148.4345703125,705741,GESHIP.NS,1154.219482421875,1055.6266743977865,1156.9775390625
2024-06-26,1157.0257684616304,1170.926318814472,1147.131296270494,1150.9925537109375,623116,GESHIP.NS,1150.9856654575892,1062.0903177897135,1148.4345703125
2024-06-27,1157.4119411717315,1160.30788431061,1139.2639837002691,1149.64111328125,606814,GESHIP.NS,1145.993617466518,1067.0073994954428,1150.9925537109375
2024-06-28,1155.4812095424106,1211.4694385762116,1153.5505809550382,1182.510009765625,1518337,GESHIP.NS,1150.5650634765625,1073.3321960449218,1149.64111328125
2024-07-01,1187.3367615063994,1190.18439197064,1167.1134711176749,1176.3321533203125,433801,GESHIP.NS,1155.9984305245537,1078.7950500488282,1182.510009765625
2024-07-02,1187.0470302322394,1206.642959021235,1164.2174397165388,1172.6639404296875,540044,GESHIP.NS,1162.5074114118304,1085.2868428548177,1176.3321533203125
2024-07-03,1187.3367340971574,1205.6293951831044,1167.3064599243803,1194.9144287109375,528118,GESHIP.NS,1167.926967075893,1091.752842203776,1172.6639404296875
2024-07-04,1206.4982283702811,1230.5345814756683,1187.4332681944472,1196.3624267578125,1053547,GESHIP.NS,1174.7738037109375,1098.6500162760417,1194.9144287109375
2024-07-05,1205.6776048838908,1249.1167499757844,1197.2311044493558,1223.8255615234375,1297823,GESHIP.NS,1185.1785191127233,1106.483544921875,1196.3624267578125
2024-07-08,1258.142474974581,1399.6575396693004,1258.142474974581,1296.6102294921875,6976979,GESHIP.NS,1206.174107142857,1117.1180887858072,1223.8255615234375
2024-07-09,1351.4401405102583,1378.8550926421408,1323.4460233139744,1340.8699951171875,3287430,GESHIP.NS,1228.7969621930804,1129.5449055989584,1296.6102294921875
2024-07-10,1352.3089682913594,1352.3089682913594,1271.8500365136451,1315.2891845703125,1595374,GESHIP.NS,1248.6479666573662,1140.8793111165364,1340.8699951171875
2024-07-11,1327.3072111016693,1490.1556923401631,1325.8109267473928,1403.6153564453125,18069056,GESHIP.NS,1281.6410260881696,1153.6842061360678,1315.2891845703125
2024-07-12,1423.838715208646,1472.104434368261,1375.5729960490307,1390.2457275390625,4643021,GESHIP.NS,1309.5454973493304,1166.884883626302,1403.6153564453125
2024-07-15,1390.2458358108945,1404.1463875786792,1334.9333880479996,1347.8203125,1653115,GESHIP.NS,1331.182338169643,1177.1477864583333,1390.2457275390625
2024-07-16,1350.81246136787,1363.5063672211,1304.1395413208538,1314.1788330078125,1451815,GESHIP.NS,1344.0899483816963,1186.6834716796875,1347.8203125
2024-07-18,1320.2604618885566,1331.168561777279,1271.5120845355814,1291.5423583984375,1663998,GESHIP.NS,1343.365966796875,1197.9776529947917,1314.1788330078125
2024-07-19,1290.142416658511,1301.3883505542756,1245.0139782157237,1249.792236328125,1443428,GESHIP.NS,1330.3548583984375,1205.7661254882812,1291.5423583984375
2024-07-22,1237.5331032533502,1369.539851981818,1218.3716353232658,1319.1021728515625,4064571,GESHIP.NS,1330.8995710100446,1215.3114786783854,1249.792236328125
2024-07-23,1335.029746178457,1341.786946629107,1216.875246159843,1276.966064453125,2553149,GESHIP.NS,1312.8068150111608,1220.622314453125,1319.1021728515625
2024-07-24,1276.9661024570405,1307.9526704499713,1265.2858220405433,1283.0958251953125,625916,GESHIP.NS,1297.4996861049108,1225.170556640625,1276.966064453125
2024-07-25,1269.388388801868,1305.8290060469403,1257.0806306594925,1296.56201171875,1099979,GESHIP.NS,1290.1770717075892,1230.6261922200522,1283.0958251953125
2024-07-26,1293.5212562161614,1312.6345278828014,1282.1788123650122,1298.4443359375,807777,GESHIP.NS,1287.9292864118304,1236.6014851888021,1296.56201171875
2024-07-29,1305.1049814469131,1356.2666412225688,1305.1049814469131,1325.13525390625,1269693,GESHIP.NS,1292.728271484375,1242.5349487304688,1298.4443359375
2024-07-30,1327.307313208627,1341.0630435455164,1314.7582258837454,1329.2862548828125,688940,GESHIP.NS,1304.0845598493304,1247.723514811198,1325.13525390625
2024-07-31,1335.7536832218923,1362.0584983025044,1315.8199190522766,1339.5184326171875,1111154,GESHIP.NS,1307.0011683872767,1252.8879475911458,1329.2862548828125
2024-08-01,1346.6135897566835,1369.8294482414613,1304.3327718470352,1315.2891845703125,2378377,GESHIP.NS,1312.4758998325892,1258.3805908203126,1339.5184326171875
2024-08-02,1300.3748783512474,1311.8621421625933,1275.2285113757634,1287.101806640625,843618,GESHIP.NS,1313.0481828962054,1263.3406982421875,1315.2891845703125
2024-08-05,1223.101592390127,1266.4441123683978,1208.718385030365,1216.875244140625,1247187,GESHIP.NS,1301.6643589564733,1266.3331705729167,1287.101806640625
2024-08-06,1234.63705253713,1293.5212278340534,1225.949223394961,1247.6204833984375,1871723,GESHIP.NS,1294.40380859375,1269.3546020507813,1216.875244140625
2024-08-07,1272.5740456119838,1326.3420116119794,1250.082172516385,1293.907470703125,1641403,GESHIP.NS,1289.9426967075892,1274.2036987304687,1247.6204833984375
2024-08-08,1285.7987133355534,1317.6540868641368,1279.041512890096,1311.4278564453125,757146,GESHIP.NS,1287.3914969308037,1279.5515421549478,1293.907470703125
2024-08-09,1324.797219174102,1329.2376408850537,1279.7169757568147,1286.57080078125,637918,GESHIP.NS,1279.8275495256696,1284.1158650716145,1311.4278564453125
2024-08-12,1279.041558045609,1319.7295828744566,1275.1803005118866,1299.40966796875,629530,GESHIP.NS,1277.559047154018,1288.012520345052,1286.57080078125
2024-08-13,1301.3047484467731,1362.4802589858627,1293.4816153424988,1330.9935302734375,1419271,GESHIP.NS,1283.8292933872767,1293.167899576823,1299.40966796875
2024-08-14,1336.241171386216,1353.3450346540867,1314.764155193809,1330.0701904296875,626309,GESHIP.NS,1300.0,1298.414774576823,1330.9935302734375
2024-08-16,1341.100341796875,1349.8466483738111,1313.014955840616,1341.100341796875,641052,GESHIP.NS,1313.3542654854912,1303.2876383463542,1330.0701904296875
2024-08-19,1353.1993933070332,1379.97285782432,1345.9594423145656,1348.8748779296875,846946,GESHIP.NS,1321.206752232143,1308.37138671875,1341.100341796875
2024-08-20,1355.6777130635785,1355.6777130635785,1313.112300857567,1318.8946533203125,714413,GESHIP.NS,1322.2734375,1311.5403564453125,1348.8748779296875
2024-08-21,1315.9303364041125,1358.447102710653,1313.1120584544906,1340.6143798828125,755298,GESHIP.NS,1329.9939488002233,1313.0071614583333,1318.8946533203125
2024-08-22,1347.9028852699842,1350.8183204940722,1324.0934976065994,1335.6580810546875,527389,GESHIP.NS,1335.1722935267858,1312.8334309895833,1340.6143798828125
2024-08-23,1339.156731634322,1339.156731634322,1275.0657874668536,1280.3134765625,945269,GESHIP.NS,1327.9322858537946,1311.6675740559897,1335.6580810546875
2024-08-26,1287.6994596352708,1293.918961153009,1236.144788723016,1239.9833984375,855366,GESHIP.NS,1315.062744140625,1306.2131754557292,1280.3134765625
2024-08-27,1245.9600524834475,1286.6789961010418,1245.8628950162656,1272.198974609375,910128,GESHIP.NS,1305.219691685268,1302.2782836914062,1239.9833984375
2024-08-28,1273.5595140092678,1280.3621974110724,1260.2942576498722,1272.004638671875,425315,GESHIP.NS,1294.2382289341517,1299.751094563802,1272.198974609375
2024-08-29,1271.664431278517,1275.891789058619,1255.5808978672446,1264.8131103515625,263646,GESHIP.NS,1286.5122942243304,1298.1055704752605,1272.004638671875
2024-08-30,1268.89472332513,1307.0869776326158,1256.6499173720686,1294.40478515625,665315,GESHIP.NS,1279.910923549107,1298.2009847005208,1264.8131103515625
2024-09-02,1302.0821213220945,1303.2483667535996,1269.1863129698468,1280.6051025390625,345229,GESHIP.NS,1272.0462123325892,1299.2280802408854,1294.40478515625
2024-09-03,1284.5409526035749,1292.606919792389,1269.9637748329003,1279.2445068359375,387557,GESHIP.NS,1271.8935023716517,1297.8994913736979,1280.6051025390625
2024-09-04,1271.227097062393,1303.199731654361,1250.9648430813393,1293.870361328125,539389,GESHIP.NS,1279.5916399274554,1298.4629679361979,1279.2445068359375
2024-09-05,1299.992594880829,1311.3628640963452,1287.0675691435797,1294.501953125,530780,GESHIP.NS,1282.7777797154017,1298.843172200521,1293.870361328125
2024-09-06,1294.4534101057154,1294.4534101057154,1249.7500641110737,1258.25341796875,380959,GESHIP.NS,1280.8133196149554,1297.5662190755208,1294.501953125
2024-09-09,1249.8472440534829,1256.6014078452677,1210.877611113507,1237.7967529296875,506745,GESHIP.NS,1276.9538399832588,1295.5446329752604,1258.25341796875
2024-09-10,1239.302995950866,1262.3835261636343,1225.454677823205,1255.337890625,480811,GESHIP.NS,1271.3728550502233,1293.2180541992188,1237.7967529296875
2024-09-11,1256.552584513835,1296.3482279637458,1238.476909808186,1242.5584716796875,614559,GESHIP.NS,1265.9376220703125,1290.327128092448,1255.337890625
2024-09-12,1250.1873598432276,1252.373936598184,1227.9329624407317,1243.1417236328125,357753,GESHIP.NS,1260.7800816127233,1287.114571126302,1242.5584716796875
2024-09-13,1243.1417525106892,1243.1417525106892,1220.7415590783023,1224.2886962890625,530647,GESHIP.NS,1250.83984375,1284.0812215169271,1243.1417236328125
2024-09-16,1241.246666247354,1241.246666247354,1215.83376303636,1225.0174560546875,338375,GESHIP.NS,1240.9134870256696,1282.0117431640624,1224.2886962890625
2024-09-17,1226.4751681652342,1242.9473312408754,1208.9339171725169,1219.6724853515625,416327,GESHIP.NS,1235.4019252232142,1282.1049845377604,1225.0174560546875
2024-09-18,1222.4906226952437,1224.3857269081914,1194.3567181610188,1200.4305419921875,304849,GESHIP.NS,1230.0638950892858,1280.5319864908854,1219.6724853515625
2024-09-19,1207.9622009373377,1218.603493871959,1149.7021245385731,1172.8311767578125,548691,GESHIP.NS,1218.2772216796875,1276.4961100260416,1200.4305419921875
2024-09-20,1179.3909002756996,1211.7522840567642,1174.4346833024924,1189.2061767578125,789725,GESHIP.NS,1210.6554652622767,1272.4220540364583,1172.8311767578125
2024-09-23,1194.3567889129836,1209.2255579842376,1188.4287602284694,1204.220703125,347271,GESHIP.NS,1205.0953194754463,1269.67705078125,1189.2061767578125
2024-09-24,1204.2206633936803,1210.5859597581807,1181.3344471454357,1187.4569091796875,354710,GESHIP.NS,1199.8336356026787,1265.945292154948,1204.220703125
2024-09-25,1192.8991076218665,1197.952482051689,1168.4580146033709,1173.2685546875,346665,GESHIP.NS,1192.4409354073662,1260.68779296875,1187.4569091796875
2024-09-26,1183.4239271480797,1184.63869200863,1166.1742661282658,1172.102294921875,274925,GESHIP.NS,1185.6451939174108,1255.4221964518229,1173.2685546875
2024-09-27,1177.3500167308082,1194.065132537639,1168.5065529187127,1175.6007080078125,398587,GESHIP.NS,1182.0980747767858,1249.9055419921874,1172.102294921875
2024-09-30,1183.6669879168185,1183.6669879168185,1147.952897764156,1166.6602783203125,574157,GESHIP.NS,1181.216517857143,1243.8317220052083,1175.6007080078125
2024-10-01,1168.1177643373796,1176.3781645011632,1162.529846579526,1167.291748046875,166546,GESHIP.NS,1178.0858851841517,1238.7782918294272,1166.6602783203125
2024-10-03,1142.656427838289,1203.10307783512,1142.2676793699789,1198.2440185546875,767956,GESHIP.NS,1177.2320731026787,1234.0326131184895,1167.291748046875
2024-10-04,1200.187630227637,1219.1379612312312,1185.6104525325643,1198.6812744140625,894861,GESHIP.NS,1178.8355538504463,1229.4667195638021,1198.2440185546875
2024-10-07,1201.11064877076,1209.3225289884508,1144.8913644530448,1168.7493896484375,426923,GESHIP.NS,1178.1899588448662,1225.7479166666667,1198.6812744140625
2024-10-08,1177.3986972404402,1245.862794791053,1158.1081370665784,1236.87353515625,623387,GESHIP.NS,1187.4429931640625,1225.6442545572916,1168.7493896484375
2024-10-09,1247.271894489674,1265.2990520922017,1238.3799108012845,1257.7188720703125,506284,GESHIP.NS,1199.1741594587054,1225.1615844726562,1236.87353515625
2024-10-10,1269.1862576776568,1269.1862576776568,1231.285596077788,1236.67919921875,323321,GESHIP.NS,1209.1768624441963,1223.9840698242188,1257.7188720703125
2024-10-11,1228.7590075649505,1240.2749550178885,1223.75415248288,1235.950439453125,134173,GESHIP.NS,1218.9852469308037,1223.0219807942708,1236.67919921875
2024-10-14,1242.169923414369,1253.005649827741,1226.7667285216971,1241.635498046875,298833,GESHIP.NS,1225.1840297154017,1221.2630045572917,1235.950439453125
2024-10-15,1241.4897276603374,1259.8569966721482,1229.3907167094524,1243.9678955078125,550001,GESHIP.NS,1231.6535470145088,1220.0417643229166,1241.635498046875
2024-10-16,1250.6731948704396,1316.1733363417711,1239.108728925706,1302.9080810546875,1104659,GESHIP.NS,1250.8190743582588,1220.8305501302084,1243.9678955078125
2024-10-17,1317.7768832751992,1326.523190022601,1273.073537677368,1279.876220703125,381190,GESHIP.NS,1256.9623151506696,1220.3640787760417,1302.9080810546875
2024-10-18,1277.9326745262213,1277.9326745262213,1227.9815181230456,1232.30615234375,442406,GESHIP.NS,1253.3319266183037,1218.2908854166667,1279.876220703125
2024-10-21,1234.200975762915,1245.4739688235372,1207.719104432569,1216.6112060546875,262354,GESHIP.NS,1250.4650704520088,1216.902811686198,1232.30615234375
2024-10-22,1209.9543292409105,1213.7929383997944,1181.2372430944356,1196.057373046875,258401,GESHIP.NS,1244.7660609654017,1215.5114990234374,1216.6112060546875
2024-10-23,1178.1275642913229,1200.1876460421277,1130.751736158081,1180.2655029296875,501359,GESHIP.NS,1235.9989188058037,1213.0090861002604,1196.057373046875
2024-10-24,1179.7796002735497,1223.025228125422,1160.4405204970617,1217.388671875,340624,GESHIP.NS,1232.2018868582588,1212.1700927734375,1180.2655029296875
2024-10-25,1208.933919226441,1223.7540496671188,1156.456080288959,1211.752197265625,494684,GESHIP.NS,1219.1796177455358,1211.1237752278646,1217.388671875
2024-10-28,1205.046603765302,1219.6237804237533,1171.5677354914726,1210.634521484375,397622,GESHIP.NS,1209.2879464285713,1210.6686360677083,1211.752197265625
2024-10-29,1213.59864482238,1217.583049547194,1189.497664303053,1204.70654296875,258485,GESHIP.NS,1205.3451450892858,1209.9916056315103,1210.634521484375
2024-10-30,1204.706461057297,1258.447579719091,1195.328453932684,1251.6448974609375,302008,GESHIP.NS,1210.3499581473213,1211.057352701823,1204.70654296875
2024-10-31,1254.5604363798986,1258.4476837057646,1238.1369113316143,1253.05419921875,392643,GESHIP.NS,1218.4923618861608,1212.811474609375,1251.6448974609375
2024-11-01,1259.4682177544596,1264.1814817261982,1235.367235271603,1247.9522705078125,40454,GESHIP.NS,1228.161900111607,1215.3155110677083,1253.05419921875
2024-11-04,1248.680948829087,1270.3522798071235,1224.1427019936475,1256.9898681640625,306863,GESHIP.NS,1233.8192138671875,1217.5749674479166,1247.9522705078125
2024-11-05,1250.2359124701948,1268.651699096417,1242.9473237849818,1257.23291015625,359165,GESHIP.NS,1240.3164585658483,1219.342041015625,1256.9898681640625
2024-11-06,1256.504138892015,1256.504138892015,1219.8668779983866,1222.49072265625,784028,GESHIP.NS,1242.0102015904017,1220.509834798177,1257.23291015625
2024-11-07,1223.1223482111086,1296.9800474540857,1223.1223482111086,1255.192138671875,1479765,GESHIP.NS,1249.2224295479912,1223.2406209309895,1222.49072265625
2024-11-08,1175.8922509995914,1201.1593572194172,1154.561029931139,1169.8670654296875,1386860,GESHIP.NS,1237.5398821149554,1223.16611328125,1255.192138671875
2024-11-11,1176.6699144506815,1188.0887044550077,1143.8712623105978,1147.4669189453125,498104,GESHIP.NS,1222.4559849330358,1222.2283203125,1169.8670654296875
2024-11-12,1160.3919745446633,1167.8748782579528,1083.5702011713065,1093.191162109375,722760,GESHIP.NS,1200.3472551618304,1219.7793497721354,1147.4669189453125
2024-11-13,1093.2883564181132,1105.0472563479343,1051.500445906132,1054.8531494140625,471377,GESHIP.NS,1171.4705810546875,1216.031396484375,1093.191162109375
2024-11-14,1054.9989386599805,1083.5215932189471,1052.083503060167,1080.751953125,454501,GESHIP.NS,1146.2590157645088,1212.1149943033854,1054.8531494140625
2024-11-18,1076.7675482583247,1088.332133197444,1034.979637991982,1037.846435546875,335512,GESHIP.NS,1119.8812604631696,1206.7538330078125,1080.751953125
2024-11-19,1048.1196256062303,1062.5021761954442,1034.3240959612456,1039.6563720703125,359004,GESHIP.NS,1089.0904366629463,1202.450732421875,1037.846435546875
2024-11-21,1039.2651012671035,1056.6808143138906,1017.6423047870428,1051.5931396484375,314130,GESHIP.NS,1072.1941615513392,1196.2747192382812,1039.6563720703125
2024-11-22,1052.1312051021976,1071.3079814088785,1030.2638063193742,1065.0462646484375,301711,GESHIP.NS,1060.4197823660713,1189.8522989908854,1051.5931396484375
2024-11-25,1074.6345449479372,1097.6761041671768,1067.149698871748,1073.94970703125,304556,GESHIP.NS,1057.6710030691963,1184.4279825846354,1065.0462646484375
2024-11-26,1077.4229208387453,1095.230019405367,1076.2488789264753,1087.598388671875,238199,GESHIP.NS,1062.3488943917412,1179.4829142252604,1073.94970703125
2024-11-27,1093.860372651576,1093.860372651576,1066.9541470273198,1083.1468505859375,214513,GESHIP.NS,1062.6910226004463,1174.1999593098958,1087.598388671875
2024-11-28,1078.10794044177,1109.0745815888388,1075.2705329828325,1079.281982421875,338980,GESHIP.NS,1068.610386439732,1168.710428873698,1083.1468505859375
2024-11-29,1085.9352077597305,1089.9466572072383,1067.443270209243,1077.08056640625,194667,GESHIP.NS,1073.9566999162946,1161.1828450520834,1079.281982421875
2024-12-02,1072.4821578854585,1076.9338434747992,1044.9399435391513,1053.4031982421875,673213,GESHIP.NS,1074.2152797154017,1153.6337443033854,1077.08056640625
2024-12-03,1056.680771909826,1100.1221164197025,1055.4087935772116,1085.88623046875,660773,GESHIP.NS,1077.192417689732,1148.7530802408853,1053.4031982421875
2024-12-04,1094.8386865848454,1095.523524495202,1057.9527482244089,1061.426025390625,624721,GESHIP.NS,1075.4033203125,1143.5802408854167,1085.88623046875
2024-12-05,1071.259214223414,1072.335439408893,1049.3918137756727,1053.550048828125,343292,GESHIP.NS,1070.539271763393,1138.8299967447917,1061.426025390625
2024-12-06,1062.4044912898007,1088.5280611825567,1058.246256552497,1077.2763671875,620563,GESHIP.NS,1069.7006312779017,1135.3970255533854,1053.550048828125
2024-12-09,1078.254741542744,1100.513526791365,1070.9655292181574,1083.635986328125,483522,GESHIP.NS,1070.3226318359375,1130.938602701823,1077.2763671875
2024-12-10,1084.7122180775923,1089.7998926776277,1052.522566094456,1055.702392578125,694200,GESHIP.NS,1067.2686070033483,1125.736942545573,1083.635986328125
2024-12-11,1062.5022856916523,1069.4001109422886,1057.708181290909,1060.3988037109375,313092,GESHIP.NS,1068.2679792131696,1120.7290852864583,1055.702392578125
2024-12-12,1060.3988368083913,1064.0188993126756,1044.939939738793,1060.9368896484375,389355,GESHIP.NS,1064.7037876674108,1115.9367635091146,1060.3988037109375
2024-12-13,1059.6159242452911,1062.453331493528,1045.0376203295164,1049.68505859375,274738,GESHIP.NS,1063.0265066964287,1109.2047688802083,1060.9368896484375
2024-12-16,1049.7342673281653,1055.8981678304,1038.824991121019,1047.1904296875,367601,GESHIP.NS,1062.1179896763392,1102.3426432291667,1049.68505859375
2024-12-17,1044.9399699537123,1049.5384407742397,1025.90997801257,1027.6221923828125,388793,GESHIP.NS,1055.0245361328125,1094.9983072916666,1047.1904296875
2024-12-18,1032.2206097279466,1035.547221361855,994.0626914536432,1007.3690185546876,535394,GESHIP.NS,1044.1292550223213,1086.6776123046875,1027.6221923828125
2024-12-19,989.1707049603564,1005.3144405012524,986.0397867301776,1002.5260009765624,240688,GESHIP.NS,1036.5326276506696,1078.187381998698,1007.3690185546876
2024-12-20,1007.7604367937108,1007.7604367937108,951.0127617121232,971.8528442382812,336438,GESHIP.NS,1023.8832048688616,1069.8327860514323,1002.5260009765624
2024-12-23,972.586702981661,974.7881215306088,924.9871777425705,930.1727294921876,783997,GESHIP.NS,1005.2026105608259,1058.9988057454427,971.8528442382812
2024-12-24,934.4287426724206,992.5462138387315,934.4287426724206,948.6156616210938,2298696,GESHIP.NS,990.7641252790179,1051.623758951823,930.1727294921876
2024-12-26,953.6055299503466,957.8126730636494,937.8042143967544,943.7235717773438,297451,GESHIP.NS,975.9831455775669,1044.832314046224,948.6156616210938
2024-12-27,945.5336972074864,966.6672901911434,938.5869632390952,961.8241577148438,345329,GESHIP.NS,966.5834263392857,1040.4534138997396,943.7235717773438
2024-12-30,964.025521518558,964.1723066254278,920.682053169347,926.2100830078124,464400,GESHIP.NS,954.9892926897321,1036.1653116861978,961.8241577148438
2024-12-31,926.2101565825516,946.512126955376,922.7367596605912,941.2286987304688,433442,GESHIP.NS,946.2325352260044,1031.5145365397136,926.2100830078124
2025-01-01,942.2070702993224,952.6271412253764,940.8862431531109,949.0070190429688,119604,GESHIP.NS,942.9688459123884,1028.55322265625,941.2286987304688
2025-01-02,953.9968746616496,971.265802757152,946.022883902794,957.323486328125,272210,GESHIP.NS,946.8475254603794,1025.8087931315104,949.0070190429688
2025-01-03,959.8184154227353,970.7765988776466,957.3234865309976,963.4385375976562,271963,GESHIP.NS,948.9650791713169,1022.8703063964844,957.323486328125
2025-01-06,965.6888533842292,965.6888533842292,921.7093946731704,924.8892211914062,324423,GESHIP.NS,946.2744576590402,1018.1984049479166,963.4385375976562
2025-01-07,929.3899240139232,961.286005763536,929.3899240139232,959.5737915039062,446255,GESHIP.NS,945.9529767717634,1014.3858744303385,924.8892211914062
2025-01-08,963.732042437474,963.732042437474,936.336613819962,943.3811645507812,458546,GESHIP.NS,948.405988420759,1009.5786336263021,959.5737915039062
2025-01-09,934.8200465623072,951.0126889418818,929.487710385584,931.738037109375,258418,GESHIP.NS,947.0501796177456,1004.5316731770833,943.3811645507812
2025-01-10,927.5309029819206,938.3912092881462,911.1914753424726,917.6000366210938,317549,GESHIP.NS,942.5634678431919,999.142274983724,931.738037109375
2025-01-13,917.600083644406,917.600083644406,872.740092677871,877.338623046875,481155,GESHIP.NS,931.1370588030134,992.4842102050782,917.6000366210938
2025-01-14,880.5673472680202,917.2576534041876,880.5673472680202,912.805908203125,317006,GESHIP.NS,923.903826032366,987.7976338704427,877.338623046875
2025-01-15,912.8059498064708,918.7253075227692,890.840673588372,893.7269897460938,376968,GESHIP.NS,919.4520786830357,981.3923258463542,912.805908203125
2025-01-16,910.0664142351258,983.3002443691316,909.919629117704,966.9608154296876,1632251,GESHIP.NS,920.5073678152902,978.243485514323,893.7269897460938
2025-01-17,957.8126340762676,957.8126340762676,927.5308910382586,931.59130859375,582939,GESHIP.NS,918.8231026785714,974.1781941731771,966.9608154296876
2025-01-20,940.3969856072132,945.5825366842172,929.4388027525888,938.6358032226562,196622,GESHIP.NS,919.8084978376116,969.5568420410157,931.59130859375
2025-01-21,947.2947791648204,947.2947791648204,908.2562702416164,928.2158203125,520019,GESHIP.NS,921.3250383649554,964.3761698404948,938.6358032226562
2025-01-22,931.00430861051,931.00430861051,905.9081741690064,926.9928588867188,453256,GESHIP.NS,928.4185006277902,960.0858520507812,928.2158203125
2025-01-23,926.6014483035458,948.0775196445254,915.4476309616348,944.4573974609376,261328,GESHIP.NS,932.9401419503348,956.2211385091146,926.9928588867188
2025-01-24,944.163913042064,947.6861586753018,914.9094839738416,917.8936767578124,235455,GESHIP.NS,936.3925258091518,951.4530314127604,944.4573974609376
2025-01-27,917.8936045416264,917.8936045416264,881.4968104200992,892.3571166992188,201968,GESHIP.NS,925.7348545619419,946.2087666829427,917.8936767578124
2025-01-28,888.8838203655287,907.424667087113,861.0970045156155,889.2752075195312,703302,GESHIP.NS,919.689697265625,940.9449259440104,892.3571166992188
2025-01-29,899.1570784395974,917.8446499805324,883.5514567016755,911.142578125,286108,GESHIP.NS,915.7620936802456,937.0622721354167,889.2752075195312
2025-01-30,917.4532966473656,935.4070615781056,908.3541131682514,927.6776733398438,244615,GESHIP.NS,915.6852155412946,934.4058939615885,911.142578125
2025-01-31,934.379765270202,968.6240498612568,925.6230005527452,962.7536010742188,443630,GESHIP.NS,920.7938929966518,933.080147298177,927.6776733398438
2025-02-01,965.688817191084,985.5993986028888,953.9479197176362,978.45703125,572934,GESHIP.NS,925.6509835379464,933.3002868652344,962.7536010742188
2025-02-03,974.4128141011269,974.4128141011269,925.24091938629,941.8616943359376,556864,GESHIP.NS,929.0749860491071,933.6899190266927,978.45703125
2025-02-04,942.9961332694536,956.8057000746549,917.8429937314086,925.6355590820312,393866,GESHIP.NS,933.8290492466518,932.923915608724,941.8616943359376
2025-02-05,928.249481825094,933.3787615650378,910.8395997006324,911.8753051757812,635829,GESHIP.NS,937.057634626116,931.8623067220052,925.6355590820312
2025-02-06,919.3225161510504,919.3225161510504,882.8258068188735,886.2781982421875,950815,GESHIP.NS,933.5055803571429,929.3441080729167,911.8753051757812
2025-02-07,889.7306464452695,916.3633819818796,889.7306464452695,900.72900390625,752632,GESHIP.NS,929.6557704380581,928.4947387695313,886.2781982421875
2025-02-10,901.6167430282608,904.5266280821616,886.7714707152272,900.482421875,433184,GESHIP.NS,920.7598876953125,927.1365295410156,900.72900390625
2025-02-11,892.7883932602109,899.5945603978237,866.3036432778384,872.4686279296875,479692,GESHIP.NS,905.6186872209821,924.5852498372395,900.482421875
2025-02-12,870.4958528901001,883.3190212612857,841.2985089884493,880.85302734375,568347,GESHIP.NS,896.9031633649554,922.0362345377604,872.4686279296875
2025-02-13,886.7714273418622,903.5401862571144,885.7850297586122,899.5452880859375,426907,GESHIP.NS,893.1759817940848,919.9064595540365,880.85302734375
2025-02-14,899.5452850896194,906.4993759873832,870.4958643186785,890.2238159179688,729480,GESHIP.NS,890.0829119001116,918.7509460449219,899.5452880859375
2025-02-17,872.024794514797,894.6626316906235,868.8190022843731,890.371826171875,269475,GESHIP.NS,890.6677158900669,916.4442138671875,890.2238159179688
2025-02-18,897.0793683310812,897.4738912740565,876.7102324701302,882.3820190429688,289411,GESHIP.NS,888.0467180524554,914.4109090169271,890.371826171875
2025-02-19,873.8990163337694,896.2408871437408,869.4602268768954,890.273193359375,192742,GESHIP.NS,886.5882568359375,913.0287475585938,882.3820190429688
2025-02-20,888.7442312020896,910.3956704072112,878.7816395957811,899.2493896484375,253634,GESHIP.NS,890.414079938616,912.4170593261719,890.273193359375
2025-02-21,902.504496063101,910.9874913402084,888.0044393036874,892.7391357421875,515188,GESHIP.NS,892.1120954241071,912.930409749349,899.2493896484375
2025-02-24,877.9431596467239,882.5792403433275,870.1506548379,879.5707397460938,308873,GESHIP.NS,889.2585885184152,911.8225708007812,892.7391357421875
2025-02-25,880.5571520622929,885.3904641930634,868.5230892671226,871.0383911132812,209243,GESHIP.NS,886.5178135463169,911.0662841796875,879.5707397460938
2025-02-27,870.1012977430466,871.3342947414383,820.682802129482,826.5518798828125,541818,GESHIP.NS,877.4006783621652,906.385986328125,871.0383911132812
2025-02-28,824.529777948505,824.529777948505,794.0500680255516,799.6725463867188,442983,GESHIP.NS,865.5850394112723,901.9886942545573,826.5518798828125
2025-03-03,802.9276496898487,814.7644209383477,789.4139904734926,810.72021484375,358780,GESHIP.NS,854.2203281947544,897.7248413085938,799.6725463867188
2025-03-04,810.7202322187953,816.7372336504303,786.6521060823892,810.4736328125,653156,GESHIP.NS,841.5380772181919,893.8001017252604,810.72021484375
2025-03-05,801.0041434785824,837.4515461315358,799.5738549453811,835.774658203125,311893,GESHIP.NS,833.4002947126116,890.7594950358073,810.4736328125
2025-03-06,838.5365752297581,863.0978995386007,838.5365752297581,860.6812133789062,294216,GESHIP.NS,830.7017909458706,887.9669555664062,835.774658203125
2025-03-07,865.5145950601104,897.6218252292471,862.111511264134,894.16943359375,404534,GESHIP.NS,834.0062255859375,887.1761474609375,860.6812133789062
2025-03-10,897.3751778611387,897.3751778611387,871.0876588739741,880.8037109375,529189,GESHIP.NS,841.7564871651786,886.7910339355469,894.16943359375
2025-03-11,868.0299053714037,894.66264110439,862.1115196529623,892.8378295898438,392890,GESHIP.NS,855.0658133370536,886.9097880045573,880.8037109375
2025-03-12,892.1966182205094,896.0435928951407,878.9295586227893,883.713623046875,379818,GESHIP.NS,865.4934430803571,885.9954895019531,892.8378295898438
2025-03-13,879.8666740689911,890.2238490440184,877.1047727833036,884.8972778320312,216894,GESHIP.NS,876.1253923688616,884.5694763183594,883.713623046875
2025-03-17,884.8972421214874,890.026521562159,876.9074458308722,880.55712890625,227336,GESHIP.NS,882.5228881835938,881.8295939127604,884.8972778320312
2025-03-18,880.55712890625,880.55712890625,880.55712890625,880.55712890625,0,GESHIP.NS,885.3623046875,878.5662638346354,880.55712890625
2025-03-19,889.2867428283258,924.1559340559712,881.8394530011259,917.5470581054688,852151,GESHIP.NS,888.7019653320312,877.7557759602864,880.55712890625
2025-03-20,926.1287355519896,942.0097129128408,921.0487638035236,939.9876098632812,628499,GESHIP.NS,897.1568080357143,878.2341776529948,917.5470581054688
2025-03-21,939.987633181764,942.0097362814864,918.0895937633438,929.4331665039062,386895,GESHIP.NS,902.3847133091518,878.8194396972656,939.9876098632812
2025-03-24,936.9790722511948,949.9008562869373,929.7290140163898,932.540283203125,276972,GESHIP.NS,909.3599504743304,880.3615091959635,929.4331665039062
2025-03-25,945.9552767413315,947.2375815509856,908.0775856866096,912.269775390625,374587,GESHIP.NS,913.2703072684152,880.7462015787761,932.540283203125
2025-03-26,917.2511639048804,923.120181535048,897.6218273350314,903.1456298828124,258692,GESHIP.NS,916.4972359793527,880.8349751790364,912.269775390625
2025-03-27,910.4449801610034,916.2647500533224,901.3701102462564,907.5350952148438,365824,GESHIP.NS,920.3512311662946,882.003857421875,903.1456298828124
2025-03-28,907.6337834603175,940.0369208146092,907.6337834603175,918.9773559570312,652583,GESHIP.NS,920.5555594308036,883.274668375651,907.5350952148438
2025-04-01,913.4041827708248,927.805563730379,907.4857971373206,910.6915893554688,235887,GESHIP.NS,916.3704136439732,883.6462117513021,918.9773559570312
2025-04-02,903.5894897935204,920.7528317423344,903.5894897935204,915.72216796875,114895,GESHIP.NS,914.4116995675223,884.4961568196615,910.6915893554688
2025-04-03,917.3497590346834,926.2273373479222,907.3871674540212,923.3667602539062,220545,GESHIP.NS,913.1011962890625,885.5959879557291,915.72216796875
2025-04-04,920.802186709416,926.32598935007,892.6898542817584,894.26806640625,315834,GESHIP.NS,910.529523577009,885.9921895345052,923.3667602539062
2025-04-07,791.3867825638669,865.5638941365557,791.3374747248454,861.0264892578125,315363,GESHIP.NS,904.5125034877232,885.0172993977865,894.26806640625
2025-04-08,873.8989807120056,882.0367610512301,849.2883481299706,852.83935546875,288716,GESHIP.NS,896.6988263811384,883.4702982584636,861.0264892578125
2025-04-09,852.2474792495372,861.1250571583865,838.9311123862632,848.6964721679688,325111,GESHIP.NS,886.6587001255581,882.0022094726562,852.83935546875
2025-04-11,876.3156849340271,876.9074994343489,848.7458589344463,851.2118530273438,392630,GESHIP.NS,878.1615949358259,881.0569132486979,848.6964721679688
2025-04-15,858.165947943758,872.961912563478,849.5842764233337,868.1285400390625,560430,GESHIP.NS,871.3625052315848,880.9599182128907,851.2118530273438
2025-04-16,869.9040288514218,892.6897883165352,865.1199645811326,877.351318359375,372778,GESHIP.NS,864.7888706752232,882.653232828776,868.1285400390625
2025-04-17,877.893874306917,877.893874306917,852.247536405816,866.25439453125,430331,GESHIP.NS,860.7869175502232,884.872627766927,877.351318359375
2025-04-21,871.9261792942126,899.3973286473914,866.2050851978963,894.5146484375,340834,GESHIP.NS,865.5709402901786,887.6657755533854,866.25439453125
2025-04-22,898.2136411255178,921.492660884428,895.1065247716448,899.3480224609375,401432,GESHIP.NS,872.2150355747768,890.6282552083334,894.5146484375
2025-04-23,907.3871730530556,920.3089574845314,897.9177200042109,911.677978515625,377355,GESHIP.NS,881.2123936244419,893.1583658854166,899.3480224609375
2025-04-24,907.7324207631078,927.213773993286,901.5674355636844,904.625244140625,338959,GESHIP.NS,888.8428780691964,894.6231669108073,911.677978515625
2025-04-25,908.7680645765472,909.5078627502836,861.371673620168,874.6387329101562,377392,GESHIP.NS,889.7729056222098,893.9721435546875,904.625244140625
2025-04-28,864.0842986760236,897.523201439637,863.0979010747953,895.8463134765625,260515,GESHIP.NS,892.4150477818081,894.473563639323,874.6387329101562
2025-04-29,903.4415583256622,904.3785878530946,882.8258250334128,888.4483032226562,288215,GESHIP.NS,895.5856061662946,894.32724609375,895.8463134765625
2025-04-30,884.798637015948,890.7170225478272,853.2339141792587,858.2152099609375,259261,GESHIP.NS,890.3999720982143,893.4772989908854,888.4483032226562
2025-05-02,866.0571101692261,870.9890982681397,853.8257556019473,861.1251220703125,125931,GESHIP.NS,884.9395577566964,892.6848937988282,858.2152099609375
2025-05-05,871.9754602997057,922.281736855458,866.2050585414593,918.1388549804688,1072831,GESHIP.NS,885.8625401088169,893.9376180013021,861.1251220703125
2025-05-06,914.3905789386896,914.3905789386896,872.172773527059,875.5264892578125,464916,GESHIP.NS,881.7055751255581,893.7699300130208,918.1388549804688
2025-05-07,856.3904079031727,873.8002894109067,855.1574109038319,860.6812133789062,337423,GESHIP.NS,879.7116437639509,891.8744018554687,875.5264892578125
2025-05-08,871.3836697119233,875.181276415184,848.301941636583,852.0995483398438,183097,GESHIP.NS,873.4621058872768,888.9447998046875,860.6812133789062
2025-05-09,835.0842181678232,868.029923434705,833.5060060253701,863.6404418945312,322198,GESHIP.NS,869.9181256975446,886.751708984375,852.0995483398438
2025-05-12,851.3104468393514,905.5130076497888,851.3104468393514,900.3837280273438,1382304,GESHIP.NS,875.9421997070312,885.6798238118489,863.6404418945312
2025-05-13,897.6217869296771,907.0418716636124,879.965246379528,883.2697143554688,464822,GESHIP.NS,879.105712890625,884.7131551106771,900.3837280273438
2025-05-14,890.3224542487253,920.2103498461078,883.3190553347442,908.9653930664062,858838,GESHIP.NS,877.7952183314732,884.9071472167968,883.2697143554688
2025-05-15,910.8506260230972,916.5062465972952,896.5627488419461,902.317626953125,487835,GESHIP.NS,881.6225237165179,884.733231608073,908.9653930664062
2025-05-16,905.8895290965932,976.3365790044334,898.4479393175959,965.1741943359376,2716597,GESHIP.NS,896.5500924246652,886.2731262207031,902.317626953125
2025-05-19,977.3288366424772,984.4231767872094,952.0274302116314,954.9544677734376,1079700,GESHIP.NS,911.24365234375,887.7485555013021,965.1741943359376
2025-05-20,957.4845855546204,961.899941092198,908.0228412916056,910.4041137695312,651874,GESHIP.NS,917.9241768973214,887.5712870279948,954.9544677734376
2025-05-21,913.8272222427796,921.6160619652236,900.9284666628056,903.4089965820312,499766,GESHIP.NS,918.3563581194196,886.9060282389323,910.4041137695312
2025-05-22,904.5997165955037,914.819488355626,897.6046339212334,904.6989135742188,750972,GESHIP.NS,921.4176722935268,887.2537231445312,903.4089965820312
2025-05-23,908.5189286127784,928.214312298118,900.9780811882042,916.1093139648438,359618,GESHIP.NS,922.438232421875,889.0898173014323,904.6989135742188
2025-05-26,920.6239022486876,935.5567416578087,917.0023646969606,924.5431518554688,343073,GESHIP.NS,925.6133074079241,891.4799438476563,916.1093139648438
2025-05-27,924.7416060980544,928.2143481810406,915.315591872806,927.023681640625,393783,GESHIP.NS,920.1632341657366,894.0908508300781,924.5431518554688
2025-05-28,930.1491473461878,939.6247597917873,923.2532618651088,934.0187377929688,375015,GESHIP.NS,917.1724155970982,896.8510803222656,927.023681640625
2025-05-29,934.9117646091216,949.546891728235,926.031455024883,929.6034545898438,357471,GESHIP.NS,919.9151785714286,898.900244140625,934.0187377929688
2025-05-30,932.0839627252998,935.6559016465789,917.44883594981,923.5509033203124,621893,GESHIP.NS,922.7925938197544,900.4402303059895,929.6034545898438
2025-06-02,920.723119359499,972.3677408293396,919.3835968500196,964.2811889648438,1694698,GESHIP.NS,931.3043474469866,903.7077901204427,923.5509033203124
2025-06-03,964.3308537720916,976.3365945831828,955.5497413568728,968.9942016601562,569620,GESHIP.NS,938.8593314034598,906.1904418945312,964.2811889648438
2025-06-04,972.3677844799028,999.8024711945122,959.0721191212511,982.7860107421876,1408163,GESHIP.NS,947.1797398158482,908.9717081705729,968.9942016601562
2025-06-05,987.250915222168,1001.1418828735352,978.3210074462892,992.2119750976562,1549857,GESHIP.NS,956.4923531668527,911.6561747233073,982.7860107421876
2025-06-06,997.0738713908312,1014.6856345386194,975.4932602097382,977.5272827148438,834835,GESHIP.NS,962.7078595842634,914.0862426757812,992.2119750976562
2025-06-09,994.0971939939564,994.841352969231,976.4357725329252,979.6604614257812,263250,GESHIP.NS,969.8588605608259,917.5869669596354,977.5272827148438
2025-06-10,984.4231699527336,985.961086456282,967.4067097571811,974.0049438476562,393358,GESHIP.NS,977.0665806361607,920.1922546386719,979.6604614257812
2025-06-11,981.2976405527498,982.2898525249972,954.7063718084802,959.1713256835938,386141,GESHIP.NS,976.3366001674107,922.5496887207031,974.0049438476562
2025-06-12,959.1713299517564,972.8638431177384,953.8133610538526,967.4066772460938,625573,GESHIP.NS,976.1098109654018,926.189404296875,959.1713256835938
2025-06-13,948.55469726421,1040.8304157219209,934.0684259023022,981.7442016601562,8071077,GESHIP.NS,975.9609810965402,930.2100402832032,967.4066772460938
2025-06-16,993.4522484545836,1017.0172830621208,983.5301286198312,997.3218994140624,1809934,GESHIP.NS,976.6909702845982,932.8494750976563,981.7442016601562
2025-06-17,997.2226634644788,998.3141330058144,961.304576773274,970.7305908203124,922554,GESHIP.NS,975.7200142996652,936.0229451497396,997.3218994140624
2025-06-18,970.3833609003934,984.0758747397856,949.149999331612,955.103271484375,1134110,GESHIP.NS,972.2118443080357,939.1703470865885,970.7305908203124
2025-06-19,953.5157182121384,961.4534140973592,936.7473114306844,948.7531127929688,836521,GESHIP.NS,968.6044398716518,942.3921325683593,955.103271484375
2025-06-20,948.7531447682989,965.4222945770912,928.4127983769006,955.351318359375,687262,GESHIP.NS,968.0587245396206,945.4491617838542,948.7531127929688
2025-06-23,962.4456506029842,989.7314809035844,955.5497650150512,986.804443359375,1179307,GESHIP.NS,970.829833984375,948.3298522949219,955.351318359375
2025-06-24,975.3444053753354,979.1147988996148,957.4845892036608,965.1246337890624,720133,GESHIP.NS,968.4556100027902,951.058349609375,986.804443359375
2025-06-25,974.2529998920692,997.0738761934922,968.4485232795136,978.321044921875,646794,GESHIP.NS,965.7412022181919,953.370204671224,965.1246337890624
2025-06-26,978.2714353712286,985.6634268972404,965.4718763229764,980.255859375,459717,GESHIP.NS,967.1019548688616,955.9681457519531,978.321044921875
2025-06-27,976.3365776149644,984.224674881438,964.4796324720072,966.2160034179688,643043,GESHIP.NS,968.6894880022321,956.0028727213542,980.255859375
2025-06-30,968.2004501053508,989.929916963586,968.0019955949012,971.2266845703124,339031,GESHIP.NS,971.8999982561384,956.5452799479167,966.2160034179688
2025-07-01,977.2792275790864,983.2820981043905,967.9028120089132,972.1693115234376,514425,GESHIP.NS,974.3025687081473,958.6041198730469,971.2266845703124
2025-07-02,973.7071975381598,995.684717010498,964.9261457824708,992.2119750976562,579955,GESHIP.NS,975.0750732421875,961.564219156901,972.1693115234376
2025-07-03,997.1730731046677,1022.871388466316,989.0865209744696,992.1624145507812,1095996,GESHIP.NS,978.9376133510044,964.4796691894531,992.2119750976562
2025-07-04,999.2566420322956,1031.8507807380868,997.3714756416545,1024.9549560546875,1270480,GESHIP.NS,985.5996006556919,968.1078572591146,992.1624145507812
2025-07-07,1030.908277846105,1036.4646408752474,1012.0562496660508,1015.5289916992188,739643,GESHIP.NS,990.6386195591518,971.1407185872396,1024.9549560546875
2025-07-08,1015.5785567044232,1029.3207289184868,1002.6302025196206,1007.4920654296876,643815,GESHIP.NS,996.5351998465402,973.822998046875,1015.5289916992188
2025-07-09,1004.1185531208222,1025.947217319101,997.1730690577336,1020.4900512695312,431169,GESHIP.NS,1003.5728236607143,976.7053751627604,1007.4920654296876
2025-07-10,1019.8450851632052,1019.8450851632052,994.196429056677,998.413330078125,434972,GESHIP.NS,1007.3219691685268,978.9990376790364,1020.4900512695312
2025-07-11,996.9745933252852,1013.941454654184,982.5875195008026,984.2742919921876,280759,GESHIP.NS,1006.1880144391741,981.0231506347657,998.413330078125
2025-07-14,984.2743087329789,994.1964287806902,974.947491664204,987.052490234375,200343,GESHIP.NS,1005.458025251116,981.7821940104167,984.2742919921876
2025-07-15,987.2013372208884,1000.794653673765,978.5194822586255,980.50390625,341729,GESHIP.NS,999.1078752790179,982.1658508300782,987.052490234375
2025-07-16,978.3706091364306,987.9950774383526,974.5010187567678,982.686767578125,220737,GESHIP.NS,994.4161289760044,982.1625427246094,980.50390625
2025-07-17,986.1595152932216,990.922120705288,977.924107376737,987.3997802734376,278937,GESHIP.NS,991.5458025251116,982.0021362304688,982.686767578125
2025-07-18,987.2509253449416,990.2275613007556,975.344381521686,983.8773803710938,224342,GESHIP.NS,986.3154209681919,982.2138061523438,987.3997802734376
2025-07-21,987.2509184545928,987.2509184545928,973.4591477316536,982.686767578125,172998,GESHIP.NS,984.0687691824777,982.3146830240886,983.8773803710938
2025-07-22,986.2587126196278,994.642916000842,980.4046376869944,982.438720703125,168656,GESHIP.NS,983.8065447126116,982.5958089192708,982.686767578125
2025-07-23,983.4309449484708,987.2509369125988,976.5846579459552,981.942626953125,166189,GESHIP.NS,983.0765642438616,983.3548522949219,982.438720703125
2025-07-24,983.8773704312572,987.1517183974236,963.9339339527126,968.448486328125,286450,GESHIP.NS,981.3543613978794,983.389579264323,981.942626953125
2025-07-25,968.398893581108,968.64694657639,940.2697081400491,954.3590698242188,351498,GESHIP.NS,977.3075474330357,982.4767415364583,968.448486328125
2025-07-28,949.596455192364,958.774415928548,923.1540424883264,926.5275268554688,189017,GESHIP.NS,968.6115112304688,980.1169291178386,954.3590698242188
2025-07-29,926.7755823334338,953.4165101749786,910.8505922604506,950.6879272460938,331991,GESHIP.NS,963.8701607840402,979.4488403320313,926.5275268554688
2025-07-30,950.489489277209,952.9204207681112,935.6559078937598,939.624755859375,145547,GESHIP.NS,957.7184448242188,978.9328898111979,950.6879272460938
2025-07-31,931.6870631057652,940.6169710588556,917.5480421800388,932.580078125,123090,GESHIP.NS,950.5957815987723,978.393788655599,939.624755859375
2025-08-01,920.7727354889696,937.4914834557648,905.988752473249,922.0130004882812,293566,GESHIP.NS,942.034406389509,977.2825113932291,932.580078125
2025-08-04,929.7522111321404,929.8018096185048,914.5713801560768,923.2532348632812,166932,GESHIP.NS,935.5779418945312,975.1641377766927,922.0130004882812
2025-08-05,922.8067522437436,929.4049862230216,914.174495790192,917.2999877929688,135062,GESHIP.NS,930.2837873186384,973.5699829101562,923.2532348632812
2025-08-06,922.0,934.0,914.7000122070312,932.0499877929688,227414,GESHIP.NS,931.0727103097098,972.0276143391927,917.2999877929688
2025-08-07,921.0,944.3499755859376,921.0,939.9500122070312,155562,GESHIP.NS,929.5387224469866,970.6840861002604,932.0499877929688
2025-08-08,943.9000244140624,943.9000244140624,925.0,930.8499755859376,91961,GESHIP.NS,928.2851824079241,969.5052185058594,939.9500122070312
2025-08-11,929.2000122070312,950.5,925.2999877929688,946.8499755859376,188667,GESHIP.NS,930.3237391880582,968.6926615397135,930.8499755859376
2025-08-12,949.9500122070312,977.5,946.8499755859376,973.9500122070312,280009,GESHIP.NS,937.7433122907368,968.7520182291667,946.8499755859376
2025-08-13,972.0,973.9000244140624,952.2000122070312,958.8499755859376,145796,GESHIP.NS,942.828560965402,967.639951578776,973.9500122070312
2025-08-14,953.7999877929688,975.0,944.8499755859376,970.7999877929688,166971,GESHIP.NS,950.4714181082591,966.9278706868489,958.8499755859376
2025-08-18,977.2999877929688,982.0499877929688,959.0499877929688,974.0499877929688,206604,GESHIP.NS,956.4714181082591,965.2310384114584,970.7999877929688
2025-08-19,974.9500122070312,985.0,968.0999755859376,982.5,129066,GESHIP.NS,962.5499877929689,964.1300720214844,974.0499877929688
2025-08-20,987.25,988.0,977.5,982.2999877929688,110471,GESHIP.NS,969.8999895368304,963.2903361002604,982.5
2025-08-21,982.9000244140624,989.0,974.4000244140624,980.1500244140624,136212,GESHIP.NS,974.6571393694196,961.9456685384115,982.2999877929688
2025-08-22,984.9000244140624,984.9000244140624,964.5,967.8499755859376,80671,GESHIP.NS,973.7857055664062,960.9268900553385,980.1500244140624
2025-08-25,967.8499755859376,969.2999877929688,950.0,954.5,64003,GESHIP.NS,973.1642804827009,959.934413655599,967.8499755859376
2025-08-26,955.9500122070312,957.0,939.0,947.4000244140624,140890,GESHIP.NS,969.8214285714286,958.6126647949219,954.5
2025-08-27,947.4000244140624,947.4000244140624,947.4000244140624,947.4000244140624,0,GESHIP.NS,966.0142909458706,957.5092020670573,947.4000244140624
2025-08-28,940.0499877929688,944.0,925.2999877929688,934.7000122070312,170223,GESHIP.NS,959.1857212611607,955.9096435546875,947.4000244140624
2025-08-29,934.9000244140624,944.0499877929688,925.0,927.3499755859376,88298,GESHIP.NS,951.3357195172991,953.9079833984375,934.7000122070312
2025-09-01,924.9000244140624,961.3499755859376,922.5,956.4000244140624,130864,GESHIP.NS,947.9428623744419,952.9920715332031,927.3499755859376
2025-09-02,960.5,974.2000122070312,948.6500244140624,960.5999755859376,100178,GESHIP.NS,946.9071480887277,952.2558451334636,956.4000244140624
2025-09-03,955.0,971.0,953.0,958.7999877929688,106256,GESHIP.NS,947.5214320591518,951.4678873697917,960.5999755859376
2025-09-04,965.0,975.0,956.7999877929688,971.0,192956,GESHIP.NS,950.8928571428571,951.1031331380208,958.7999877929688
2025-09-05,973.0,974.0,961.5,971.1500244140624,102043,GESHIP.NS,954.2857142857143,951.193184407552,971.0
2025-09-08,971.5,973.5999755859376,948.4000244140624,951.9000244140624,144478,GESHIP.NS,956.7428588867186,951.1112162272135,971.1500244140624
2025-09-09,955.0,996.0,952.0,975.1500244140624,629071,GESHIP.NS,963.5714372907365,952.7319661458333,951.9000244140624
2025-09-10,984.9000244140624,994.0,977.0499877929688,987.75,122247,GESHIP.NS,968.0500052315848,953.9673685709636,975.1500244140624
2025-09-11,989.2999877929688,998.4000244140624,985.5499877929688,986.5499877929688,185012,GESHIP.NS,971.7571498325891,955.53154296875,987.75
2025-09-12,988.0999755859376,996.0,983.5,992.0,144971,GESHIP.NS,976.5000087193079,957.51220703125,986.5499877929688
2025-09-15,995.7000122070312,1008.0,992.0,995.7000122070312,212141,GESHIP.NS,980.0285818917409,959.9684407552083,992.0
2025-09-16,996.0,1068.5,996.0,1058.1500244140625,2375008,GESHIP.NS,992.4571533203125,964.465000406901,995.7000122070312
2025-09-17,1052.5999755859375,1063.0,1038.8499755859375,1047.699951171875,720705,GESHIP.NS,1006.1428571428571,968.8116658528646,1058.1500244140625
2025-09-18,1050.0,1074.0,1034.75,1059.6500244140625,758379,GESHIP.NS,1018.2142857142857,973.065000406901,1047.699951171875
2025-09-19,1058.0,1064.800048828125,1047.550048828125,1054.4000244140625,676543,GESHIP.NS,1027.7357177734375,976.8800008138021,1059.6500244140625
2025-09-22,1062.9000244140625,1087.5,1041.75,1047.8499755859375,828207,GESHIP.NS,1036.4928588867188,980.7800008138021,1054.4000244140625
2025-09-23,1052.0,1060.0,1035.0,1042.0,452648,GESHIP.NS,1043.6357160295759,983.9516682942708,1047.8499755859375
2025-09-24,1048.550048828125,1055.5,1016.0499877929688,1028.949951171875,461231,GESHIP.NS,1048.385707310268,985.784999593099,1042.0
2025-09-25,1030.050048828125,1038.4000244140625,1013.25,1018.0,272074,GESHIP.NS,1042.6499895368304,987.7566670735677,1028.949951171875
2025-09-26,1010.0999755859376,1016.1500244140624,984.9500122070312,995.0999755859376,328216,GESHIP.NS,1035.135707310268,988.5666666666667,1018.0
2025-09-30,979.7000122070312,1019.0,979.7000122070312,993.75,743660,GESHIP.NS,1025.7214181082588,989.2233337402344,995.0999755859376
2025-10-01,993.9500122070312,1006.7000122070312,981.5,994.5999755859376,993626,GESHIP.NS,1017.1785539899554,989.6266662597657,993.75
2025-10-02,994.5999755859376,994.5999755859376,994.5999755859376,994.5999755859376,0,GESHIP.NS,1009.5714111328126,990.0366658528645,994.5999755859376
2025-10-03,1003.4000244140624,1069.949951171875,1000.2999877929688,1054.1500244140625,2454771,GESHIP.NS,1011.30712890625,992.5033325195312,994.5999755859376
2025-10-06,1050.0999755859375,1063.8499755859375,1040.550048828125,1061.550048828125,421176,GESHIP.NS,1015.9642857142857,995.6266682942709,1054.1500244140625
2025-10-07,1060.0,1063.0999755859375,1042.199951171875,1048.25,321346,GESHIP.NS,1020.2857142857143,998.7516682942709,1061.550048828125
2025-10-08,1047.5,1068.0,1036.050048828125,1040.5,340709,GESHIP.NS,1026.7714320591517,1001.8550008138021,1048.25
2025-10-09,1040.550048828125,1056.800048828125,1037.0,1050.199951171875,282256,GESHIP.NS,1034.8357107979912,1005.2816650390625,1040.5
2025-10-10,1050.199951171875,1061.300048828125,1044.050048828125,1049.75,234502,GESHIP.NS,1042.7142857142858,1009.1166646321615,1050.199951171875
2025-10-13,1043.300048828125,1052.5,1040.0,1045.949951171875,234955,GESHIP.NS,1050.0499965122767,1013.0699971516927,1049.75
2025-10-14,1045.75,1052.300048828125,1023.5999755859376,1029.199951171875,294122,GESHIP.NS,1046.4857003348213,1015.4966613769532,1045.949951171875
2025-10-15,1030.0,1038.4000244140625,1021.2000122070312,1032.25,328221,GESHIP.NS,1042.2999790736608,1017.8849955240886,1029.199951171875
2025-10-16,1031.800048828125,1047.449951171875,1028.4000244140625,1045.0,124949,GESHIP.NS,1041.835693359375,1020.7583292643229,1032.25
2025-10-17,1046.9000244140625,1048.25,1025.5,1034.5,134518,GESHIP.NS,1040.978550502232,1022.8749959309896,1045.0
2025-10-20,1034.5,1044.4000244140625,1026.0999755859375,1033.449951171875,110156,GESHIP.NS,1038.585693359375,1024.95166015625,1034.5
2025-10-21,1039.9000244140625,1042.3499755859375,1031.0999755859375,1036.0,28136,GESHIP.NS,1036.6214076450892,1027.7549926757813,1033.449951171875
2025-10-23,1037.800048828125,1043.949951171875,1015.7999877929688,1019.25,147926,GESHIP.NS,1032.80712890625,1029.224991861979,1036.0
2025-10-24,1019.25,1034.800048828125,1002.5499877929688,1022.7999877929688,402729,GESHIP.NS,1031.8928484235491,1030.3933247884115,1019.25
