Date,Open,High,Low,Close,Volume,Stock,MA_7_Close,MA_30_Close,Lag_1_Close
2020-02-11,74.62333602064777,75.26409274766269,73.48969818156408,74.13044738769531,201049,INDIACEM.BO,76.02454921177456,80.01225179036459,74.13044738769531
2020-02-12,74.08116480709863,75.41196264369292,72.75036697050436,73.24325561523438,451526,INDIACEM.BO,75.54574475969586,80.05004018147787,74.13044738769531
2020-02-13,73.14466302334318,73.29253110305555,72.45462201252943,72.50391387939453,43915,INDIACEM.BO,74.77120426722935,79.93339004516602,73.24325561523438
2020-02-14,72.94752221655978,75.41196553468679,72.45463355293437,73.09539031982422,416234,INDIACEM.BO,74.31352233886719,79.85781428019206,72.50391387939453
2020-02-17,74.0318651408691,74.0318651408691,71.96173455510436,72.30675506591797,216362,INDIACEM.BO,73.65868486676898,79.87260080973307,73.09539031982422
2020-02-18,71.96174268147372,71.96174268147372,68.5608140151549,70.68022918701172,212895,INDIACEM.BO,72.87006269182477,79.70830485026042,72.30675506591797
2020-02-19,71.46885225436831,73.83471921248277,71.271699808227,73.4404067993164,160898,INDIACEM.BO,72.77148546491351,79.61137034098307,70.68022918701172
2020-02-20,73.93329254903828,75.60911083846311,73.4404039320447,74.5247573852539,154338,INDIACEM.BO,72.82781546456474,79.54236602783203,73.4404067993164
2020-02-24,75.31338303088236,75.60911169188643,72.89822426782307,73.14466857910156,514218,INDIACEM.BO,72.81373160226005,79.37642669677734,74.5247573852539
2020-02-25,73.93329117917722,87.24128359142911,73.04609018085043,85.95977020263672,2791196,INDIACEM.BO,74.73599679129464,79.59494043986003,73.14466857910156
2020-02-26,87.14271534111971,103.1123046875,86.64982668819583,103.1123046875,6831659,INDIACEM.BO,79.02412741524833,80.18640696207682,85.95977020263672
2020-02-27,107.84403359657082,110.30847674310634,97.09905997349924,98.97203826904295,2917653,INDIACEM.BO,82.83345358712333,80.5823610941569,103.1123046875
2020-02-28,93.7474092745588,102.91514015086408,91.87443110918768,94.78247833251952,1287573,INDIACEM.BO,86.27663203648159,80.8879519144694,98.97203826904295
2020-03-02,99.46492568810994,100.45070293472968,88.7692440664623,90.49435424804688,324058,INDIACEM.BO,88.71291024344308,81.07196375528972,94.78247833251952
2020-03-03,91.67728314010829,96.21185693103372,87.8820422777321,90.00146484375,296776,INDIACEM.BO,90.92386845179966,81.2773338317871,90.49435424804688
2020-03-04,90.6914988385651,93.55025411047905,82.80528154825508,87.68487548828125,475007,INDIACEM.BO,93.00104086739677,81.36112467447917,90.00146484375
2020-03-05,88.22705811212462,94.9303459826281,86.94554476247797,91.72657012939452,452818,INDIACEM.BO,93.82486942836216,81.59113922119141,87.68487548828125
2020-03-06,87.73416904761648,92.02229827778966,84.97398993439444,90.54363250732422,308685,INDIACEM.BO,92.0293448311942,81.763650004069,91.72657012939452
2020-03-09,89.0649719701988,90.19861729834376,84.97399492735406,87.1919937133789,360784,INDIACEM.BO,90.34648132324219,81.81786753336588,90.54363250732422
2020-03-11,86.69909833133384,89.70572168176824,85.86118924837302,86.7483901977539,290581,INDIACEM.BO,89.1987544468471,81.84744084676107,87.1919937133789
2020-03-12,83.19960673092558,83.4953354123291,78.07356019020685,78.4678726196289,386946,INDIACEM.BO,87.48068564278739,81.62564112345378,86.7483901977539
2020-03-13,75.06693792058405,86.30479989944287,70.97596089272922,86.00906372070312,500023,INDIACEM.BO,86.91034262520927,81.65685729980468,78.4678726196289
2020-03-16,81.62236025273265,94.58532522350866,79.65080572992156,94.2895965576172,627381,INDIACEM.BO,87.85387420654297,82.06431198120117,86.00906372070312
2020-03-17,102.42224940678872,102.42224940678872,95.7682535132119,97.29620361328124,535198,INDIACEM.BO,88.6495361328125,82.6130610148112,94.2895965576172
2020-03-18,99.80994476015908,100.59856955427172,93.6488370589147,94.43746185302734,236378,INDIACEM.BO,89.20579746791294,83.2078135172526,97.29620361328124
2020-03-19,89.70572539871091,98.92274073495128,89.70572539871091,96.4582977294922,1521064,INDIACEM.BO,90.52955518450055,83.82556686401367,94.43746185302734
2020-03-20,96.606167862068,102.52083120056196,95.62039063898568,96.75403594970705,1761551,INDIACEM.BO,91.95893314906529,84.5073959350586,96.4582977294922
2020-03-23,87.73417420276058,93.59954576189511,87.09341749373228,87.1919937133789,2764528,INDIACEM.BO,93.20523616245815,84.85077514648438,96.75403594970705
2020-03-24,93.64883506399376,93.64883506399376,78.86217689599474,87.5863037109375,318764,INDIACEM.BO,93.43055616106305,85.23029912312826,87.1919937133789
2020-03-25,86.25550922289143,95.6203930813768,85.36830819527927,94.48674774169922,1782570,INDIACEM.BO,93.45872061593192,85.90884246826172,87.5863037109375
2020-03-26,101.53504861971228,103.5066029618426,98.77486953237664,101.04216003417967,305203,INDIACEM.BO,93.99385724748883,86.80589955647787,94.48674774169922
2020-03-27,101.53505101569212,103.40802918909026,100.45069760610892,100.6478500366211,196729,INDIACEM.BO,94.8810555594308,87.71938603719076,101.04216003417967
2020-03-30,98.57771829600485,110.16060019578542,95.4232343188859,101.781494140625,417581,INDIACEM.BO,95.64151218959263,88.69530537923177,100.6478500366211
2020-03-31,104.4430923461914,106.7103829365688,101.63362880307731,104.4430923461914,99408,INDIACEM.BO,96.73994881766183,89.74022878011068,101.781494140625
2020-04-01,103.65446861470248,106.46393198228051,100.69713717075022,101.43647003173828,105073,INDIACEM.BO,98.77487400599888,90.71121927897136,104.4430923461914
2020-04-03,101.43647808024004,102.86585204987789,98.57772262008102,99.80994415283205,86004,INDIACEM.BO,100.52110835484096,91.68220977783203,101.43647003173828
2020-04-07,100.54927541840866,103.01371844336964,100.54927541840866,101.63362884521484,115910,INDIACEM.BO,101.5420913696289,92.62198384602864,99.80994415283205
2020-04-08,102.47153802102116,104.09807192248948,100.2042549494476,100.6971435546875,128636,INDIACEM.BO,101.49280330113002,93.4943967183431,101.63362884521484
2020-04-09,102.47153883019767,102.81656687329678,100.74642869823556,101.19003295898438,86760,INDIACEM.BO,101.57025800432477,94.42924219767252,100.6971435546875
2020-04-13,101.23931449720686,109.66771248776594,97.64123376712374,105.08384704589844,471509,INDIACEM.BO,102.04202270507812,95.06671142578125,101.19003295898438
2020-04-15,106.36536363014504,109.71700768509366,103.55590005499818,105.18242645263672,360261,INDIACEM.BO,102.14764186314174,95.13571548461914,105.08384704589844
2020-04-16,104.09807102637023,106.80895833185323,103.5066062093506,103.95020294189452,168610,INDIACEM.BO,102.50674656459263,95.30165430704753,105.18242645263672
2020-04-17,105.87247258826288,106.26678497170984,102.47153674202627,103.7037582397461,180954,INDIACEM.BO,103.06300571986607,95.59903030395508,103.95020294189452
2020-04-20,104.49238139376514,105.921755300704,101.4364736307656,101.781494140625,118270,INDIACEM.BO,103.0841293334961,95.97526830037435,103.7037582397461
2020-04-21,99.07060649094072,102.5208266174909,99.07060649094072,101.53504943847656,63631,INDIACEM.BO,103.20383017403739,96.35972112019857,101.781494140625
2020-04-22,101.92936222224562,103.01371561932508,99.4649192648455,101.781494140625,89290,INDIACEM.BO,103.28832462855748,96.82960840861003,101.53504943847656
2020-04-23,101.78149693088916,104.24593995585016,100.84501158975728,101.63362884521484,213994,INDIACEM.BO,102.79543631417411,97.15984369913737,101.781494140625
2020-04-24,101.43647727215946,103.40803170885496,98.72558992170318,99.31705474853516,223134,INDIACEM.BO,101.95752607073102,97.45229110717773,101.63362884521484
2020-04-27,101.53505674688512,102.02794537187002,99.07061362196072,99.41563415527344,133133,INDIACEM.BO,101.30973052978516,97.85974578857422,99.31705474853516
2020-04-28,100.45070532806844,100.992878314097,97.78910218624962,99.71137237548828,585503,INDIACEM.BO,100.73938969203404,98.29184519449869,99.41563415527344
2020-04-29,99.56350312003477,101.88007817360142,98.62701773270472,98.97203826904295,484650,INDIACEM.BO,100.33803885323661,98.9753173828125,99.71137237548828
2020-04-30,98.6762952943456,107.7454499621842,98.6762952943456,102.27438354492188,665134,INDIACEM.BO,100.44365801130023,99.51749471028646,98.97203826904295
2020-05-04,101.33790313629768,102.0772360652467,98.7255919498345,99.61279296875,168715,INDIACEM.BO,100.13384355817523,99.69493459065755,102.27438354492188
2020-05-05,100.74643122837747,100.94359118951176,96.90190599730298,97.98625946044922,156578,INDIACEM.BO,99.612790788923,99.71793645222982,99.61279296875
2020-05-06,97.69052519801625,100.05639213191309,95.62039445118786,98.28199005126952,140828,INDIACEM.BO,99.46492440359933,99.84608739217123,97.98625946044922
2020-05-07,98.3312811453506,100.05639134088304,96.11328232252312,97.78910064697266,100689,INDIACEM.BO,99.23256247384208,99.89044748942057,98.28199005126952
2020-05-08,99.51421053808812,99.6127942799524,96.11328202850964,96.60617065429688,171907,INDIACEM.BO,98.78896222795758,99.88551864624023,97.78910064697266
2020-05-11,97.59194584837272,101.97865151704217,97.59194584837272,99.11990356445312,263050,INDIACEM.BO,98.81008584158761,100.28311564127604,96.60617065429688
2020-05-12,98.87346330813604,99.41563629475716,95.86683962267053,97.83839416503906,83998,INDIACEM.BO,98.17637307303292,100.62485198974609,99.11990356445312
2020-05-13,100.79571735916508,103.40802840859143,99.31705157883502,102.02793884277344,226639,INDIACEM.BO,98.52139391217914,100.87622502644857,97.83839416503906
2020-05-14,101.53505517459884,101.53505517459884,98.57772347048432,99.36634826660156,100904,INDIACEM.BO,98.71854945591518,100.82036463419597,102.02793884277344
2020-05-15,100.4507012788053,116.86389366863033,98.92274356337956,112.47718048095705,1214140,INDIACEM.BO,100.74643380301339,101.21467564900716,99.36634826660156
2020-05-18,114.35016017524516,121.94064193714507,106.7103865428473,116.27242279052734,2346603,INDIACEM.BO,103.38690839494977,101.69770660400391,112.47718048095705
2020-05-19,117.0117561157766,120.56056021880916,113.51225140429102,116.51886749267578,1191781,INDIACEM.BO,106.23157937186105,102.10023244222005,116.27242279052734
2020-05-20,115.5330923631646,119.67336138559564,115.1387874741667,115.87812042236328,529808,INDIACEM.BO,108.6256103515625,102.58162078857421,116.51886749267578
2020-05-21,118.29326729597962,126.62308185971816,117.20891384994314,124.65152740478516,1364418,INDIACEM.BO,112.45605795724052,103.40967356363932,115.87812042236328
2020-05-22,125.19370929282206,132.8334828913998,121.54633651862866,130.3197479248047,1442042,INDIACEM.BO,116.49774496895927,104.36587753295899,124.65152740478516
2020-05-26,130.3197446276571,138.0088099019777,130.1225921932933,133.9671173095703,1146707,INDIACEM.BO,121.44071197509766,105.47487665812174,130.3197479248047
2020-05-27,133.03062756619107,133.42494746364653,128.64392211914063,129.3832550048828,442966,INDIACEM.BO,123.85586547851562,106.41465072631836,133.9671173095703
2020-05-28,130.96051239437307,131.9955664633046,126.5737916414968,127.51029205322266,272924,INDIACEM.BO,125.46127537318638,107.16219889322916,129.3832550048828
2020-05-29,127.01740353640923,130.12259582926444,122.03922546034534,123.76433563232422,295342,INDIACEM.BO,126.49634225027901,107.78159586588542,127.51029205322266
2020-06-01,124.20793222391735,128.39748549337492,123.86291169413876,125.6373062133789,537278,INDIACEM.BO,127.89051164899554,108.50449930826822,123.76433563232422
2020-06-02,127.16526570368094,128.3481953995478,124.20793394313024,124.75011444091795,173657,INDIACEM.BO,127.9045955113002,109.20604451497395,125.6373062133789
2020-06-03,126.1794819926511,133.86854718493157,124.94726048881662,129.2353973388672,858864,INDIACEM.BO,127.74968828473773,110.12117462158203,124.75011444091795
2020-06-04,130.51690403923843,131.79841749376055,127.46100353881978,128.7917938232422,257421,INDIACEM.BO,127.01035635811942,111.02973276774088,129.2353973388672
2020-06-05,130.12259603949403,131.3548175928983,127.707444803175,128.69322204589844,334578,INDIACEM.BO,126.91178022112165,111.92679036458334,128.7917938232422
2020-06-08,130.02401095866753,133.86855119073263,128.9396650279057,129.8268585205078,393416,INDIACEM.BO,127.24271828787667,112.8665646870931,128.69322204589844
2020-06-09,130.12259370337344,130.76334288293336,124.3557984411506,126.27806854248048,348584,INDIACEM.BO,127.60182298932759,113.76526514689128,129.8268585205078
2020-06-10,126.62307714051435,132.53774028487564,126.42592471072224,128.24961853027344,735565,INDIACEM.BO,127.97501046316964,114.72639795939128,126.27806854248048
2020-06-11,128.1510371135014,129.5311191887863,123.4193035040342,125.04583740234376,494194,INDIACEM.BO,128.0172566005162,115.57088012695313,128.24961853027344
2020-06-12,122.23637425622276,127.95388509268967,120.31411170167576,127.1652603149414,426327,INDIACEM.BO,127.72152273995536,116.51065419514974,125.04583740234376
2020-06-15,128.89036965493824,128.93966152358024,123.22215072173827,123.86290740966795,362053,INDIACEM.BO,127.01739610944476,117.23027165730794,127.1652603149414
2020-06-16,125.24300062289602,129.33397012842738,122.48282135857475,124.20793151855467,514308,INDIACEM.BO,126.3766403198242,118.0501096089681,123.86290740966795
2020-06-17,132.5870354472858,137.3187690887021,126.82023272153366,130.22117614746094,1613530,INDIACEM.BO,126.43297140938895,119.12460683186849,124.20793151855467
2020-06-18,131.35481623933754,132.8334820881856,128.15104023350003,129.8268585205078,370443,INDIACEM.BO,126.93994140625,120.17610244750976,130.22117614746094
2020-06-22,128.20032377094353,131.20694714320211,127.80600387848656,128.39747619628906,437287,INDIACEM.BO,126.96106392996651,121.19638163248698,129.8268585205078
2020-06-23,130.1225946986308,131.9462885955835,128.5946369798011,129.8268585205078,445163,INDIACEM.BO,127.6440669468471,122.30373789469401,128.39747619628906
2020-06-24,130.1225948475894,131.55196882809213,124.20793144542624,125.14441680908205,1026796,INDIACEM.BO,127.35537501743862,123.17122166951498,129.8268585205078
2020-06-25,123.22215514134888,126.13019499433132,121.5956211893064,123.76433563232422,361918,INDIACEM.BO,127.34129333496094,124.03541971842448,125.14441680908205
2020-06-26,123.76433639045553,126.57379251982768,122.23637864898971,123.32073211669922,548191,INDIACEM.BO,127.21455056326731,124.745179494222,123.76433563232422
2020-06-29,123.22214425328266,124.50365756186991,121.84205473346934,122.72925567626952,121868,INDIACEM.BO,126.14427621023995,125.52394307454428,123.32073211669922
2020-06-30,123.46859137675364,129.826851157862,122.77855036144432,126.32733917236328,458499,INDIACEM.BO,125.64434487479073,125.98561503092448,122.72925567626952
2020-07-01,126.86952253748224,127.5595635686168,124.79939192319534,126.17948150634766,106299,INDIACEM.BO,125.32748849051339,126.31585032145182,126.32733917236328
2020-07-02,127.01740551345178,127.95389089874917,123.32073328078864,124.06006622314452,212876,INDIACEM.BO,124.50366101946148,126.56722361246744,126.17948150634766
2020-07-06,124.207928675785,127.01739974587248,123.41930389806164,125.2922821044922,271918,INDIACEM.BO,124.52478463309151,126.88102900187174,124.06006622314452
2020-07-07,125.29228497207968,125.73588924003316,123.468598592849,124.20793151855467,463747,INDIACEM.BO,124.58815547398157,126.86624247233073,125.2922821044922
2020-07-08,123.51788479543993,124.9965505790044,121.2505942522878,121.6941909790039,476185,INDIACEM.BO,124.35579245431082,126.5787239074707,124.20793151855467
2020-07-09,123.02500314844116,124.50366901550952,121.69419785137282,122.13780212402344,140074,INDIACEM.BO,124.27129908970424,126.18441340128581,121.6941909790039
2020-07-10,121.25059431444102,122.87712818137231,118.88472755534848,119.82122039794922,234121,INDIACEM.BO,123.34185355050224,125.86567891438803,122.13780212402344
2020-07-13,120.16624903138435,120.36340147426506,116.02598004293728,118.19469451904295,217876,INDIACEM.BO,122.201169695173,125.55515899658204,119.82122039794922
2020-07-14,117.80037281655858,118.04681711115389,114.15300026490118,115.33592987060548,278029,INDIACEM.BO,120.95486450195312,125.27421213785807,118.19469451904295
2020-07-15,117.20891607754704,119.57478297260758,115.33593780558728,116.51886749267578,337892,INDIACEM.BO,119.70151955740792,124.9702641805013,115.33592987060548
2020-07-16,115.8288266004639,116.22313900370602,111.88571760980982,114.6458969116211,343484,INDIACEM.BO,118.33551461356026,124.63345692952474,116.51886749267578
2020-07-17,117.11033344130976,117.11033344130976,115.13877905691656,116.32170867919922,131976,INDIACEM.BO,117.5680171421596,124.20300064086913,114.6458969116211
2020-07-20,117.30749028094723,119.72264148426044,115.68095634850532,117.1596221923828,412990,INDIACEM.BO,116.85684858049665,123.81526158650716,116.32170867919922
2020-07-21,117.80037059892857,123.41929740157032,117.80037059892857,121.3491668701172,720613,INDIACEM.BO,117.07512664794922,123.57045974731446,117.1596221923828
2020-07-22,121.29988689050164,122.0885041342149,116.6667295600433,117.504638671875,230462,INDIACEM.BO,116.97654724121094,123.15971908569335,121.3491668701172
2020-07-23,118.04682796226912,119.22975767671085,117.35678688232542,118.24398040771484,298337,INDIACEM.BO,117.39198303222656,122.89191614786783,117.504638671875
2020-07-24,117.30748306374524,117.8003716480467,114.79374827545467,116.46957397460938,280417,INDIACEM.BO,117.38494110107422,122.49924799601237,118.24398040771484
2020-07-27,116.32171806474418,120.46197959767818,113.6108305674726,114.49803161621094,511607,INDIACEM.BO,117.3638174874442,122.14765446980795,116.46957397460938
2020-07-28,114.89234530876855,115.28665020514744,112.47718645358692,113.36438751220705,220159,INDIACEM.BO,116.94134303501674,121.68762537638347,114.49803161621094
2020-07-29,113.36438471468216,115.77953598938063,112.8714960854879,113.5122528076172,97815,INDIACEM.BO,116.42029026576452,121.3426035563151,113.36438751220705
2020-07-30,114.3501538611544,114.84304245538353,110.1113089424308,110.45633697509766,117806,INDIACEM.BO,114.86417170933316,120.8842170715332,113.5122528076172
2020-07-31,110.40704709493686,113.7586911002098,109.12553371851732,109.81558227539062,299225,INDIACEM.BO,113.76573508126397,120.20403060913085,110.45633697509766
2020-08-03,110.40704947935971,113.36438116184256,109.81558464703984,111.29425048828124,237958,INDIACEM.BO,112.77291652134487,119.58627700805664,109.81558227539062
2020-08-04,112.32930642150478,113.167223039487,111.39282111078502,112.5264663696289,62282,INDIACEM.BO,112.20961543491909,119.05724334716797,111.29425048828124
2020-08-05,113.46295575499092,114.49802483738527,111.49140132824604,112.18144989013672,163210,INDIACEM.BO,111.87867518833706,118.46906305948893,112.5264663696289
2020-08-06,111.54069155692174,113.1672254392427,111.54069155692174,112.13215637207033,173343,INDIACEM.BO,111.70264216831754,118.03532104492187,112.18144989013672
2020-08-07,114.0544224450558,116.3217130812643,111.9350074183327,115.2866439819336,254271,INDIACEM.BO,111.9561266217913,117.75273132324219,112.13215637207033
2020-08-10,116.32171756966616,117.70180724839824,115.53309274728105,116.12456512451172,244479,INDIACEM.BO,112.76587350027901,117.51285909016927,115.2866439819336
2020-08-11,116.81459487530974,121.25059214905568,116.6174424492742,117.65250396728516,251403,INDIACEM.BO,113.88543374197823,117.34363403320313,116.12456512451172
2020-08-12,117.25819194486276,117.25819194486276,114.5473047139141,115.08948516845705,179400,INDIACEM.BO,114.4276101248605,116.96903889973959,117.65250396728516
2020-08-13,115.3359322567337,117.15961857029174,114.64589122594413,114.94161987304688,67947,INDIACEM.BO,114.7726320539202,116.5944435119629,115.08948516845705
2020-08-14,115.97668808142572,116.22313237929492,111.93500310054732,112.57575225830078,99643,INDIACEM.BO,114.82896096365792,116.2116330464681,114.94161987304688
2020-08-17,112.9700754742626,114.99092191896692,112.4771868312502,113.61083221435548,154869,INDIACEM.BO,115.04020036969867,115.82225138346354,112.57575225830078
2020-08-18,113.21651891117362,116.27242696979692,112.72363027201231,114.9909210205078,266030,INDIACEM.BO,114.99795423235211,115.51501770019532,113.61083221435548
2020-08-19,115.7795318461842,117.01175337507456,115.13878266786789,115.7302474975586,152119,INDIACEM.BO,114.94162314278739,115.31621958414713,114.9909210205078
2020-08-20,115.3359396243839,115.63167581126142,113.41367697233096,113.75869750976562,141520,INDIACEM.BO,114.38536507742745,115.0369160970052,115.7302474975586
2020-08-21,114.74447257657788,119.03260207897286,114.54731261546976,116.27242279052734,316072,INDIACEM.BO,114.55435616629464,114.91862284342447,113.75869750976562
2020-08-24,116.4202955844463,120.85629335666307,116.4202955844463,118.29327392578124,351024,INDIACEM.BO,115.03316388811383,114.92190882364909,116.27242279052734
2020-08-25,119.27904352585786,119.67335591772331,116.02597569407205,116.4202880859375,816858,INDIACEM.BO,115.58238329206195,114.95805409749349,118.29327392578124
2020-08-26,117.45536064988924,121.79278204698356,116.02597912719304,120.51126861572266,677307,INDIACEM.BO,116.56815992082868,115.09113413492838,116.4202880859375
2020-08-27,121.64491033541664,122.92641620765662,118.49041872191448,120.16624450683594,548328,INDIACEM.BO,117.30749184744698,115.27514572143555,120.51126861572266
2020-08-28,120.26482632617984,122.5814013946795,119.08189661657087,119.87051391601562,601990,INDIACEM.BO,117.89895847865513,115.39343922932943,120.16624450683594
2020-08-31,120.36340091959504,121.102733858316,112.03358615169236,113.01936340332033,911085,INDIACEM.BO,117.79333932059151,115.25543060302735,119.87051391601562
2020-09-01,111.39282431558676,114.64589210483771,110.11131093900106,111.68856048583984,487906,INDIACEM.BO,117.1385018484933,114.9334103902181,113.01936340332033
2020-09-02,111.49140603808723,114.79375833821275,111.49140603808723,113.26580810546876,161364,INDIACEM.BO,116.42029244559151,114.79211603800455,111.68856048583984
2020-09-03,111.78713545306802,117.70179862496704,111.78713545306802,114.69517517089844,380377,INDIACEM.BO,116.17384774344308,114.67382253011068,113.26580810546876
2020-09-04,113.3643746417323,113.3643746417323,111.5899727259433,112.03357696533205,223220,INDIACEM.BO,114.96274893624442,114.52595596313476,114.69517517089844
2020-09-07,112.57575880534016,112.77291876763157,110.0620313334139,110.89994049072266,175941,INDIACEM.BO,113.6389912196568,114.40601959228516,112.03357696533205
2020-09-08,110.40704950556024,112.03358343548848,108.92838366396792,109.42127227783205,101349,INDIACEM.BO,112.146242414202,114.27458241780599,110.89994049072266
2020-09-09,108.43549185936604,108.82980424303128,105.92175699427293,107.44971466064452,304533,INDIACEM.BO,111.35057830810547,114.0724978129069,109.42127227783205
2020-09-10,110.20990235737082,117.30749572927604,109.96345803861183,114.74447631835938,184888,INDIACEM.BO,111.78713771275112,114.21543579101562,107.44971466064452
2020-09-11,117.70180735353271,118.04682789330302,113.3643858683077,114.2515869140625,393685,INDIACEM.BO,111.92796325683594,114.3633026123047,114.74447631835938
2020-09-14,113.36438306490716,123.86291221813832,113.36438306490716,123.07428741455078,560569,INDIACEM.BO,113.12497929164341,114.755970509847,114.2515869140625
2020-09-15,122.23636864518802,125.78516494038789,118.34255184589206,121.84205627441406,348718,INDIACEM.BO,114.52619062151227,115.06649017333984,123.07428741455078
2020-09-16,123.66575421308896,126.1301973621811,120.0183813607861,125.24300384521484,231516,INDIACEM.BO,116.57519967215401,115.50187530517579,121.84205627441406
2020-09-17,125.68659290671349,128.15103590488434,123.7150385081768,126.17948150634766,159649,INDIACEM.BO,118.96922956194196,115.97011947631836,125.24300384521484
2020-09-18,127.76414877767576,127.76414877767576,120.38552460334674,121.42546081542967,272965,INDIACEM.BO,120.96576472691127,116.17474670410157,126.17948150634766
2020-09-21,121.82163986396851,123.40631009077568,111.66983654197116,113.5516357421875,186327,INDIACEM.BO,120.79535893031529,116.08898239135742,121.42546081542967
2020-09-22,114.54205366661726,117.26570817095994,108.55001073454196,114.98773956298828,261157,INDIACEM.BO,120.90052359444755,116.00015691121419,113.5516357421875
2020-09-23,118.80085459712552,118.80085459712552,113.15546463563705,116.82001495361328,81755,INDIACEM.BO,120.0070561000279,116.05784123738607,114.98773956298828
2020-09-24,114.44301217022456,116.12672282620682,112.41264853538996,114.78965759277344,82365,INDIACEM.BO,118.99957057407924,116.05277582804362,116.82001495361328
2020-09-25,116.12671879923307,117.3647435199072,114.24491971254776,115.82958984375,65713,INDIACEM.BO,117.65479714529855,116.16123708089192,114.78965759277344
2020-09-28,115.97815717109832,118.6027711546754,114.69061596374402,115.2848663330078,116122,INDIACEM.BO,116.09842354910714,116.21703821818033,115.82958984375
2020-09-29,114.64108766920212,117.6618709715598,111.57078791243228,114.49252319335938,161753,INDIACEM.BO,115.10800388881138,116.20042495727539,115.2848663330078
2020-09-30,115.87911385509824,116.62192868750272,113.35354040240176,115.82958984375,187532,INDIACEM.BO,115.43342590332031,116.2037363688151,114.49252319335938
2020-10-01,116.7704924145029,120.03887312228755,116.67145194874637,118.1570816040039,95739,INDIACEM.BO,115.88618905203683,116.35034917195638,115.82958984375
2020-10-05,117.41427498064968,118.85038072522464,113.8982815283403,114.69062042236328,153187,INDIACEM.BO,115.58198983328683,116.29762242635091,118.1570816040039
2020-10-06,117.81042892367245,117.81042892367245,114.29444326486092,115.38390350341795,60799,INDIACEM.BO,115.66688210623605,116.20064341227213,114.69062042236328
2020-10-07,116.86953780102615,122.26732275321316,114.64109322431167,117.31522369384766,244979,INDIACEM.BO,115.87911551339286,116.23047459920248,115.38390350341795
2020-10-08,118.30564330879014,121.32642675249612,116.5228921841682,118.70181274414062,163491,INDIACEM.BO,116.36725071498326,116.17015940348307,117.31522369384766
2020-10-09,117.06761598064634,119.59318946389592,116.96857551305492,117.85995483398438,49255,INDIACEM.BO,116.84831237792969,116.0932830810547,118.70181274414062
2020-10-12,118.25612739056729,118.50373234425092,114.0963596349,115.23534393310548,207408,INDIACEM.BO,116.76342010498047,115.93877741495768,117.85995483398438
2020-10-13,115.87912199317212,119.49415594268145,115.63151703164829,116.2752914428711,170909,INDIACEM.BO,116.49459293910435,116.04730834960938,115.23534393310548
2020-10-14,116.37432416709912,118.2065992491077,114.54204908509055,116.96857452392578,44665,INDIACEM.BO,116.82001495361328,116.22330881754557,116.2752914428711
2020-10-15,116.96857715907517,117.26570612233404,113.5021078504708,113.89827728271484,47925,INDIACEM.BO,116.60778263636998,116.24439112345378,116.96857452392578
2020-10-16,114.88870306616522,117.61235766471655,113.84875919692408,117.16667175292967,166943,INDIACEM.BO,116.58656093052456,116.32677434285482,113.89827728271484
2020-10-19,118.45420519583624,119.14750358158284,117.4142689516713,117.85995483398438,71416,INDIACEM.BO,116.46629551478794,116.52098693847657,117.16667175292967
2020-10-20,118.35516384038394,122.2178024978998,118.35516384038394,120.8807373046875,156064,INDIACEM.BO,116.89783586774554,116.85368016560872,117.85995483398438
2020-10-21,121.72259217973507,121.72259217973507,117.3152196355812,119.74175262451172,55419,INDIACEM.BO,117.54160853794643,117.19769617716472,120.8807373046875
2020-10-22,120.33600059292718,121.92067069441292,118.70180648102188,121.42546081542967,145508,INDIACEM.BO,118.27734701974052,117.66355438232422,119.74175262451172
2020-10-23,121.32642642154174,123.80247594034871,120.03887764924072,120.7816925048828,118869,INDIACEM.BO,118.82207815987722,117.864794921875,121.42546081542967
2020-10-26,120.83121678702376,121.0292977264483,115.08677886807008,115.48294830322266,116332,INDIACEM.BO,119.04845973423548,117.90584030151368,120.7816925048828
2020-10-27,115.87912317699733,117.46379343567838,114.44301740800906,115.78008270263672,105786,INDIACEM.BO,118.85037558419363,117.66270014444987,115.48294830322266
2020-10-28,116.27528560175853,117.51331034718548,114.4925269458224,114.83917236328124,47527,INDIACEM.BO,118.41883523123603,117.42927068074545,115.78008270263672
2020-10-29,112.90785887973996,116.6714571982527,112.90785887973996,115.23534393310548,45683,INDIACEM.BO,117.61235046386717,117.09568201700846,114.83917236328124
2020-10-30,116.27528800406928,119.14750698406203,115.78007809566718,117.06761932373048,68676,INDIACEM.BO,117.23033142089844,116.7919532775879,115.23534393310548
2020-11-02,117.7609174832,117.7609174832,114.69061756878357,115.23534393310548,26828,INDIACEM.BO,116.34602900913784,116.58561604817709,117.06761932373048
2020-11-03,116.96857362825575,118.20659834395768,115.03725809428208,115.38390350341795,33640,INDIACEM.BO,115.57491629464286,116.6466916402181,115.23534393310548
2020-11-04,115.82958754359912,118.503725420934,115.3343776651634,117.5133056640625,40864,INDIACEM.BO,115.8649673461914,116.73087717692057,115.38390350341795
2020-11-05,118.85038131569743,121.22739045327214,118.30564737881232,120.18744659423828,82784,INDIACEM.BO,116.49459075927734,116.84312489827474,117.5133056640625
2020-11-06,121.32642434295884,127.71462896951572,119.74175418933189,120.38552856445312,333675,INDIACEM.BO,117.28692735944476,117.02965393066407,120.18744659423828
2020-11-09,121.67307277308008,121.82163725660492,117.90948200950366,118.45420837402344,97669,INDIACEM.BO,117.74676513671875,117.11714121500651,120.38552856445312
2020-11-10,119.8407911630477,120.48456551939908,116.72096740250112,117.26570129394533,97288,INDIACEM.BO,117.77506256103517,117.18316904703777,118.45420837402344
2020-11-11,117.85995799622754,119.69223314289138,116.96857865138192,118.45420837402344,73950,INDIACEM.BO,118.23490033830915,117.31522521972656,117.26570129394533
2020-11-12,119.49414979915754,124.54528924329075,119.24654485036372,124.05007934570312,127577,INDIACEM.BO,119.4729254586356,117.58924153645833,118.45420837402344
2020-11-13,123.65390446241862,126.77372819087658,122.31683930916608,124.4462432861328,120576,INDIACEM.BO,120.46334511893136,117.79888025919597,124.05007934570312
2020-11-14,126.52612533418856,127.46702109106046,124.79289074056952,125.53570556640624,70088,INDIACEM.BO,121.22738211495535,118.16038309733072,124.4462432861328
2020-11-17,126.7737405013758,133.65715542013993,124.00056190538668,132.8153076171875,396532,INDIACEM.BO,123.00306483677456,118.74142990112304,125.53570556640624
2020-11-18,132.8153077936405,135.68751931064767,130.2402101412421,131.4287109375,199872,INDIACEM.BO,124.8565652029855,119.21187947591146,132.8153076171875
2020-11-19,131.72583556214903,151.63327991395272,130.73541574589223,148.81057739257812,1517354,INDIACEM.BO,129.36297607421875,120.2155049641927,131.4287109375
2020-11-20,148.86010466093907,153.9607607811513,144.8489012948674,146.18597412109375,470444,INDIACEM.BO,133.3246568952288,121.15970560709636,148.81057739257812
2020-11-23,146.82972859745206,157.32818403968164,145.44314698626224,154.15882873535156,365353,INDIACEM.BO,137.62590680803572,122.45715510050455,146.18597412109375
2020-11-24,157.47674292151237,160.34895420019552,151.33614338986143,152.02943420410156,277952,INDIACEM.BO,141.56636265345983,123.64895985921224,154.15882873535156
2020-11-25,153.41602591734062,153.41602591734062,146.08692520627224,147.82015991210938,258433,INDIACEM.BO,144.7498561314174,124.67734603881836,152.02943420410156
2020-11-26,148.0677637207031,162.1812462158203,145.19555227551163,154.7530975341797,618900,INDIACEM.BO,147.88382611955916,126.03917338053385,147.82015991210938
2020-11-27,156.33777866369837,160.5965719094389,153.3665191270752,157.17962646484375,274976,INDIACEM.BO,151.5625283377511,127.37293853759766,154.7530975341797
2020-12-01,155.69398123263585,160.44799904157406,154.20835161188054,154.65403747558594,208906,INDIACEM.BO,152.39730834960938,128.5994079589844,157.17962646484375
2020-12-02,154.65403669087178,156.33776234260273,149.7514619897761,152.37608337402344,173731,INDIACEM.BO,153.28160967145647,129.64925282796224,154.65403747558594
2020-12-03,153.31699651579797,156.48633702802118,151.68279468813063,152.7722625732422,135987,INDIACEM.BO,153.08352879115515,130.75026982625326,152.37608337402344
2020-12-04,154.65404112348378,155.84255693820694,149.99907122450605,151.78182983398438,165911,INDIACEM.BO,153.04815673828125,131.76214879353842,152.7722625732422
2020-12-07,152.52465760959026,156.7339419916731,151.93039965178258,152.7722625732422,133141,INDIACEM.BO,153.75559997558594,132.8285011291504,151.78182983398438
2020-12-08,155.49589804118503,158.86331908748048,151.53421911019942,155.6444549560547,155091,INDIACEM.BO,153.88293675013952,134.16721801757814,152.7722625732422
2020-12-09,155.594951995574,156.88248560718014,150.54380512081974,151.78182983398438,119783,INDIACEM.BO,153.11182294573103,135.3672762552897,155.6444549560547
2020-12-10,149.15723138761152,151.187579934659,145.14602808197318,145.789794921875,162921,INDIACEM.BO,151.84550258091517,136.3989636739095,151.78182983398438
2020-12-11,146.0869138713568,150.34572184063623,145.19554213684523,147.47349548339844,90052,INDIACEM.BO,151.14513288225447,137.47356872558595,145.789794921875
2020-12-14,150.5438106277395,153.4160220223049,147.7211081334266,150.69236755371094,140124,INDIACEM.BO,150.84800502232142,138.5943936665853,147.47349548339844
2020-12-15,151.53423680608051,152.22752767744305,148.81058222296468,149.35531616210938,85198,INDIACEM.BO,150.50136021205358,139.73172607421876,150.69236755371094
2020-12-16,150.54381089344943,151.53423070195896,149.05818118068512,149.3057861328125,57855,INDIACEM.BO,150.0061492919922,140.86245549519856,149.35531616210938
2020-12-17,149.90004700902276,151.43518565229783,146.8792635111783,148.06776428222656,88445,INDIACEM.BO,148.92376491001673,141.88093744913738,149.3057861328125
2020-12-18,148.06776783917402,148.6620257952773,141.63003880268818,146.58213806152344,144061,INDIACEM.BO,148.18095179966517,142.76076049804686,148.06776428222656
2020-12-21,146.6811833507388,147.5725551556292,135.14278322570408,137.47027587890625,199110,INDIACEM.BO,146.99244907924108,143.33025207519532,146.58213806152344
2020-12-22,134.2018798499979,141.7290762039703,132.76577419515758,138.16355895996094,135742,INDIACEM.BO,145.66245814732142,143.9872304280599,137.47027587890625
2020-12-23,138.65877706962718,142.22429452503198,138.06451912285726,141.13482666015625,44703,INDIACEM.BO,144.2970951625279,144.78286794026693,138.16355895996094
2020-12-24,143.51183217087433,146.5821397926555,140.98627360912764,143.31375122070312,99963,INDIACEM.BO,143.43401445661272,145.61151936848958,141.13482666015625
2020-12-28,146.08692932128906,148.56297897080242,144.3041705511179,146.08692932128906,129789,INDIACEM.BO,142.97417776925224,146.34608103434246,143.31375122070312
2020-12-29,147.57254623223602,147.57254623223602,142.96710033110477,143.7099151611328,63899,INDIACEM.BO,142.35162789481026,146.9882034301758,146.08692932128906
2020-12-30,144.30416615879238,172.43209838867188,141.43195469782424,172.43209838867188,3137640,INDIACEM.BO,146.0444793701172,148.5514165242513,143.7099151611328
2020-12-31,168.37137341014056,178.86982979722762,162.6269352948025,167.52951049804688,1479044,INDIACEM.BO,150.33865574428015,149.70855662027995,172.43209838867188
2021-01-01,167.52950303918368,183.8714297308168,166.53908323969077,178.57269287109375,702640,INDIACEM.BO,156.11138916015625,151.28002268473307,167.52951049804688
2021-01-04,180.2563973315901,181.84107500152567,173.2739349618836,174.6110076904297,291468,INDIACEM.BO,160.8937007359096,152.1400370279948,178.57269287109375
2021-01-05,174.3138929626358,177.78036242496094,170.69886656839688,173.71963500976562,236551,INDIACEM.BO,165.2373984200614,153.05782572428384,174.6110076904297
2021-01-06,174.31389630065124,174.41294433222882,166.44006139368315,171.09503173828125,269882,INDIACEM.BO,168.8099844796317,153.62236582438152,173.71963500976562
2021-01-07,175.30430682452482,177.23562243651088,168.17328719655706,169.75794982910156,400871,INDIACEM.BO,172.5311322893415,154.21331634521485,171.09503173828125
2021-01-08,170.84741009538308,173.71962137948032,166.8857310207075,169.0646514892578,208129,INDIACEM.BO,172.05006844656808,154.9214660644531,169.75794982910156
2021-01-11,170.0055423297598,172.63016370838204,166.7371692777714,168.51991271972656,188901,INDIACEM.BO,172.1915544782366,155.38035990397137,169.0646514892578
2021-01-12,168.17327561893137,170.35219603405508,164.65728250384683,166.88572692871094,203069,INDIACEM.BO,170.52198791503906,155.70389658610026,168.51991271972656
2021-01-13,168.3713680965617,172.72920922578285,163.56782596170524,167.23239135742188,307762,INDIACEM.BO,169.4678998674665,156.12317504882813,166.88572692871094
2021-01-14,165.94484297891643,169.1637073767576,163.9144793362183,164.45921325683594,114248,INDIACEM.BO,168.14498247419084,156.52594604492188,167.23239135742188
2021-01-15,164.70680958384708,165.6972293466933,159.70518675895244,162.87452697753906,95007,INDIACEM.BO,166.97062465122767,156.86268819173176,164.45921325683594
2021-01-18,162.92407021744177,163.07262715435974,159.3090437014293,160.00233459472656,75277,INDIACEM.BO,165.57696533203125,157.13670501708984,162.87452697753906
2021-01-19,160.4480126953125,171.59023579915365,160.4480126953125,167.1333465576172,386669,INDIACEM.BO,165.30106462751115,157.61540781656902,160.00233459472656
2021-01-20,168.37136640931917,172.33304561895022,165.2020260641357,170.50076293945312,264009,INDIACEM.BO,165.58404323032923,158.1106180826823,167.1333465576172
2021-01-21,172.8282651586524,173.8186850162951,163.61735746005368,166.53909301757812,214956,INDIACEM.BO,165.5345241001674,158.60252685546874,170.50076293945312
2021-01-22,168.27231177416115,170.94645722570496,165.1524955641684,166.78668212890625,129010,INDIACEM.BO,165.4708513532366,159.30242309570312,166.53909301757812
2021-01-25,167.380948284229,170.3026837080891,164.45921286036886,167.23239135742188,191474,INDIACEM.BO,165.8670196533203,159.96105295817057,166.78668212890625
2021-01-27,168.37136175399436,172.13495992160492,162.77549607015416,164.65728759765625,223469,INDIACEM.BO,166.1216997419085,160.42655029296876,167.23239135742188
2021-01-28,160.79466148705353,162.08219514427086,152.27704511369978,155.99111938476562,526050,INDIACEM.BO,165.54866899762834,160.64774373372396,164.65728759765625
2021-01-29,157.37769468684746,158.0710006127558,152.52464388112685,153.416015625,132711,INDIACEM.BO,163.58905029296875,160.78475138346354,155.99111938476562
2021-02-01,155.29783785155414,162.23077690642165,153.16842607428012,160.9927520751953,273600,INDIACEM.BO,162.2307630266462,161.21558430989583,153.416015625
2021-02-02,161.53748573664876,168.61898171364723,160.9432277736721,164.9049072265625,231539,INDIACEM.BO,161.99730791364397,161.8263432820638,160.9927520751953
2021-02-03,166.8857387803794,167.87615859509975,163.9144793362183,164.45921325683594,82743,INDIACEM.BO,161.66481236049108,162.7259745279948,164.9049072265625
2021-02-04,164.40969511243145,174.16533668071213,162.13172643473771,170.94647216796875,266744,INDIACEM.BO,162.19539533342635,163.81873830159506,164.45921325683594
2021-02-05,171.2435675508217,176.19566626672292,167.6285415332562,169.65890502929688,384393,INDIACEM.BO,162.909912109375,164.76954091389973,170.94647216796875
2021-02-08,171.8378447698681,173.1253936033454,168.51993221197745,169.31227111816406,169531,INDIACEM.BO,164.81293378557478,165.63615824381512,169.65890502929688
2021-02-09,170.35220725166457,170.35220725166457,164.95442231185123,166.09339904785156,73563,INDIACEM.BO,166.62398856026786,166.30304056803385,169.31227111816406
2021-02-10,167.3809556789741,167.62856064299623,164.0135342133159,165.40011596679688,60222,INDIACEM.BO,167.2536119733538,167.026047261556,166.09339904785156
2021-02-11,166.39052859744982,167.6780773769753,164.95442289100512,165.84579467773438,45891,INDIACEM.BO,167.38802446637834,166.80650380452474,165.40011596679688
2021-02-12,166.7866857549371,172.03591363814664,165.10297514289806,169.21322631835938,210305,INDIACEM.BO,168.06716918945312,166.8626276652018,165.84579467773438
2021-02-15,170.35219582700185,171.59022050597716,168.47040436000177,169.65890502929688,89242,INDIACEM.BO,167.88323102678572,166.56550140380858,169.21322631835938
2021-02-16,170.25315334466683,173.02633173828283,167.38094204107554,168.56944274902344,95407,INDIACEM.BO,167.72759355817522,166.3641159057617,169.65890502929688
2021-02-17,166.63813122087797,170.84741536761635,166.29147824610385,166.83621215820312,109989,INDIACEM.BO,167.37387084960938,166.1346684773763,168.56944274902344
2021-02-18,166.7371740119624,168.37136058435627,164.70681046474743,165.15249633789062,58447,INDIACEM.BO,167.2394561767578,165.93658396402995,166.83621215820312
2021-02-19,165.15250246917475,167.57902796868922,162.62692894412626,163.8154296875,82548,INDIACEM.BO,167.01307242257255,165.7384999593099,165.15249633789062
2021-02-22,161.73557060066997,164.90491121715678,158.71478692221845,159.5071258544922,60717,INDIACEM.BO,166.1075483049665,165.41991577148437,163.8154296875
2021-02-23,160.89370581467915,161.19083479996564,156.88250229483123,157.724365234375,68923,INDIACEM.BO,164.4662824358259,165.06006418863933,159.5071258544922
2021-02-24,158.4671634445039,161.19081781620633,148.61248974032011,159.60614013671875,146342,INDIACEM.BO,163.0301731654576,164.81741129557292,157.724365234375
2021-02-25,160.7451468235491,167.380956884619,160.24993689193784,164.9049072265625,280899,INDIACEM.BO,162.5066680908203,164.73982849121094,159.60614013671875
2021-02-26,163.914471536501,170.0055470621502,159.4575825823363,161.24034118652344,415391,INDIACEM.BO,161.70725795200892,164.63253275553384,164.9049072265625
2021-03-01,163.2707135872889,176.69089007589554,163.2707135872889,174.3138885498047,704194,INDIACEM.BO,163.01602826799666,165.01384480794272,161.24034118652344
2021-03-02,176.2947270120507,180.3554542972588,172.7292096341799,174.80909729003906,242411,INDIACEM.BO,164.5865522112165,165.5074035644531,174.3138885498047
2021-03-03,178.0774883952066,178.82030326745087,171.63975950242323,172.43209838867188,273416,INDIACEM.BO,166.43297685895647,165.68402862548828,174.80909729003906
2021-03-04,174.1653200640721,185.20849429376483,169.60938314335417,180.65255737304688,377005,INDIACEM.BO,169.70843287876673,166.02242177327474,172.43209838867188
2021-03-05,180.652563975333,185.80275898266592,169.9560423142119,172.6301727294922,505865,INDIACEM.BO,171.56900896344865,166.22545776367187,180.65255737304688
2021-03-08,173.32347376310543,175.70047535824216,169.5103512952741,170.94647216796875,163682,INDIACEM.BO,172.43208966936385,166.36411743164064,172.6301727294922
2021-03-09,171.34262686596117,174.1158053522091,166.09339885852884,171.39215087890625,104080,INDIACEM.BO,173.8823481968471,166.50277608235677,170.94647216796875
2021-03-10,172.23399726513293,172.48160221526257,168.0742371254764,169.36178588867188,55449,INDIACEM.BO,173.1749049595424,166.6595926920573,171.39215087890625
2021-03-12,169.36178506185266,173.76915013012223,169.0646561006263,170.9959716796875,243294,INDIACEM.BO,172.6301727294922,167.15975443522134,169.36178588867188
2021-03-15,170.99597395899616,170.99597395899616,164.95442219236028,167.47999572753906,381128,INDIACEM.BO,171.9227294921875,167.62855377197266,170.9959716796875
2021-03-16,167.47999662049662,169.95604615591137,166.19244783955955,168.37136840820312,450261,INDIACEM.BO,170.16827392578125,167.87450764973957,167.47999572753906
2021-03-17,170.4512553554853,172.33304694954677,160.74513819442623,162.18124389648438,415544,INDIACEM.BO,168.67556980678015,167.78371887207032,168.37136840820312
2021-03-18,163.41925861158938,164.26112144341877,156.5853683874199,158.5662078857422,470764,INDIACEM.BO,166.9069606236049,167.58728535970053,162.18124389648438
2021-03-19,156.58537499355194,162.62692665075647,153.36651067297854,160.89369201660156,294615,INDIACEM.BO,165.4071807861328,167.25219268798827,158.5662078857422
2021-03-22,160.99274231106324,165.4001074204029,160.94321829829622,163.8154296875,283843,INDIACEM.BO,164.6148441859654,167.05741017659506,160.89369201660156
2021-03-23,165.40010762466122,169.41131086203217,161.88411429035813,166.34100341796875,128541,INDIACEM.BO,163.94984872000558,166.95836791992187,163.8154296875
2021-03-24,166.39052604838184,172.0359158739306,162.97358076812392,164.31063842773438,264524,INDIACEM.BO,163.49708339146204,166.89894256591796,166.34100341796875
2021-03-25,164.11255977723837,165.20202761515827,159.80424266387948,160.79466247558594,104525,INDIACEM.BO,162.4146968296596,166.74542744954428,164.31063842773438
2021-03-26,160.79466247558594,165.30106052876474,158.71477482595958,160.79466247558594,381351,INDIACEM.BO,162.21661376953125,166.57705637613932,160.79466247558594
2021-03-30,166.2419776992233,167.38095448052704,162.23077428826312,165.89532470703125,190468,INDIACEM.BO,163.26363045828683,166.46645965576172,160.79466247558594
2021-03-31,166.9847925859712,168.9656322839656,165.0534617903406,165.89532470703125,142600,INDIACEM.BO,163.9781494140625,166.34100697835285,165.89532470703125
2021-04-01,168.6685006092258,172.08544601109733,165.89532205386362,168.27232360839844,249504,INDIACEM.BO,164.61484854561942,166.3311030069987,165.89532470703125
2021-04-05,168.272326814468,168.71802783796653,161.78508887377245,163.1221466064453,147377,INDIACEM.BO,164.15501185825892,166.2073008219401,168.27232360839844
2021-04-06,164.01352735513046,178.67172852222657,162.52789763311878,174.80909729003906,455091,INDIACEM.BO,165.65479169573103,166.52918752034506,163.1221466064453
2021-04-07,174.4129453015094,176.2947370110789,168.519934979873,169.46084594726562,200505,INDIACEM.BO,166.892817905971,166.71736806233724,174.80909729003906
2021-04-08,170.35220681327712,184.41616505092165,169.9560449354983,180.60305786132807,565162,INDIACEM.BO,169.72258867536272,167.42056579589843,169.46084594726562
2021-04-09,187.13981570757804,195.112698014446,184.8123382759849,187.38742065429688,949519,INDIACEM.BO,172.79288809640067,168.40933430989583,180.60305786132807
2021-04-12,184.2180854348576,184.2180854348576,166.14292382632985,168.37136840820312,347992,INDIACEM.BO,173.14660862513952,168.70150858561198,187.38742065429688
2021-04-13,169.36178506185266,175.10622289933744,166.83621156033877,170.9959716796875,357502,INDIACEM.BO,173.53570120675224,168.9045440673828,168.37136840820312
2021-04-15,170.9959628228623,171.6892687340159,164.1620726316548,166.88572692871094,161026,INDIACEM.BO,174.07335553850447,169.09272359212238,170.9959716796875
2021-04-16,166.58860547960035,172.18448635475642,166.58860547960035,167.5790252685547,162686,INDIACEM.BO,173.04048810686385,168.86822814941405,166.88572692871094
2021-04-19,164.40968934010306,164.40968934010306,158.96238035594305,160.54705810546875,260932,INDIACEM.BO,171.76708984375,168.39282684326173,167.5790252685547
2021-04-20,163.96401232126522,167.57903879775887,161.14130964981666,163.27072143554688,390158,INDIACEM.BO,169.2910417829241,168.0874476114909,160.54705810546875
2021-04-22,164.11256277022792,164.80585362854487,161.14130328092045,162.0821990966797,165543,INDIACEM.BO,165.67601013183594,167.46843566894532,163.27072143554688
2021-04-23,162.9735770026376,166.48957022649228,161.04226146386304,164.65728759765625,101460,INDIACEM.BO,165.14542715890067,167.20267283121746,162.0821990966797
2021-04-26,166.3905370213964,166.7866989216423,163.4192774317286,164.9049072265625,248969,INDIACEM.BO,164.27527509416853,167.00128733317058,164.65728759765625
2021-04-27,165.0534653570447,166.63814319472715,164.01353658321145,164.40969848632812,153051,INDIACEM.BO,163.9215567452567,166.76853892008464,164.9049072265625
2021-04-28,165.40010558037025,165.89531547731747,161.19082145631893,162.03268432617188,154824,INDIACEM.BO,163.1292223249163,166.52423553466798,164.40969848632812
2021-04-29,164.1125476989524,167.57901678480127,162.52788518441358,164.60775756835938,294144,INDIACEM.BO,163.7093222481864,166.31129506429036,162.03268432617188
2021-04-30,165.40011892879934,166.98479677196275,161.04227752901187,161.6365203857422,367443,INDIACEM.BO,163.47586495535714,166.11651255289715,164.60775756835938
2021-05-03,163.27071932124946,166.83622173560383,160.44801668635387,165.40011596679688,168595,INDIACEM.BO,163.9498530796596,166.01747080485026,161.6365203857422
2021-05-04,168.17329848341396,170.89695315077236,163.56783697831588,165.053466796875,304083,INDIACEM.BO,164.00645010811942,166.11321156819662,165.40011596679688
2021-05-05,167.67806595743008,167.67806595743008,163.51830604831147,164.112548828125,116982,INDIACEM.BO,163.89325605119978,166.29808959960937,165.053466796875
2021-05-06,163.76591988139725,165.59818744278545,162.08219413227462,162.92405700683594,141455,INDIACEM.BO,163.68102155412947,166.3657684326172,164.112548828125
2021-05-07,163.12213930775906,168.27231928534368,163.12213930775906,164.9544219970703,295424,INDIACEM.BO,164.0984126499721,166.4037348429362,162.92405700683594
2021-05-10,167.0838157096603,167.0838157096603,164.409685296634,164.80584716796875,156686,INDIACEM.BO,164.12671116420202,166.3525629679362,164.9544219970703
2021-05-11,164.45920750776327,171.04549300037112,162.42884393604146,166.9352569580078,322252,INDIACEM.BO,164.88367353166853,166.44005025227864,164.80584716796875
2021-05-12,169.21323525589506,175.20526318176263,166.3905326744112,170.55029296875,355766,INDIACEM.BO,165.6194131033761,166.7652379353841,166.9352569580078
2021-05-14,170.8474192958182,173.57107380633124,163.51831865802598,170.4017333984375,230060,INDIACEM.BO,166.3834511893136,167.0854736328125,170.55029296875
2021-05-17,170.55029660460914,175.94808181070468,170.05508667537822,171.59024047851562,186020,INDIACEM.BO,167.45169285365515,167.27530415852866,170.4017333984375
2021-05-18,173.8186864692596,180.8011495465292,172.67970966849276,176.14617919921875,307929,INDIACEM.BO,169.34056745256697,167.61699930826822,171.59024047851562
2021-05-19,175.3043096972795,180.9992237128691,175.3043096972795,176.34425354003906,245438,INDIACEM.BO,170.96768624441964,167.8860636393229,176.14617919921875
2021-05-20,176.78993849462438,198.08396469985925,175.84904268482148,194.7660522460937,1009891,INDIACEM.BO,175.24771554129464,168.94086049397785,176.34425354003906
2021-05-21,201.05521611587105,205.90826701155635,196.5488030769596,200.75808715820312,961877,INDIACEM.BO,180.07954842703683,169.80582682291666,194.7660522460937
2021-05-24,202.7389258267812,208.8795254367253,192.1414372094024,194.5679626464844,1194788,INDIACEM.BO,183.5106440952846,170.64273071289062,200.75808715820312
2021-05-25,197.78682876487724,197.78682876487724,183.62382276509103,184.6142425537109,464576,INDIACEM.BO,185.54100254603796,170.77643686930338,194.5679626464844
2021-05-26,186.19891395172075,191.5966985942893,185.1094461761097,187.337890625,289127,INDIACEM.BO,187.79066685267858,170.77478586832683,184.6142425537109
2021-05-27,187.5360007688132,189.31874437190288,183.8714353094221,185.3075561523437,164804,INDIACEM.BO,189.09943498883928,171.33932545979818,187.337890625
2021-05-28,186.1989249287741,186.8922157756684,178.86982435428007,180.10784912109375,341179,INDIACEM.BO,189.63709150041853,171.64305470784504,185.3075561523437
2021-05-31,180.10785176225292,183.62383006147752,178.67173092160374,180.25640869140625,234713,INDIACEM.BO,187.5642852783203,172.0887440999349,180.10784912109375
2021-06-01,181.3953765012179,183.9209499605012,180.0087948554892,181.4449005126953,167786,INDIACEM.BO,184.80525861467635,172.55093994140626,180.25640869140625
2021-06-02,180.8011297939977,184.46567987503423,177.08705570255412,177.87939453125,295064,INDIACEM.BO,182.42117745535714,173.1286844889323,181.4449005126953
2021-06-03,178.77076687691684,188.82352140694752,178.27555699637136,186.8426818847656,639809,INDIACEM.BO,182.73952593122206,173.91441650390624,177.87939453125
2021-06-04,188.6749821079502,190.85390276331577,186.1989324739876,187.23887634277344,187541,INDIACEM.BO,182.72538103376112,174.7529724121094,186.8426818847656
2021-06-07,187.6845478871738,191.8938319426909,185.10945041993253,188.13023376464844,158999,INDIACEM.BO,183.12862069266183,175.5354039510091,187.23887634277344
2021-06-08,188.1302416467635,189.8634763304763,182.83150468126289,183.52479553222656,173591,INDIACEM.BO,183.61675589425224,176.15606689453125,188.13023376464844
2021-06-09,183.77240031563312,186.7436597706552,179.36503514653853,180.9992218017578,267990,INDIACEM.BO,183.7228720528739,176.70905100504558,183.52479553222656
2021-06-10,181.04874291191504,184.8618500838157,181.04874291191504,182.2372436523437,119187,INDIACEM.BO,183.8360639299665,177.38253631591797,180.9992218017578
2021-06-11,183.7228689481669,183.7228689481669,181.24681950142613,182.8314971923828,112730,INDIACEM.BO,184.5435071672712,177.98999430338543,182.2372436523437
2021-06-14,184.069533768961,184.069533768961,178.77078156667852,180.40496826171875,95388,INDIACEM.BO,183.62383379255022,178.61560923258463,182.8314971923828
2021-06-15,180.4544832596492,189.5663423326052,180.4544832596492,186.8922119140625,385962,INDIACEM.BO,183.57431030273438,179.33201243082684,180.40496826171875
2021-06-16,188.179754356207,195.4593456355554,188.179754356207,189.6158599853516,664674,INDIACEM.BO,183.78654261997767,180.1507588704427,186.8922119140625
2021-06-17,188.17975308032743,191.94335116445524,185.30754184151223,186.19891357421875,278035,INDIACEM.BO,184.16855948311942,180.88697102864583,189.6158599853516
2021-06-18,187.1893558688141,195.11271484738828,180.9497076506654,193.3299560546875,645253,INDIACEM.BO,185.93009294782365,181.90050099690754,186.19891357421875
2021-06-21,191.15101452242945,197.4896949693224,188.1797552293347,191.89382934570312,390123,INDIACEM.BO,187.30960518973214,182.798481241862,193.3299560546875
2021-06-22,193.13186327074644,197.489704396941,193.13186327074644,195.7564697265625,328040,INDIACEM.BO,189.1560298374721,183.83016866048177,191.89382934570312
2021-06-23,196.1031259390024,198.7277324380926,191.1510267991286,193.13186645507807,171201,INDIACEM.BO,190.97415815080916,184.7033889770508,195.7564697265625
2021-06-24,192.9337704536773,193.62706125662743,190.507245087049,191.74526977539065,70777,INDIACEM.BO,191.6674521309989,185.4098882039388,193.13186645507807
2021-06-25,191.1510214549373,192.83473209289988,188.17976205408337,188.92257690429688,80357,INDIACEM.BO,191.56841169084822,186.02724965413412,191.74526977539065
2021-06-28,189.26924277455188,191.34911542928947,188.82354174397224,189.9130096435547,84623,INDIACEM.BO,192.09899684361048,186.63800862630208,188.92257690429688
2021-06-29,189.91300171808024,190.60629257406023,187.3874281381606,188.08071899414065,147751,INDIACEM.BO,191.34910583496094,187.03582661946615,189.9130096435547
2021-06-30,189.1701789697011,193.8746729493141,187.7835973154894,190.1605987548828,218588,INDIACEM.BO,191.10150146484375,187.49637145996093,188.08071899414065
2021-07-01,190.4082094495012,193.13186394097653,188.27881289211788,191.59671020507807,133239,INDIACEM.BO,190.5072501046317,187.3907267252604,190.1605987548828
2021-07-02,190.7053341536994,194.617489313303,190.1606002450594,190.8043670654297,110993,INDIACEM.BO,190.17475019182478,187.0589360555013,191.59671020507807
2021-07-05,190.85388749869696,192.14143622790004,189.219700916028,189.76443481445312,92025,INDIACEM.BO,189.8917737688337,186.89881846110026,190.8043670654297
2021-07-06,191.10149568803484,201.79803245543312,190.16059990892347,193.5775451660156,679138,INDIACEM.BO,190.55676923479353,187.19759521484374,189.76443481445312
2021-07-07,193.5775385298981,196.5983218119992,192.0919088940392,195.16221618652344,177340,INDIACEM.BO,191.30665588378906,187.45840606689453,193.5775451660156
2021-07-08,196.1031233862223,197.09354320130424,189.5663465616388,191.59671020507807,104212,INDIACEM.BO,191.80894034249442,187.668044535319,195.16221618652344
2021-07-09,191.64622669739484,192.78520339499823,189.9129920890205,190.9034118652344,56816,INDIACEM.BO,191.91505650111608,188.02789662679035,191.59671020507807
2021-07-12,191.34910625365256,195.6079145033352,187.5359990131772,188.575927734375,122535,INDIACEM.BO,191.4835161481585,188.30521392822266,190.9034118652344
2021-07-13,189.36826706098807,191.002468835863,188.9225811633339,189.7149200439453,84932,INDIACEM.BO,191.327880859375,188.58088124593098,188.575927734375
2021-07-14,189.8139526748511,194.5184468252268,189.1206618225803,191.1015014648437,212458,INDIACEM.BO,191.51889038085938,189.02161814371746,189.7149200439453
2021-07-15,192.83473183506564,192.98330387247373,189.71491551338315,190.3091583251953,177571,INDIACEM.BO,191.0519779750279,189.13716735839844,191.1015014648437
2021-07-16,191.151027241226,193.97372980252533,189.5663494677584,190.3586883544922,275900,INDIACEM.BO,190.36575971330916,189.24116109212238,190.3091583251953
2021-07-19,187.3378892751436,192.73568899142464,187.3378892751436,190.6062774658203,186062,INDIACEM.BO,190.2242693219866,189.32369588216145,190.3586883544922
2021-07-20,191.69576578007567,199.7676815458002,191.4481608165552,194.81558227539065,867412,INDIACEM.BO,190.78315080915178,189.70005544026694,190.6062774658203
2021-07-22,195.3603015369804,203.43221669612737,194.0727528009074,198.4801177978516,606029,INDIACEM.BO,192.19803510393416,190.28275197347006,194.81558227539065
2021-07-23,198.48011658309505,200.510480141483,194.4689285901265,195.06317138671875,167154,INDIACEM.BO,192.96207101004464,190.7102828979492,198.4801177978516
2021-07-26,195.45935762553265,198.925826997368,193.28042193029324,195.0136566162109,224875,INDIACEM.BO,193.5209503173828,191.1163548787435,195.06317138671875
2021-07-27,195.85550957170216,197.3906632381483,188.8730471687485,191.39862060546875,249074,INDIACEM.BO,193.6765877859933,191.4828099568685,195.0136566162109
2021-07-28,193.03280797979104,193.03280797979104,185.4561027508984,189.76443481445312,252758,INDIACEM.BO,193.59169442313058,191.57855072021485,191.39862060546875
2021-07-29,189.8634734836468,192.0919180435783,189.4673116069239,191.20054626464844,96476,INDIACEM.BO,193.6765899658203,191.6313735961914,189.76443481445312
2021-07-30,189.8634692222772,192.9833006037228,189.26922642053023,190.408203125,74413,INDIACEM.BO,193.04696437290735,191.7716832478841,191.20054626464844
2021-08-02,191.1510303112888,196.251686474034,190.0120535332334,191.646240234375,225541,INDIACEM.BO,192.07069614955358,191.71555938720704,190.408203125
2021-08-03,192.63664675106943,195.90503503980423,191.94335592924244,193.42898559570312,251983,INDIACEM.BO,191.83724103655135,191.76673126220703,191.646240234375
2021-08-04,194.4689377853801,199.52006980198044,191.64623525212764,192.48809814453125,291947,INDIACEM.BO,191.47644696916853,191.65778554280598,193.42898559570312
2021-08-05,193.8746685016297,193.8746685016297,189.61586050052864,190.75485229492188,102290,INDIACEM.BO,191.38448006766183,191.57855173746745,192.48809814453125
2021-08-06,191.6462458619257,192.14145579955343,189.71493012769923,190.5567779541016,76409,INDIACEM.BO,191.49767194475447,191.53893534342447,190.75485229492188
2021-08-09,192.14145107778663,193.47852392156688,187.93216671139183,190.0120544433593,92595,INDIACEM.BO,191.327887398856,191.5752512613932,190.5567779541016
2021-08-10,191.00246460848183,191.00246460848183,176.69088639839794,181.0982666015625,163731,INDIACEM.BO,189.99789646693634,191.2814264933268,190.0120544433593
2021-08-11,183.17814583187817,183.17814583187817,172.33305163917566,176.98802185058594,216344,INDIACEM.BO,187.9038652692522,190.91166992187496,181.0982666015625
2021-08-12,178.77076078832448,180.3059143882523,174.80908187888792,176.19566345214844,119953,INDIACEM.BO,185.44196210588726,190.4461720784505,176.98802185058594
2021-08-13,176.93849755119274,179.06790926489154,174.90814897868538,175.8490447998047,129479,INDIACEM.BO,183.064954485212,189.9212498982747,176.19566345214844
2021-08-16,176.1461747267661,176.8394655927867,168.12376797145066,170.3026885986328,167427,INDIACEM.BO,180.14321681431358,189.23786061604815,175.8490447998047
2021-08-17,170.40173232926017,171.14454719110296,165.25155230967147,166.9847869873047,119661,INDIACEM.BO,176.7757895333426,188.47853902180987,170.3026885986328
2021-08-18,168.56945184424055,172.9768170600099,167.7276040572999,169.90652465820312,107898,INDIACEM.BO,173.90357099260603,187.6895050048828,166.9847869873047
2021-08-20,169.36178072165075,170.7483623550311,164.9544157663279,166.29147338867188,88734,INDIACEM.BO,171.78831481933594,186.72714691162108,169.90652465820312
2021-08-23,165.4001109606775,167.43047462672823,154.80262184380223,155.89207458496094,245192,INDIACEM.BO,168.7746080671038,185.5369923909505,166.29147338867188
2021-08-24,155.99111450550478,161.43842326601447,153.46554105765628,160.74513244628906,159840,INDIACEM.BO,166.56738935198103,184.53171641031898,155.89207458496094
2021-08-25,162.1812565273839,162.28030456114618,158.61573888845618,159.5071258544922,115970,INDIACEM.BO,164.23282950265067,183.56275634765623,160.74513244628906
2021-08-26,160.94320869636758,160.94320869636758,156.58536785978524,157.42721557617188,279400,INDIACEM.BO,162.39347621372767,182.48649953206376,159.5071258544922
2021-08-27,156.63488861033693,162.13172163815307,156.63488861033693,161.4384307861328,145404,INDIACEM.BO,161.60113961356026,181.49773050944012,157.42721557617188
2021-08-30,163.32022969033616,163.32022969033616,160.49754214270476,160.9927520751953,46281,INDIACEM.BO,160.32774353027344,180.52051696777343,161.4384307861328
2021-08-31,162.03913366374456,165.27792311416997,161.74016544247422,163.1353302001953,88050,INDIACEM.BO,159.87686593191964,179.61307169596355,160.9927520751953
2021-09-01,167.42049979779284,177.63514338664626,167.42049979779284,175.29324340820312,621728,INDIACEM.BO,162.6484614780971,179.1026372273763,163.1353302001953
2021-09-02,175.69186058642936,181.97013193472063,173.99772773527883,179.9272003173828,479092,INDIACEM.BO,165.38875688825334,178.606357828776,175.29324340820312
2021-09-03,180.3756505336167,182.2192751436321,176.93755415859914,179.3292694091797,307502,INDIACEM.BO,168.22049168178015,177.96799621582028,179.9272003173828
2021-09-06,179.3790964373006,184.56115618203617,176.63858246395296,181.92030334472656,307640,INDIACEM.BO,171.7195042201451,177.52990061442054,179.3292694091797
2021-09-07,181.87047423121777,184.8102952939984,177.58530385193626,183.4151306152344,225826,INDIACEM.BO,174.8590327671596,177.14328308105468,181.92030334472656
2021-09-08,182.8670265625668,184.31202182387383,179.82754433323868,182.1196136474609,143207,INDIACEM.BO,177.87715584891183,176.83398284912107,183.4151306152344
2021-09-09,181.3722076416016,184.66082763457595,180.47531819177004,181.3722076416016,101428,INDIACEM.BO,180.48242405482702,176.5542419433594,182.1196136474609
2021-09-13,181.37220291824244,181.42203348774763,177.5354771586638,178.03375244140625,103165,INDIACEM.BO,180.8739253452846,176.11534881591797,181.3722076416016
2021-09-14,179.3790981950431,181.72099805949577,178.8309923537718,180.62478637695312,104228,INDIACEM.BO,180.97358049665178,175.78923492431642,178.03375244140625
2021-09-15,181.3722012417304,185.8068481759154,180.52512718643624,184.2621917724609,132204,INDIACEM.BO,181.67828369140625,175.5430999755859,180.62478637695312
2021-09-16,185.0594431290881,191.58685259151244,180.87393365596623,187.79995727539065,262644,INDIACEM.BO,182.5182342529297,175.3554656982422,184.2621917724609
2021-09-17,187.2518410849125,188.99580453644475,178.88082260001968,183.4151306152344,223002,INDIACEM.BO,182.5182342529297,175.05303344726562,187.79995727539065
2021-09-20,181.3721981322966,182.31891810329472,174.6953125609649,176.33961486816406,144495,INDIACEM.BO,181.69252014160156,174.57252553304036,183.4151306152344
2021-09-21,176.33961339394196,177.58530155751342,171.20738424248938,174.84478759765625,143647,INDIACEM.BO,180.7600315638951,174.04879252115884,176.33961486816406
2021-09-22,174.89462384836668,180.67462015638128,174.89462384836668,179.17979431152344,133237,INDIACEM.BO,180.9237518310547,173.68771718343103,174.84478759765625
2021-09-23,180.87392511063751,187.0027049203543,180.47531097246988,184.9099578857422,314029,INDIACEM.BO,181.53591918945312,173.81477355957034,179.17979431152344
2021-09-24,186.205476776296,191.83598131422568,180.87392523912703,188.1985778808593,339935,INDIACEM.BO,182.09826006208147,174.18845876057944,184.9099578857422
2021-09-27,188.547356207032,196.1211462762104,185.8566728319293,193.7294158935547,557829,INDIACEM.BO,182.94532557896204,174.77291717529297,188.1985778808593
2021-09-28,194.3273619990884,196.76890786502543,186.8532326914312,189.3944396972656,242430,INDIACEM.BO,183.7995125906808,175.22443033854168,193.7294158935547
2021-09-29,189.2449516410153,194.0283975314969,187.35151159564907,191.736328125,182587,INDIACEM.BO,185.99904305594308,175.9388849894206,189.3944396972656
2021-09-30,193.2809854689008,201.65201961700805,192.0352972212201,199.31011962890625,514344,INDIACEM.BO,189.4940904889788,177.01639607747396,191.736328125
2021-10-01,198.3135562162337,209.77388735435773,197.01803748112792,200.1571807861328,1035778,INDIACEM.BO,192.49085998535156,178.02475128173828,199.31011962890625
2021-10-04,201.80149288952472,204.64166813117268,200.35649758660853,202.39942932128903,292211,INDIACEM.BO,194.9893559047154,179.2283498128255,200.1571807861328
2021-10-05,202.1004586133915,202.79804097107825,194.12805405433195,194.97511291503903,184329,INDIACEM.BO,195.9574323381696,180.53111775716147,202.39942932128903
2021-10-06,195.27408206279787,199.808390218718,191.58684797779816,192.6830596923828,302028,INDIACEM.BO,195.80795288085935,181.59571533203126,194.97511291503903
2021-10-07,194.32735242774297,197.566141634872,194.2276912927542,195.3737335205078,101305,INDIACEM.BO,196.66213771275108,182.79126892089843,192.6830596923828
2021-10-08,195.8221888694929,196.71907830857057,193.33081242077168,193.6796112060547,100590,INDIACEM.BO,196.9397495814732,183.9996821085612,195.3737335205078
2021-10-11,195.22424872727944,196.420121564851,193.1315016738388,194.62632751464844,83383,INDIACEM.BO,196.2706364222935,185.10594533284504,193.6796112060547
2021-10-12,194.32735846739985,201.3032123611014,193.081670272096,196.9183959960937,388519,INDIACEM.BO,195.80795288085935,186.303466796875,194.62632751464844
2021-10-13,197.31701612091305,201.3032184667901,197.01804790374123,198.46304321289065,133591,INDIACEM.BO,195.24561200823103,187.4810572306315,196.9183959960937
2021-10-14,200.00769147381783,221.03491406982,198.0644209510012,213.66043090820312,1750051,INDIACEM.BO,197.9149431501116,188.7599634806315,198.46304321289065
2021-10-18,215.2549157742777,225.220421134198,214.8563016423427,217.7462921142578,712406,INDIACEM.BO,201.49540492466517,190.02059987386068,213.66043090820312
2021-10-19,219.141460496806,220.1878416185655,202.24993166664729,204.1433868408203,535105,INDIACEM.BO,202.74821254185267,190.84773712158204,217.7462921142578
2021-10-20,205.737866495033,210.5711429444163,199.7585629483264,202.7482147216797,375147,INDIACEM.BO,204.0437273297991,191.54200083414713,204.1433868408203
2021-10-21,205.23959214925208,207.28252391172853,200.55580739055463,205.3890838623047,147432,INDIACEM.BO,205.58126395089286,192.27446594238282,202.7482147216797
2021-10-22,206.28597141700453,207.38218314467773,193.82908908505985,196.81874084472656,378851,INDIACEM.BO,205.56702750069755,192.76443684895833,205.3890838623047
2021-10-25,196.8187304514057,197.3170057183713,188.39788148091824,192.4339141845703,249945,INDIACEM.BO,204.70572335379464,193.13316040039064,196.81874084472656
2021-10-26,196.2207920722724,199.9080411756036,193.2809710680158,198.16407775878903,123326,INDIACEM.BO,202.49195861816406,193.80417124430338,192.4339141845703
2021-10-27,199.1606319133488,201.20354835965017,194.3273557018912,197.21734619140625,76954,INDIACEM.BO,199.5592520577567,194.3572565714518,198.16407775878903
2021-10-28,197.2173477331423,205.7876885443268,193.43046780863048,200.3564910888672,438832,INDIACEM.BO,199.01826695033483,194.89373321533202,197.21734619140625
2021-10-29,202.1004547310159,207.5814827600781,196.61942670195367,205.28941345214844,299153,INDIACEM.BO,199.38129534040178,195.47671508789062,200.3564910888672
2021-11-01,206.1863009699408,208.07975612263084,203.0970034147429,204.94061279296875,186474,INDIACEM.BO,199.31722804478235,196.19423116048173,205.28941345214844
2021-11-02,205.04028184243828,209.9233736021534,204.6914830569636,206.8340759277344,126192,INDIACEM.BO,200.74799019949776,197.21071319580076,204.94061279296875
2021-11-03,208.27907033789523,212.7137173588825,204.8409738926873,210.7704467773437,220528,INDIACEM.BO,203.36749485560827,198.408235168457,206.8340759277344
2021-11-04,212.8632090695338,214.4078502970721,211.4680291397457,212.4147491455078,67476,INDIACEM.BO,205.40330505371094,199.51606699625648,210.7704467773437
2021-11-08,212.01613596791705,219.4902653204876,210.52131009740293,216.69992065429688,372928,INDIACEM.BO,208.18652997698103,200.57573242187496,212.4147491455078
2021-11-09,217.94559894726413,225.86817265870147,214.30819557724303,222.18093872070312,314770,INDIACEM.BO,211.30430821010046,201.70847778320314,216.69992065429688
2021-11-10,222.1809497612721,231.2495661622037,208.37873329037149,209.4749298095703,1228366,INDIACEM.BO,211.90223911830358,202.23332824707032,222.18093872070312
2021-11-11,207.7807905670756,213.7600938927468,202.3495930874885,212.36492919921875,523980,INDIACEM.BO,212.96285574776786,202.99901123046874,209.4749298095703
2021-11-12,213.51096176615675,213.76009941115808,206.88390649158288,208.47837829589844,211341,INDIACEM.BO,213.19775608607702,203.5570795694987,212.36492919921875
2021-11-15,209.27561516309305,209.7738904372909,204.1433859213172,204.7911376953125,73069,INDIACEM.BO,212.34356907435827,203.73978017171223,208.47837829589844
2021-11-16,206.6845855702529,207.6811361568137,200.25683732816657,201.7516632080078,179710,INDIACEM.BO,210.82027108328683,203.79292958577474,204.7911376953125
2021-11-17,201.0540780838725,203.296316872912,199.95786637121344,200.4063262939453,94663,INDIACEM.BO,208.49261474609375,203.72649281819662,201.7516632080078
2021-11-18,200.4063175113932,202.6485562021694,197.2671742206139,200.804931640625,115640,INDIACEM.BO,205.43889944893974,203.9208201090495,200.4063262939453
2021-11-22,202.2499332203158,202.2499332203158,191.1882311220172,194.62632751464844,237844,INDIACEM.BO,203.31767054966517,203.985595703125,200.804931640625
2021-11-23,192.33425645479488,198.81183504006,192.33425645479488,197.566146850586,334215,INDIACEM.BO,201.20355878557478,204.05867614746094,194.62632751464844
2021-11-24,197.6159848407252,200.9544201901955,194.07822720853,195.67271423339844,124212,INDIACEM.BO,199.37417820521765,204.12511291503907,197.566146850586
2021-11-25,197.2173564140692,197.2173564140692,191.9854657970566,193.38064575195312,73253,INDIACEM.BO,197.74410792759485,204.08359018961588,195.67271423339844
2021-11-26,192.13495226595543,193.72942404869173,185.35840537240017,186.2552947998047,217140,INDIACEM.BO,195.53034101213728,203.72815348307293,193.38064575195312
2021-11-29,186.25529620230049,187.6006455596925,182.56806211964903,184.4615173339844,147308,INDIACEM.BO,193.25251116071428,203.26143595377604,186.2552947998047
2021-11-30,184.4615149775285,189.39443721469075,182.36875271635432,183.61444091796875,133685,INDIACEM.BO,190.7967267717634,202.25990295410156,184.4615173339844
2021-12-01,183.8137554406387,186.4546236588126,180.97359534951315,181.72100830078125,124727,INDIACEM.BO,188.95310974121094,201.059060160319,183.61444091796875
2021-12-02,184.1127222286964,185.95634690993032,181.67117631479724,185.1591033935547,54244,INDIACEM.BO,187.18067496163505,200.42625071207684,181.72100830078125
2021-12-03,185.95633442389203,189.44426126845264,185.4082285928017,186.50442504882807,97429,INDIACEM.BO,185.87091936383928,199.8847910563151,185.1591033935547
2021-12-06,186.65391938748795,187.40133229330584,182.4185795878532,182.91685485839844,70638,INDIACEM.BO,184.37609209333147,199.1357167561849,186.50442504882807
2021-12-07,183.2656467479552,186.70375843579905,183.2656467479552,185.3085784912109,57583,INDIACEM.BO,184.24084690638952,198.75204467773438,182.91685485839844
2021-12-08,187.15220224340283,191.1384045693277,185.35840815550563,189.2449493408203,113155,INDIACEM.BO,184.9241943359375,198.64574584960937,185.3085784912109
2021-12-09,190.4906279922988,192.384083125628,188.74666456237023,191.9356384277344,77102,INDIACEM.BO,186.1129368373326,198.4381312052409,189.2449493408203
2021-12-10,193.7294251575676,194.0782239403074,190.98891108395603,192.18478393554688,45107,INDIACEM.BO,187.6077619280134,198.27037913004557,191.9356384277344
2021-12-13,192.93218705511285,194.07821407243705,190.83942487739,191.5868377685547,57529,INDIACEM.BO,188.52600969587053,197.97805735270182,192.18478393554688
2021-12-14,191.5868383481952,194.1778757945337,189.69339843397773,193.7294158935547,36731,INDIACEM.BO,189.5581512451172,197.5927241007487,191.5868377685547
2021-12-15,194.3273648455053,199.31011779026176,191.9356495144842,192.38409423828125,211945,INDIACEM.BO,190.91061401367188,197.1741734822591,193.7294158935547
2021-12-16,194.12805540558253,194.12805540558253,189.0954719514153,189.8927154541016,38013,INDIACEM.BO,191.56549072265625,196.60946146647134,192.38409423828125
2021-12-17,189.59374907116367,189.8428867177749,182.9666937537664,183.66427612304688,96019,INDIACEM.BO,190.76825169154577,195.70592244466147,189.8927154541016
2021-12-20,182.66772116074785,182.66772116074785,169.66273327794732,174.2468719482422,121560,INDIACEM.BO,188.2412850516183,194.43365987141928,183.66427612304688
2021-12-21,178.28288351907997,179.52857168007455,174.94444837130715,175.99082946777344,76673,INDIACEM.BO,185.92786298479353,193.07669016520182,174.2468719482422
2021-12-22,184.26219046725373,191.6865042238236,182.26908936882523,186.0559844970703,484958,INDIACEM.BO,185.1377410888672,191.87252502441407,175.99082946777344
2021-12-23,187.35150286680025,188.14874634576225,184.710649999278,187.2020263671875,92915,INDIACEM.BO,184.20525687081474,191.13009490966797,186.0559844970703
2021-12-24,189.34461142455245,189.34461142455245,181.2725455918857,183.66427612304688,194817,INDIACEM.BO,182.9595685686384,190.17340647379558,187.2020263671875
2021-12-27,184.26219735279324,189.24495028506084,180.82410087075965,188.59719848632807,224501,INDIACEM.BO,182.77449471609933,189.51070048014324,183.66427612304688
2021-12-28,190.09201648365456,192.13494814240312,187.40133305303297,189.9923553466797,134301,INDIACEM.BO,183.67850603376115,189.0174077351888,188.59719848632807
2021-12-29,191.0885749524619,191.0885749524619,187.8996161170417,188.59719848632807,43794,INDIACEM.BO,185.72855268205916,188.57892557779948,189.9923553466797
2021-12-30,188.44770988255823,189.79304396420747,186.2054712069886,187.1521911621093,73115,INDIACEM.BO,187.3230329241071,188.13712107340496,188.59719848632807
2021-12-31,187.65047665515613,193.87891776023864,187.3515084408812,191.5370178222656,97521,INDIACEM.BO,188.1060376848493,187.82819061279298,187.1521911621093
2022-01-03,192.33426277615035,201.8513238977557,190.3411616074856,199.6090850830078,220189,INDIACEM.BO,189.8784746442522,187.9942825317383,191.5370178222656
2022-01-04,200.80493807941488,201.6520121388868,197.0180429056689,199.5592498779297,101916,INDIACEM.BO,192.14918518066403,188.06071929931642,199.6090850830078
2022-01-05,199.31011374257352,207.53165593445468,198.56270081603887,205.98699951171875,299547,INDIACEM.BO,194.63344247000555,188.40452880859374,199.5592498779297
2022-01-06,204.791136883305,208.87700019798848,202.29976052219425,207.0832061767578,200287,INDIACEM.BO,197.07499258858815,188.8612808227539,205.98699951171875
2022-01-07,207.28252167047043,242.5604062953865,207.28252167047043,239.07247924804688,1419551,INDIACEM.BO,204.2857469831194,190.62185363769532,207.0832061767578
2022-01-10,240.81642938181315,252.8248663040476,235.38523203703,248.7888336181641,830214,INDIACEM.BO,213.09098161969865,192.76609751383464,239.07247924804688
2022-01-11,249.18747591988395,252.6255723844772,240.56730426709527,243.0088653564453,362468,INDIACEM.BO,220.44410269601005,194.74591166178385,248.7888336181641
2022-01-12,244.9022944309077,249.685740049019,241.7631663222917,247.4933319091797,228446,INDIACEM.BO,227.28470938546317,196.93832244873047,243.0088653564453
2022-01-13,246.4967904925416,248.6393681435813,242.41092705782032,244.3043670654297,115882,INDIACEM.BO,233.67686898367745,198.90983123779296,247.4933319091797
2022-01-14,243.1583339235516,259.00348156807524,241.36453989436004,253.77159118652344,761708,INDIACEM.BO,240.50323922293526,201.15207010904948,244.3043670654297
2022-01-17,254.07055459737165,255.1169356951648,245.25109153004,250.4331512451172,290265,INDIACEM.BO,246.69608851841517,203.4026133219401,253.77159118652344
2022-01-18,252.1272890932624,252.1272890932624,232.79421451007488,235.0364532470703,424166,INDIACEM.BO,246.11951337541853,205.06020914713542,250.4331512451172
2022-01-19,235.03645970247675,238.92300087088628,229.2564633137957,237.07937622070312,271337,INDIACEM.BO,244.44673374720983,206.65469004313152,235.0364532470703
2022-01-20,237.17903507559043,240.7167926316044,235.2855950797179,237.87661743164065,168152,INDIACEM.BO,243.71355547223772,208.1860560099284,237.07937622070312
2022-01-21,239.0226585114327,239.0226585114327,224.5228447850172,227.01422119140625,176218,INDIACEM.BO,240.7879682268415,209.34703725179037,237.87661743164065
2022-01-24,226.01766329279303,226.51593855789795,207.5316479161721,211.8168182373047,393816,INDIACEM.BO,236.14688982282365,210.02136993408203,227.01422119140625
2022-01-25,209.27562412325747,219.2411300338888,206.3358029208523,217.5469970703125,316513,INDIACEM.BO,230.9719478062221,210.81528930664064,211.8168182373047
2022-01-27,218.3442373436275,222.3802550126045,212.1656116058179,218.9919891357422,204416,INDIACEM.BO,226.48035321916853,211.70221913655598,217.5469970703125
2022-01-28,222.1311118665822,230.6017915550832,221.13456131499385,222.87852478027344,310921,INDIACEM.BO,224.7435062953404,212.80174611409504,218.9919891357422
2022-01-31,227.96094437571168,228.7581878781473,220.93525977011447,222.2806091308593,126716,INDIACEM.BO,222.62939671107702,214.08895721435547,222.87852478027344
2022-02-01,226.2169745673185,236.6807553292429,222.92835471519703,230.103515625,654781,INDIACEM.BO,221.51895359584265,215.95084533691406,222.2806091308593
2022-02-02,233.5914491541029,233.5914491541029,227.76163740265136,230.5021514892578,203723,INDIACEM.BO,222.01722935267858,217.76788940429688,230.103515625
2022-02-03,233.4917998709008,233.4917998709008,227.26335885431763,228.6585235595703,149370,INDIACEM.BO,224.42318725585938,219.18797403971354,230.5021514892578
2022-02-04,229.555420570224,233.59143805008213,223.92490095442872,225.61903381347656,680018,INDIACEM.BO,225.57633536202567,220.46854095458986,228.6585235595703
2022-02-07,225.22042132281592,227.71179766488245,217.59681579855405,221.034912109375,452863,INDIACEM.BO,225.86818150111608,221.71422882080077,225.61903381347656
2022-02-08,221.23422421294,223.82526175014803,215.5040584957129,219.938705444336,412159,INDIACEM.BO,225.44820731026786,222.75894571940105,221.034912109375
2022-02-09,220.2376687028336,224.02456378510865,219.2909487338034,222.67921447753903,517909,INDIACEM.BO,225.5051509312221,223.8485076904297,219.938705444336
2022-02-10,223.2273212312692,225.81835872087967,218.79267436411104,222.03146362304688,629304,INDIACEM.BO,224.3520006452288,224.96298319498698,222.67921447753903
2022-02-11,222.08129405059103,222.08129405059103,208.12958648247883,209.37527465820312,719782,INDIACEM.BO,221.33387538364954,225.70375264485676,222.03146362304688
2022-02-15,196.3204547213712,211.1690515594599,195.87201002339089,209.02647399902344,237995,INDIACEM.BO,218.529296875,226.28673451741537,209.37527465820312
2022-02-16,211.06941727587176,211.46803142803603,204.2928702459932,206.68458557128903,128729,INDIACEM.BO,215.82437569754464,226.5225845336914,209.02647399902344
2022-02-17,208.7773459943152,209.27562128308443,203.1966566776376,204.6914825439453,94069,INDIACEM.BO,213.4896000453404,226.69365895589192,206.68458557128903
2022-02-18,203.2963081627808,216.69990975287047,202.54889526512352,211.8168182373047,433084,INDIACEM.BO,212.32933044433594,226.8879862467448,204.6914825439453
2022-02-21,209.1759495087972,215.6037125720704,206.5849272626123,208.0299224853516,1216501,INDIACEM.BO,210.23657444545202,226.91954345703124,211.8168182373047
2022-02-22,202.29976505062743,208.12959194858777,199.6090815616284,207.133041381836,174618,INDIACEM.BO,208.1082284109933,225.85489552815756,208.0299224853516
2022-02-23,209.4749204763296,210.6209627210746,205.6382100208472,207.73095703125,82442,INDIACEM.BO,207.87332589285714,224.48629964192708,207.133041381836
2022-02-24,199.3101178017415,200.70528254389163,183.91341424278804,187.451171875,584288,INDIACEM.BO,204.79113987513952,222.6343765258789,207.73095703125
2022-02-25,195.27407336840284,202.15028115107208,193.2809723078299,196.3702850341797,249148,INDIACEM.BO,203.31766836983817,220.9302749633789,187.451171875
2022-02-28,196.32045337513253,202.05061889242705,188.74666330459465,201.4526824951172,207761,INDIACEM.BO,202.85498264857702,219.50188547770182,196.3702850341797
2022-03-02,198.31356355970573,205.7876928395941,196.5197694913015,203.1966552734375,131596,INDIACEM.BO,201.623530796596,217.81605428059896,201.4526824951172
2022-03-03,205.239580461448,206.38562270496627,192.3342540229037,193.4304656982422,232094,INDIACEM.BO,199.53789411272322,215.91596476236978,203.1966552734375
2022-03-04,192.33425762967127,197.5661480574214,189.5439130269736,192.4837341308593,248561,INDIACEM.BO,197.44513593401228,214.49754079182944,193.4304656982422
2022-03-07,186.95288528798167,188.3978805135312,180.8739209797541,183.714096069336,285329,INDIACEM.BO,194.014155796596,212.71869812011718,192.4837341308593
2022-03-08,183.3653052889169,193.3308110111406,181.97014057026755,192.18478393554688,296476,INDIACEM.BO,194.69038609095983,211.19563700358074,183.714096069336
2022-03-09,193.33081015407268,197.4664889279994,191.08857137651256,196.12115478515625,178788,INDIACEM.BO,194.65479605538505,210.1658681233724,192.18478393554688
2022-03-10,199.31010662691824,203.3959698952318,197.16752906314065,198.5128631591797,198946,INDIACEM.BO,194.23482186453683,209.72240295410157,196.12115478515625
2022-03-11,198.66235292594715,206.13648185158613,197.6658024025286,204.24302673339844,108865,INDIACEM.BO,194.3843035016741,209.27893727620443,198.5128631591797
2022-03-14,204.4921782561358,205.28942177026104,200.40632995624608,202.7482147216797,119415,INDIACEM.BO,195.71541050502233,208.73747812906902,204.24302673339844
2022-03-15,204.84097149589093,209.97320081864183,201.9011503729709,204.99044799804688,381721,INDIACEM.BO,197.50208391462053,208.1412089029948,202.7482147216797
2022-03-16,208.77734793846471,214.15871502482224,206.1364949658579,211.6175231933593,193104,INDIACEM.BO,201.48828778948103,207.78577270507813,204.99044799804688
2022-03-17,216.25147310109188,216.5006107429134,212.31510140154265,213.71026611328125,260358,INDIACEM.BO,204.56335667201452,207.2393310546875,211.6175231933593
2022-03-21,215.2549243677437,215.2549243677437,207.5316574054752,209.1261444091797,108466,INDIACEM.BO,206.42121233258928,206.52679748535155,213.71026611328125
2022-03-22,209.3254533429568,212.2652745263869,205.6880345853608,211.11924743652344,133562,INDIACEM.BO,208.22212437220983,205.94215494791666,209.1261444091797
2022-03-23,213.8597586804013,213.8597586804013,207.03338118463145,208.1295928955078,106738,INDIACEM.BO,208.777348109654,205.3591735839844,211.11924743652344
2022-03-24,209.2257829534235,211.5178522379872,206.28596189994505,209.37527465820312,94144,INDIACEM.BO,209.7240709577288,204.97051900227865,208.1295928955078
2022-03-25,210.57114292259607,210.770449999568,205.28942174898825,207.6811370849609,98744,INDIACEM.BO,210.10845511300224,204.5619333902995,209.37527465820312
2022-03-28,208.578032820447,208.6278633890977,201.80148605012545,204.7911376953125,145902,INDIACEM.BO,209.13325718470983,203.96566416422527,207.6811370849609
2022-03-29,205.2894194811122,214.90612649570227,205.2894194811122,208.47837829589844,274999,INDIACEM.BO,208.38584463936942,203.5138946533203,204.7911376953125
2022-03-30,210.27216314675545,212.7635394873568,208.9268138403689,210.0230255126953,90481,INDIACEM.BO,208.51397051130022,203.53548634847004,208.47837829589844
2022-03-31,210.2721756337681,212.0161391757543,206.7842485497956,208.6776885986328,116193,INDIACEM.BO,208.16517639160156,203.52386016845702,210.0230255126953
2022-04-01,209.275618312839,219.2411239467837,208.1794066106432,217.64663696289065,260648,INDIACEM.BO,209.5247541155134,203.8892618815104,208.6776885986328
2022-04-04,220.1380111635275,221.1345617169272,216.2514700877306,220.08819580078125,212001,INDIACEM.BO,211.055171421596,204.4024856567383,217.64663696289065
2022-04-05,221.93181266054663,222.97819381801867,218.64319268255824,219.8390655517578,109764,INDIACEM.BO,212.7920183454241,204.66989390055338,220.08819580078125
2022-04-06,217.4473313678509,222.5297453581329,217.4473313678509,220.7857818603516,164772,INDIACEM.BO,215.07696751185827,205.0950892130534,219.8390655517578
2022-04-07,220.78578556807813,224.6723267745112,217.5469961606656,219.8390655517578,129582,INDIACEM.BO,216.6999228341239,205.51862335205078,220.7857818603516
2022-04-08,221.68267362556523,227.16370181917,219.789233604782,224.9214630126953,171626,INDIACEM.BO,218.8282710484096,206.09164021809895,219.8390655517578
2022-04-11,226.21697547407285,234.18937989606653,224.92145671426792,229.4557647705078,444596,INDIACEM.BO,221.79656764439173,207.49179331461588,224.9214630126953
2022-04-12,230.70146038915368,230.70146038915368,219.0916521582955,224.27371215820312,232830,INDIACEM.BO,222.74329267229353,208.42190755208333,229.4557647705078
2022-04-13,225.22042562683296,230.30283954423663,222.62938809910665,223.8750762939453,198211,INDIACEM.BO,223.2842755998884,209.16932067871093,224.27371215820312
2022-04-18,223.72560146028195,225.0211202337996,214.75664639060471,216.00233459472656,125169,INDIACEM.BO,222.73617117745536,209.59617665608724,223.8750762939453
2022-04-19,218.39404283599737,218.74284160438867,204.29285890159304,207.3821716308593,97698,INDIACEM.BO,220.82136971609933,210.0612335205078,216.00233459472656
2022-04-20,207.68112567006824,214.95594762585512,206.78423626991352,210.0230255126953,185612,INDIACEM.BO,219.41907828194755,210.645876566569,207.3821716308593
2022-04-21,213.61061419800387,214.7068106676263,211.5178519828496,213.80992126464844,75653,INDIACEM.BO,217.8317151750837,211.6490707397461,210.0230255126953
2022-04-22,214.2583747011608,214.2583747011608,207.830626501357,208.47837829589844,44656,INDIACEM.BO,214.83494567871094,212.19219055175782,213.80992126464844
2022-04-25,207.18284801241168,208.17939853715853,200.5059625378385,201.4526824951172,116498,INDIACEM.BO,211.57479858398438,212.36990814208986,208.47837829589844
2022-04-26,202.7482110843419,207.1828580940266,202.7482110843419,205.33924865722656,54110,INDIACEM.BO,208.92682320731026,212.5974543253581,201.4526824951172
2022-04-27,204.29287206124383,209.52476268720253,200.8547755482735,208.6776885986328,112513,INDIACEM.BO,207.8804452078683,212.74527638753256,205.33924865722656
2022-04-28,210.2721686420395,211.46802627555,204.7911405494745,207.78079223632807,98243,INDIACEM.BO,207.93739100864954,212.91302897135418,208.6776885986328
2022-04-29,209.8735497553954,211.9164661969748,205.289411190049,206.086654663086,60322,INDIACEM.BO,207.37505231584822,212.94956919352214,207.78079223632807
2022-05-04,205.7876897741349,205.7876897741349,192.88236311766585,195.27407836914065,67660,INDIACEM.BO,204.7270747593471,212.4047876993815,206.086654663086
2022-05-05,198.31356721179696,200.30666838980497,194.47684136166944,195.67271423339844,60962,INDIACEM.BO,202.89769417898995,211.80353597005208,195.27407836914065
2022-05-06,193.38063998109047,193.38063998109047,184.66082254628623,185.75701904296875,109133,INDIACEM.BO,200.65545654296875,211.02456512451172,195.67271423339844
2022-05-09,185.15909265315148,186.30511968723283,181.0732293725796,183.56460571289065,96567,INDIACEM.BO,197.54479326520647,210.1060770670573,185.75701904296875
2022-05-10,183.3653092893836,187.7501258203632,179.8773822105094,181.8704833984375,87807,INDIACEM.BO,193.71519252232142,209.23077341715495,183.56460571289065
2022-05-11,181.6213367114428,183.1659930964473,170.06134431428833,175.69186401367188,134923,INDIACEM.BO,189.13105991908483,208.10799306233724,181.8704833984375
2022-05-12,175.39289395821797,175.39289395821797,164.1318698844424,167.6197967529297,92501,INDIACEM.BO,183.63579450334822,206.77261505126953,175.69186401367188
2022-05-13,171.40669375135624,175.84134063566916,167.12152336634142,167.96859741210938,120567,INDIACEM.BO,179.7350115094866,205.54519704182943,167.6197967529297
2022-05-16,169.31392930222194,183.3652978857081,168.91531517188866,178.13340759277344,463271,INDIACEM.BO,177.2293962751116,204.53369801839193,167.96859741210938
2022-05-17,179.37909824474698,182.8171945865404,175.7915101973902,182.2690887451172,220936,INDIACEM.BO,176.73112051827567,203.608566792806,178.13340759277344
2022-05-18,180.5251326167188,184.81030317882468,179.57841260101236,182.0199584960937,51529,INDIACEM.BO,176.51045663016183,202.71997578938803,182.2690887451172
2022-05-19,176.4392754492816,180.87392229348325,173.2503167751453,174.19703674316406,103947,INDIACEM.BO,175.41424996512276,201.2716557820638,182.0199584960937
2022-05-20,178.38255263042717,179.17979613034163,175.44273148026286,177.88427734375,53198,INDIACEM.BO,175.72745186941964,199.86485850016277,174.19703674316406
2022-05-23,179.37909325132978,181.37219428745567,173.39979014295213,175.64202880859375,93084,INDIACEM.BO,176.8734850202288,198.3916239420573,177.88427734375
2022-05-24,176.14031274000897,176.38945038179116,169.3637658423024,170.31048583984375,105805,INDIACEM.BO,177.20804050990515,196.70911407470703,175.64202880859375
2022-05-25,171.40669302292596,172.10427536027674,161.8398017484869,162.5373992919922,124839,INDIACEM.BO,174.98003932407923,194.79905853271484,170.31048583984375
2022-05-26,161.83980910113644,169.81221378998364,150.08052435001093,168.86549377441406,351920,INDIACEM.BO,173.06524004255022,192.93052622477214,162.5373992919922
2022-05-27,169.46342679372054,172.552724424704,159.04947641999408,162.0889434814453,318717,INDIACEM.BO,170.21795218331474,190.68496551513672,168.86549377441406
2022-05-30,161.74015227182994,173.00117617754486,161.74015227182994,171.20738220214844,230938,INDIACEM.BO,169.79085867745536,188.91608784993488,162.0889434814453
2022-05-31,171.05789922872924,173.1008309381102,167.42049573131445,169.16445922851562,431321,INDIACEM.BO,168.545170375279,187.09240061442057,171.20738220214844
2022-06-01,169.16446526845294,171.75550292498275,165.77619929251904,167.42050170898438,344202,INDIACEM.BO,167.37066650390625,185.47300618489584,169.16445922851562
2022-06-02,167.76928894559316,169.11462304652318,164.231531498873,168.11807250976562,614524,INDIACEM.BO,167.05746459960938,184.16420288085936,167.42050170898438
2022-06-03,170.41014587047,171.00808228931953,161.24188375375752,162.73670959472656,408828,INDIACEM.BO,167.0859375,182.5879923502604,168.11807250976562
2022-06-06,162.73670551346848,166.62324652005586,160.69377387414764,164.82945251464844,87253,INDIACEM.BO,166.50936017717635,180.95531005859374,162.73670959472656
2022-06-07,163.5837638582964,164.82945202415658,161.44118629547864,164.3311767578125,80811,INDIACEM.BO,166.82967921665735,179.48373667399088,164.82945251464844
2022-06-08,165.3277277148009,166.37410881803976,161.5906632076295,163.18515014648438,313364,INDIACEM.BO,165.68364606584822,178.2081522623698,164.3311767578125
2022-06-09,162.7865433928611,163.8827399076219,160.69378109153257,162.93601989746094,203828,INDIACEM.BO,164.7938690185547,176.79471130371093,163.18515014648438
2022-06-10,162.13876566963614,163.8827290700296,160.14566464061502,161.34152221679688,39019,INDIACEM.BO,163.9254433768136,175.2168390909831,162.93601989746094
2022-06-13,159.4480937336142,159.4480937336142,156.35878083506336,157.35533142089844,45578,INDIACEM.BO,162.38790893554688,173.5359903971354,161.34152221679688
2022-06-14,157.65429599874773,161.3913606093667,154.4653372389172,158.30206298828125,45655,INDIACEM.BO,161.75438799176897,171.94317067464192,157.35533142089844
2022-06-15,158.05292169037892,159.99619220170436,157.3553241476146,159.248779296875,29383,INDIACEM.BO,160.9571489606585,170.74232737223306,158.30206298828125
2022-06-16,162.08893741534413,162.13876798301146,151.47568036683978,152.82102966308594,97037,INDIACEM.BO,159.3128422328404,169.31393788655598,159.248779296875
2022-06-17,152.8210328970876,154.9137799280131,150.03068831636563,153.0203399658203,91072,INDIACEM.BO,157.86072649274553,168.22271525065105,152.82102966308594
2022-06-20,152.47223822289914,153.9670640878295,145.04793946830924,149.2832794189453,113553,INDIACEM.BO,155.91033499581474,167.0800043741862,153.0203399658203
2022-06-21,151.92412610250847,155.96015881269406,150.37946973118383,155.46188354492188,43184,INDIACEM.BO,155.0703866141183,166.19971771240233,149.2832794189453
2022-06-22,154.91377573446735,154.91377573446735,151.5753406066411,153.46878051757812,37319,INDIACEM.BO,154.5151650565011,165.45894826253254,155.46188354492188
2022-06-23,153.66808682883712,156.90687601222052,152.472229248511,155.76084899902344,39834,INDIACEM.BO,154.15213448660714,165.06365000406902,153.46878051757812
2022-06-24,156.60790979254884,158.4515343565172,154.61480873146058,157.7539520263672,28136,INDIACEM.BO,153.93858773367745,164.72316182454426,155.76084899902344
2022-06-27,159.44809466787405,159.6972323157926,156.75741111158473,158.3518829345703,60963,INDIACEM.BO,154.7287096296038,164.06377766927082,157.7539520263672
2022-06-28,157.65429408069988,157.65429408069988,151.6251602076884,156.3089599609375,78004,INDIACEM.BO,155.1985124860491,163.1984400431315,158.3518829345703
2022-06-29,154.46533108789365,163.08548703065955,153.51861113213417,161.19204711914062,325675,INDIACEM.BO,156.89976501464844,162.5041763305664,156.3089599609375
2022-06-30,161.4411982631216,162.4377488696841,154.71448166882487,155.91033935546875,52227,INDIACEM.BO,156.96383013044084,161.89461975097657,161.19204711914062
2022-07-01,157.90343412895172,161.192054037722,154.01689300432176,160.44464111328125,76925,INDIACEM.BO,157.96038164411272,161.31329854329428,155.91033935546875
2022-07-04,159.44809515268878,161.14222812245504,157.8037927538888,160.49447631835938,21358,INDIACEM.BO,158.63661411830358,160.80838012695312,160.44464111328125
2022-07-05,161.04257984506378,162.83635872452513,157.30551516926084,158.0030975341797,32090,INDIACEM.BO,158.67220633370536,160.39813385009765,160.49447631835938
2022-07-06,158.00309528443722,162.68687990352203,156.6079153683098,162.0889434814453,72406,INDIACEM.BO,159.20607212611608,160.38318532307943,158.0030975341797
2022-07-07,163.38446006013493,165.3775611653666,161.2917130233345,164.53050231933594,47107,INDIACEM.BO,160.38057817731584,160.23868560791016,162.0889434814453
2022-07-08,167.42049312954012,174.34651644098955,165.7263602283888,172.75204467773438,459384,INDIACEM.BO,162.0320063999721,160.59412231445313,164.53050231933594
2022-07-11,172.55272651494474,173.05100180399296,168.61635477269462,170.65928649902344,78864,INDIACEM.BO,164.13899884905135,160.5758524576823,172.75204467773438
2022-07-12,168.71601047377482,174.69531374958854,168.6163493367161,171.25721740722656,172605,INDIACEM.BO,165.68365260532923,160.64561106363934,170.65928649902344
2022-07-13,170.7091120910609,175.74169540492252,170.7091120910609,173.39979553222656,159101,INDIACEM.BO,167.5272696358817,160.84492085774738,171.25721740722656
2022-07-14,173.39980106270468,174.59565871845786,168.91532344901407,171.15756225585938,56312,INDIACEM.BO,169.40647888183594,160.94623718261718,173.39979553222656
2022-07-15,169.41359647839005,173.74859752956374,169.41359647839005,171.95480346679688,33830,INDIACEM.BO,170.81588745117188,161.25350697835287,171.15756225585938
2022-07-18,172.90152900467243,176.43928667395303,172.90152900467243,174.64549255371094,78917,INDIACEM.BO,172.2608860560826,161.5807083129883,171.95480346679688
2022-07-19,171.90496669689705,177.0371958520528,171.90496669689705,176.48910522460938,48342,INDIACEM.BO,172.7947518484933,161.98597259521483,174.64549255371094
2022-07-20,179.32927310627548,179.52858018024037,176.38945194836705,176.73825073242188,95148,INDIACEM.BO,173.66317531040735,162.4377426147461,176.48910522460938
2022-07-21,176.88773045748692,181.073239911588,176.04065637001713,180.22618103027344,58008,INDIACEM.BO,174.94445582798548,163.0140813191732,176.73825073242188
2022-07-22,179.87736930680816,188.8463240090867,177.78460712714818,187.1521911621093,306522,INDIACEM.BO,176.90908377511158,163.8744369506836,180.22618103027344
2022-07-25,186.85322282193587,188.6470168022573,183.3154654286097,185.50787353515625,169877,INDIACEM.BO,178.95912824358257,164.81285502115887,187.1521911621093
2022-07-26,185.6075485462096,190.0421956581632,184.7604744569594,187.3016815185547,162139,INDIACEM.BO,181.15153939383367,165.77950897216797,185.50787353515625
2022-07-27,189.0456380559041,189.0456380559041,182.667720558916,186.40478515625,87077,INDIACEM.BO,182.83143833705353,166.68470916748046,187.3016815185547
2022-07-28,188.04909400393635,188.04909400393635,184.66082806756663,186.80340576171875,83120,INDIACEM.BO,184.30490984235487,167.81745503743488,186.40478515625
2022-07-29,188.1487546886144,196.96821829839232,186.00616179351297,196.1709899902344,237661,INDIACEM.BO,187.08101545061385,169.2558100382487,186.80340576171875
2022-08-01,197.715628410004,197.715628410004,189.94254607371207,193.18133544921875,150535,INDIACEM.BO,188.93175179617745,170.71907857259114,196.1709899902344
2022-08-02,192.33426458731955,196.66926575244923,190.3411633998862,193.38064575195312,128209,INDIACEM.BO,189.82153102329798,171.98303731282553,193.18133544921875
2022-08-03,193.43047256760985,194.3273620020805,187.451169121392,191.0387420654297,107411,INDIACEM.BO,190.61165509905135,173.23536936442056,193.38064575195312
2022-08-04,191.3377078959637,193.0816713793905,184.6608221720752,188.54736328125,58877,INDIACEM.BO,190.78960963657923,174.32825317382813,191.0387420654297
2022-08-05,189.34461376000792,191.63668317833384,188.4477243036069,189.4442749023437,85134,INDIACEM.BO,191.22382245744978,175.384597269694,188.54736328125
2022-08-08,188.9459869764944,196.76889953011275,188.34805057474773,195.2242431640625,96600,INDIACEM.BO,192.42679922921317,176.61367594401042,189.4442749023437
2022-08-10,194.2276943416764,196.07131892482911,190.9390897215838,192.284423828125,81843,INDIACEM.BO,191.87157549176897,177.81285807291667,195.2242431640625
2022-08-11,193.23115497491187,194.42702785808703,190.341164321601,191.0885772705078,39344,INDIACEM.BO,191.5726100376674,178.80940907796224,192.284423828125
2022-08-12,191.4373649920408,198.3135576418856,187.2518405552784,192.284423828125,594851,INDIACEM.BO,191.41600690569197,180.02187856038412,191.0885772705078
2022-08-16,192.33425341832256,194.07821685605347,187.60063837305296,191.28787231445312,114004,INDIACEM.BO,191.45159694126673,181.04998626708985,192.284423828125
2022-08-17,192.3342567603796,196.02149076585025,190.93909206841383,193.13150024414065,202446,INDIACEM.BO,192.1064736502511,182.13788706461588,191.28787231445312
2022-08-18,192.58338903764584,204.4921647751983,192.18477490993908,203.0970001220703,591718,INDIACEM.BO,194.0568629673549,183.6410171508789,193.13150024414065
2022-08-19,204.2430397099921,207.83062790469813,201.0540808736729,203.3959808349609,332132,INDIACEM.BO,195.22425406319755,185.0179183959961,203.0970001220703
2022-08-22,201.35303887706613,205.5385480878052,198.11424963447047,200.65545654296875,289091,INDIACEM.BO,196.4201158796038,186.22208353678386,203.3959808349609
2022-08-23,200.3066688177808,210.72061945389208,198.71218178950548,206.03683471679688,286619,INDIACEM.BO,198.55558122907365,187.33157653808593,200.65545654296875
2022-08-24,206.385625182219,209.6244144727753,205.1399369935435,206.9337158203125,121883,INDIACEM.BO,200.6483372279576,188.5407241821289,206.03683471679688
2022-08-25,209.22578197637543,213.2119841200784,206.28596093662543,208.37872314453125,325858,INDIACEM.BO,203.08988734654017,189.77810770670573,206.9337158203125
2022-08-26,209.5247506687732,210.2721635724668,205.63820965202825,208.8769989013672,193473,INDIACEM.BO,205.33924429757255,190.96068115234374,208.37872314453125
2022-08-29,204.99044567237004,217.89577229006537,201.8014869445999,216.7995758056641,177234,INDIACEM.BO,207.29675510951452,192.4820816040039,208.8769989013672
2022-08-30,220.48681106599847,233.7907671043072,218.54354051817327,227.66197204589844,713202,INDIACEM.BO,210.76332528250558,194.3389872233073,216.7995758056641
2022-09-01,227.1637023310814,229.15680349688367,224.2238811527541,227.0640563964844,230524,INDIACEM.BO,214.5359824044364,196.08627268473307,227.66197204589844
2022-09-02,228.2599052721469,234.88696031099303,226.4162806822536,229.10696411132807,179643,INDIACEM.BO,217.8317151750837,197.84020131429037,227.0640563964844
2022-09-05,229.10696148782444,233.39213182158352,228.4592097237412,231.0502471923828,99423,INDIACEM.BO,221.27693394252233,199.65060119628907,229.10696411132807
2022-09-06,231.1997352521479,234.78732343335017,229.6052482369124,231.9969787597656,154668,INDIACEM.BO,224.65097045898438,201.3762944539388,231.0502471923828
2022-09-07,231.79766490689929,238.5741965081241,230.3526544388997,236.0330047607422,341022,INDIACEM.BO,228.5303998674665,203.00565490722656,231.9969787597656
2022-09-08,237.4281647891204,239.12229765614345,235.23575665496367,235.9831695556641,98199,INDIACEM.BO,231.27091326032365,204.68816477457682,236.0330047607422
2022-09-09,236.3817947591684,241.31471709362023,232.59489951034243,233.1430053710937,269750,INDIACEM.BO,232.05391802106584,206.2162089029948,235.9831695556641
2022-09-12,232.6447287872912,240.81644046438905,231.5983476418839,239.8697204589844,195829,INDIACEM.BO,233.88329860142298,207.99837341308594,233.1430053710937
2022-09-13,239.96937743908933,243.05867504560143,238.02610689196555,240.3181610107422,168544,INDIACEM.BO,235.48489815848214,209.78219858805338,239.8697204589844
2022-09-14,237.22886734567703,267.5738293036915,236.1824862010238,262.3917541503906,909211,INDIACEM.BO,239.9622562953404,211.98955739339192,240.3181610107422
2022-09-15,262.98968667489913,272.05830285244247,255.36608097413327,269.4174499511719,853929,INDIACEM.BO,245.30803789411272,214.5307612101237,262.3917541503906
2022-09-16,268.8693184679764,282.27293514369484,260.5979613065355,265.0326232910156,1398621,INDIACEM.BO,249.45084054129464,216.91916046142578,269.4174499511719
2022-09-19,267.9724326699998,291.49103136889187,267.4741574027026,288.8999938964844,1439480,INDIACEM.BO,257.0103868756975,220.18120218912762,265.0326232910156
2022-09-20,295.04998779296875,298.45001220703125,280.25,283.8999938964844,919671,INDIACEM.BO,264.2613852364676,223.35962320963543,288.8999938964844
2022-09-21,282.70001220703125,282.70001220703125,266.1499938964844,274.0,591079,INDIACEM.BO,269.1371394566127,226.1781473795573,283.8999938964844
2022-09-22,270.04998779296875,280.45001220703125,258.0,263.20001220703125,422554,INDIACEM.BO,272.4059753417969,228.44400634765626,274.0
2022-09-23,262.0,266.45001220703125,252.3999938964844,253.4499969482422,506939,INDIACEM.BO,271.12858145577565,230.48285878499348,263.20001220703125
2022-09-26,248.1499938964844,251.6999969482422,232.8500061035156,235.3000030517578,566138,INDIACEM.BO,266.2546604701451,231.95657297770182,253.4499969482422
2022-09-27,235.5500030517578,240.5,226.5,231.5500030517578,436287,INDIACEM.BO,261.47142900739397,233.2654256184896,235.3000030517578
2022-09-28,229.1499938964844,254.6999969482422,226.4499969482422,250.1999969482422,1046460,INDIACEM.BO,255.94285801478796,235.22916310628256,231.5500030517578
2022-09-29,252.8500061035156,253.3000030517578,240.3500061035156,245.6499938964844,503269,INDIACEM.BO,250.47857230050224,236.9797795613607,250.1999969482422
2022-09-30,242.8999938964844,270.20001220703125,242.8999938964844,269.0,1186821,INDIACEM.BO,249.7642865862165,239.17654622395833,245.6499938964844
2022-10-03,270.0,277.5,250.3999938964844,253.5,877486,INDIACEM.BO,248.37857055664062,240.8466801961263,269.0
2022-10-04,257.3500061035156,264.3999938964844,254.5,260.95001220703125,470214,INDIACEM.BO,249.4500013078962,242.85649871826172,253.5
2022-10-06,262.0,281.79998779296875,261.0,278.3500061035156,1233480,INDIACEM.BO,255.6000017438616,245.26693776448568,260.95001220703125
2022-10-07,278.3500061035156,278.8999938964844,269.0,274.70001220703125,704369,INDIACEM.BO,261.76428876604353,247.52581431070965,278.3500061035156
2022-10-10,269.29998779296875,282.6000061035156,269.29998779296875,275.0,540678,INDIACEM.BO,265.30714634486606,249.74652353922525,274.70001220703125
2022-10-11,274.95001220703125,274.95001220703125,242.1000061035156,244.25,1281245,INDIACEM.BO,265.1071472167969,250.92562357584634,275.0
2022-10-12,246.0,252.0,233.3000030517578,250.6999969482422,1206171,INDIACEM.BO,262.49286106654574,252.0556376139323,244.25
2022-10-13,249.0,250.3500061035156,235.0500030517578,236.1499938964844,678225,INDIACEM.BO,260.01428876604353,252.33857167561848,250.6999969482422
2022-10-14,242.0,243.0,228.1000061035156,230.3000030517578,593073,INDIACEM.BO,255.6357160295759,252.4464365641276,236.1499938964844
2022-10-17,226.3500061035156,235.6499938964844,225.4499969482422,233.3999938964844,1326551,INDIACEM.BO,249.21428571428572,252.58953755696615,230.3000030517578
2022-10-18,233.1000061035156,236.5500030517578,229.1999969482422,230.8000030517578,401034,INDIACEM.BO,242.94285583496094,252.581196085612,233.3999938964844
2022-10-19,231.0,233.6000061035156,227.0,228.3000030517578,192110,INDIACEM.BO,236.27142769949776,252.4579635620117,230.8000030517578
2022-10-20,225.5500030517578,235.8999938964844,225.0500030517578,234.1000061035156,467114,INDIACEM.BO,234.82142857142858,252.3935302734375,228.3000030517578
2022-10-21,234.0,237.3000030517578,232.75,236.4499969482422,235536,INDIACEM.BO,232.78571428571428,252.40909118652343,234.1000061035156
2022-10-24,237.5,238.3999938964844,234.8000030517578,236.1999969482422,32706,INDIACEM.BO,232.79285757882255,252.51099090576173,236.4499969482422
2022-10-25,236.1999969482422,245.0,233.3999938964844,240.75,356472,INDIACEM.BO,234.28571428571428,252.54033355712892,236.1999969482422
2022-10-27,240.8500061035156,242.8999938964844,236.3000030517578,241.8999938964844,155235,INDIACEM.BO,235.5,252.593061319987,240.75
2022-10-28,241.0,243.0,234.1499938964844,235.0,185118,INDIACEM.BO,236.0999995640346,251.68000284830728,241.8999938964844
2022-10-31,237.0,243.9499969482422,235.25,241.0,280453,INDIACEM.BO,237.9142848423549,250.73275451660157,235.0
2022-11-01,241.8999938964844,244.3500061035156,240.1000061035156,243.3000030517578,138225,INDIACEM.BO,239.22857012067522,250.00833384195963,241.0
2022-11-02,243.1499938964844,255.1000061035156,242.0500030517578,244.1499938964844,550825,INDIACEM.BO,240.32856968470983,248.51666717529298,243.3000030517578
2022-11-03,244.8999938964844,247.1000061035156,242.9499969482422,244.3000030517578,130392,INDIACEM.BO,241.4857134137835,247.19666748046876,244.1499938964844
2022-11-04,244.1000061035156,250.0,240.6499938964844,246.0,237659,INDIACEM.BO,242.2357134137835,246.26333414713542,244.3000030517578
2022-11-07,246.0,255.3500061035156,239.1000061035156,248.6999969482422,775271,INDIACEM.BO,243.20714242117745,245.78000030517578,246.0
2022-11-09,247.1000061035156,250.6999969482422,243.5,245.25,222114,INDIACEM.BO,244.67142813546317,245.5066670735677,248.6999969482422
2022-11-10,242.8500061035156,247.0500030517578,237.75,241.1000061035156,213998,INDIACEM.BO,244.6857147216797,245.7000005086263,245.25
2022-11-11,245.0,247.6999969482422,241.6499938964844,242.9499969482422,204849,INDIACEM.BO,244.6357138497489,246.0800003051758,241.1000061035156
2022-11-14,244.0,251.6999969482422,242.3999938964844,248.5500030517578,189452,INDIACEM.BO,245.2642865862165,246.0250005086263,242.9499969482422
2022-11-15,249.9499969482422,254.4499969482422,246.5500030517578,249.3000030517578,189858,INDIACEM.BO,245.97857230050224,246.14666748046875,248.5500030517578
2022-11-16,246.0500030517578,252.1499938964844,239.9499969482422,243.0500030517578,174742,INDIACEM.BO,245.55714416503906,245.28166758219402,249.3000030517578
2022-11-17,242.3500061035156,244.6999969482422,232.3000030517578,236.25,173440,INDIACEM.BO,243.77857317243303,244.706667582194,243.0500030517578
2022-11-18,234.1999969482422,234.8000030517578,226.25,230.75,290346,INDIACEM.BO,241.70714460100447,243.7000005086263,236.25
2022-11-21,231.0,234.75,229.0,233.1999969482422,112703,INDIACEM.BO,240.57857186453683,242.19500020345052,230.75
2022-11-22,234.0,240.1000061035156,233.4499969482422,238.25,119169,INDIACEM.BO,239.90714372907365,240.9799997965495,233.1999969482422
2022-11-23,239.5,239.8000030517578,232.6000061035156,234.25,96256,INDIACEM.BO,237.8642861502511,239.62166646321614,238.25
2022-11-24,236.8000030517578,238.1999969482422,232.25,234.8999938964844,105241,INDIACEM.BO,235.80714198521204,239.30999959309895,234.25
2022-11-25,234.9499969482422,241.8999938964844,234.9499969482422,240.8500061035156,214428,INDIACEM.BO,235.49285670689173,238.9816665649414,234.8999938964844
2022-11-28,241.0500030517578,245.3000030517578,239.3999938964844,240.8999938964844,77205,INDIACEM.BO,236.15714154924666,239.13999989827474,240.8500061035156
2022-11-29,241.6999969482422,245.1499938964844,240.75,242.5500030517578,93835,INDIACEM.BO,237.84285627092635,239.54833323160807,240.8999938964844
2022-11-30,244.0,244.0,236.6999969482422,240.0,136167,INDIACEM.BO,238.8142852783203,239.7683334350586,242.5500030517578
2022-12-01,241.9499969482422,248.5500030517578,239.3000030517578,247.3000030517578,353997,INDIACEM.BO,240.10714285714286,240.3183334350586,240.0
2022-12-02,249.75,251.8500061035156,247.5500030517578,248.8500061035156,339188,INDIACEM.BO,242.19285801478796,241.00333353678386,247.3000030517578
2022-12-05,248.5,251.0,246.0,248.1499938964844,120274,INDIACEM.BO,244.0857151576451,241.47166646321614,248.8500061035156
2022-12-06,247.0,253.0,246.6499938964844,249.3000030517578,189165,INDIACEM.BO,245.29285757882255,241.9,248.1499938964844
2022-12-07,249.3000030517578,251.1999969482422,242.0,244.6999969482422,124431,INDIACEM.BO,245.8357151576451,242.18333333333334,249.3000030517578
2022-12-08,243.0500030517578,248.25,243.0500030517578,247.1999969482422,86031,INDIACEM.BO,246.5,242.39833323160806,244.6999969482422
2022-12-09,248.0,250.75,238.0,241.3500061035156,166415,INDIACEM.BO,246.69285801478796,242.38000030517577,247.1999969482422
2022-12-12,243.6499938964844,246.1499938964844,236.0,245.6999969482422,156814,INDIACEM.BO,246.46428571428572,242.73666687011718,241.3500061035156
2022-12-13,246.8500061035156,247.25,242.5,243.6999969482422,103224,INDIACEM.BO,245.72857012067522,242.82666676839193,245.6999969482422
2022-12-14,244.1499938964844,248.5,244.1499938964844,246.6999969482422,54993,INDIACEM.BO,245.52142769949776,242.93999989827475,243.6999969482422
2022-12-15,245.6499938964844,247.75,238.3999938964844,239.8999938964844,97655,INDIACEM.BO,244.17856924874442,242.79833323160807,246.6999969482422
2022-12-16,238.0,242.1499938964844,228.25,230.3500061035156,132452,INDIACEM.BO,242.12857055664062,242.33333333333334,239.8999938964844
2022-12-19,230.3500061035156,234.6999969482422,228.0,233.5,104845,INDIACEM.BO,240.17142813546317,241.91666666666666,230.3500061035156
2022-12-20,233.1999969482422,233.8999938964844,227.3000030517578,232.1000061035156,128637,INDIACEM.BO,238.8499995640346,241.36333363850912,233.5
2022-12-21,233.6499938964844,238.3999938964844,223.4499969482422,225.4499969482422,119192,INDIACEM.BO,235.95714242117745,240.70333353678384,232.1000061035156
2022-12-22,228.6999969482422,228.6999969482422,215.5500030517578,218.6499938964844,154176,INDIACEM.BO,232.37857055664062,239.9549997965495,225.4499969482422
2022-12-23,214.8999938964844,215.5,197.0,198.1999969482422,217004,INDIACEM.BO,225.4499991280692,238.4633331298828,218.6499938964844
2022-12-26,198.3000030517578,212.1000061035156,197.3000030517578,208.1999969482422,208215,INDIACEM.BO,220.92142813546317,237.1183329264323,198.1999969482422
2022-12-27,211.1499938964844,217.0,208.5,215.8500061035156,141376,INDIACEM.BO,218.8499995640346,236.00333302815756,208.1999969482422
2022-12-28,215.8000030517578,217.0500030517578,213.0,215.8999938964844,104520,INDIACEM.BO,216.33571297781808,235.09833272298178,215.8500061035156
2022-12-29,217.8999938964844,221.3500061035156,210.6000061035156,219.4499969482422,168377,INDIACEM.BO,214.528568812779,234.5383326212565,215.8999938964844
2022-12-30,221.8500061035156,222.0,217.3000030517578,218.4499969482422,137304,INDIACEM.BO,213.528568812779,234.12833251953126,219.4499969482422
2023-01-02,218.25,224.0500030517578,218.25,222.1499938964844,157594,INDIACEM.BO,214.028568812779,233.75999908447267,218.4499969482422
2023-01-03,224.75,224.75,219.0,221.75,80315,INDIACEM.BO,217.39285496303015,233.20999908447266,222.1499938964844
2023-01-04,223.5,224.6999969482422,218.6000061035156,219.6499938964844,111841,INDIACEM.BO,219.028568812779,232.72333221435548,221.75
2023-01-05,221.9499969482422,221.9499969482422,218.0,220.6499938964844,122589,INDIACEM.BO,219.71428135463174,232.24833221435546,219.6499938964844
2023-01-06,221.1499938964844,221.5,214.0,217.8500061035156,100781,INDIACEM.BO,219.99285452706474,231.4816655476888,220.6499938964844
2023-01-09,219.9499969482422,221.8500061035156,217.1000061035156,219.75,68884,INDIACEM.BO,220.03571210588728,230.77666575113932,217.8500061035156
2023-01-10,220.0,220.0,212.8500061035156,216.1999969482422,88633,INDIACEM.BO,219.7142835344587,229.89833221435546,219.75
2023-01-11,215.0500030517578,216.8500061035156,214.1999969482422,215.6000061035156,52417,INDIACEM.BO,218.77857099260603,229.08499908447266,216.1999969482422
2023-01-12,215.8999938964844,218.3999938964844,213.0,214.3000030517578,366287,INDIACEM.BO,217.71428571428572,227.98499908447266,215.6000061035156
2023-01-13,214.8999938964844,217.6499938964844,213.4499969482422,216.6000061035156,77575,INDIACEM.BO,217.27857317243303,226.90999908447264,214.3000030517578
2023-01-16,218.9499969482422,218.9499969482422,214.6499938964844,215.8000030517578,44224,INDIACEM.BO,216.58571733747206,225.8316660563151,216.6000061035156
2023-01-17,215.75,216.3999938964844,212.3500061035156,214.8500061035156,49421,INDIACEM.BO,216.15714590890067,224.68333282470704,215.8000030517578
2023-01-18,216.0,217.6999969482422,213.1000061035156,217.3500061035156,71740,INDIACEM.BO,215.81428963797433,223.77166646321615,214.8500061035156
2023-01-19,217.3500061035156,218.0500030517578,214.3500061035156,215.8000030517578,90996,INDIACEM.BO,215.75714765276228,222.725,217.3500061035156
2023-01-20,217.4499969482422,217.6499938964844,214.0,215.25,40561,INDIACEM.BO,215.70714678083147,221.8549997965495,215.8000030517578
2023-01-23,215.25,215.6999969482422,206.6000061035156,207.8000030517578,157551,INDIACEM.BO,214.77857535226005,220.59166666666667,215.25
2023-01-24,207.8500061035156,209.6999969482422,202.6499938964844,203.3999938964844,65810,INDIACEM.BO,212.89285932268416,219.2483332316081,207.8000030517578
2023-01-25,203.0,203.0,193.5500030517578,194.6499938964844,213708,INDIACEM.BO,209.87142944335938,217.51333312988282,203.3999938964844
2023-01-27,194.75,196.1999969482422,183.5,189.6999969482422,657301,INDIACEM.BO,206.27857099260603,215.83999989827473,194.6499938964844
2023-01-30,187.0500030517578,196.1000061035156,184.1999969482422,188.3000030517578,343366,INDIACEM.BO,202.12857055664062,214.4383331298828,189.6999969482422
2023-01-31,190.75,194.75,188.8000030517578,193.3000030517578,160840,INDIACEM.BO,198.9142848423549,213.09833323160808,188.3000030517578
2023-02-01,195.0,203.0,187.4499969482422,193.8999938964844,272189,INDIACEM.BO,195.8642839704241,211.8249994913737,193.3000030517578
2023-02-02,192.9499969482422,198.25,187.6999969482422,192.75,178398,INDIACEM.BO,193.7142835344587,210.73499959309896,193.8999938964844
2023-02-03,196.1499938964844,196.1499938964844,184.75,192.1999969482422,710406,INDIACEM.BO,192.1142839704241,209.85333302815755,192.75
2023-02-06,191.9499969482422,192.6999969482422,186.1000061035156,188.0,295961,INDIACEM.BO,191.1642848423549,209.51333312988282,192.1999969482422
2023-02-07,188.4499969482422,190.8500061035156,184.8999938964844,188.0,80302,INDIACEM.BO,190.92142813546317,208.83999989827473,188.0
2023-02-08,190.25,194.6999969482422,189.8000030517578,193.3000030517578,268470,INDIACEM.BO,191.6357138497489,208.0883331298828,188.0
2023-02-09,193.8999938964844,193.8999938964844,188.5,192.3999938964844,177967,INDIACEM.BO,191.50714111328125,207.30499979654948,193.3000030517578
2023-02-10,192.0,201.0,190.5500030517578,198.1999969482422,167324,INDIACEM.BO,192.12142726353235,206.59666646321614,192.3999938964844
2023-02-13,200.8500061035156,204.8500061035156,195.0,195.6000061035156,386153,INDIACEM.BO,192.52857099260603,205.83500010172526,198.1999969482422
2023-02-14,194.4499969482422,199.1000061035156,191.4499969482422,194.8000030517578,136656,INDIACEM.BO,192.9000004359654,204.92333374023437,195.6000061035156
2023-02-15,194.9499969482422,197.3999938964844,193.0500030517578,195.75,239461,INDIACEM.BO,194.00714329310827,204.0566670735677,194.8000030517578
2023-02-16,196.9499969482422,199.3000030517578,195.6999969482422,198.1999969482422,245554,INDIACEM.BO,195.46428571428572,203.34166717529297,195.75
2023-02-17,198.1999969482422,203.8500061035156,196.3000030517578,198.25,417236,INDIACEM.BO,196.17142813546317,202.59500071207682,198.1999969482422
2023-02-20,198.3500061035156,201.8999938964844,194.3000030517578,199.1000061035156,191507,INDIACEM.BO,197.12857273646765,201.97000071207682,198.25
2023-02-21,200.8999938964844,201.0500030517578,197.25,197.8999938964844,99264,INDIACEM.BO,197.0857151576451,201.24166717529297,199.1000061035156
2023-02-22,195.1499938964844,198.0,189.3999938964844,190.3000030517578,157835,INDIACEM.BO,196.32857186453683,200.37833404541016,197.8999938964844
2023-02-23,190.3500061035156,191.3999938964844,187.3500061035156,188.3000030517578,119154,INDIACEM.BO,195.4000004359654,199.46833394368488,190.3000030517578
2023-02-24,188.3500061035156,190.8999938964844,187.75,188.8999938964844,67696,INDIACEM.BO,194.42142813546317,198.62166697184244,188.3000030517578
2023-02-27,187.8000030517578,188.8500061035156,182.6000061035156,184.8999938964844,130658,INDIACEM.BO,192.5214276994978,197.56499989827475,188.8999938964844
2023-02-28,184.3000030517578,188.3999938964844,184.1999969482422,187.0500030517578,116828,INDIACEM.BO,190.9214281354632,196.6066665649414,184.8999938964844
2023-03-01,186.3500061035156,194.1000061035156,186.3500061035156,193.5500030517578,64479,INDIACEM.BO,190.12857055664065,195.89666646321615,187.0500030517578
2023-03-02,194.0,197.0,192.6999969482422,196.3999938964844,58837,INDIACEM.BO,189.91428484235493,195.19833272298177,193.5500030517578
2023-03-03,198.8500061035156,200.1499938964844,196.6499938964844,199.1499938964844,68938,INDIACEM.BO,191.17856924874445,194.643332417806,196.3999938964844
2023-03-06,197.9499969482422,202.9499969482422,197.9499969482422,199.1499938964844,109579,INDIACEM.BO,192.72856794084825,194.1066655476888,199.1499938964844
2023-03-08,196.75,202.9499969482422,196.75,202.5500030517578,143616,INDIACEM.BO,194.67856924874442,193.9316655476888,199.1499938964844
2023-03-09,203.3000030517578,204.5,199.8000030517578,200.5,62637,INDIACEM.BO,196.90714154924666,193.83499908447266,202.5500030517578
2023-03-10,198.0,199.1499938964844,195.0500030517578,195.75,53643,INDIACEM.BO,198.1499982561384,193.87166595458984,200.5
2023-03-13,196.9499969482422,196.9499969482422,186.5,187.0500030517578,130659,INDIACEM.BO,197.22142682756697,193.78333282470703,195.75
2023-03-14,189.1999969482422,189.25,183.3999938964844,188.1000061035156,81525,INDIACEM.BO,196.03571428571428,193.77666625976562,187.0500030517578
2023-03-15,190.8500061035156,193.8500061035156,189.0,190.5,123171,INDIACEM.BO,194.8000008719308,193.68333282470704,188.1000061035156
2023-03-16,190.0,193.5,187.9499969482422,192.3000030517578,76837,INDIACEM.BO,193.82143075125558,193.62999979654947,190.5
2023-03-17,194.3500061035156,194.8000030517578,187.8000030517578,188.1999969482422,103228,INDIACEM.BO,191.77142987932478,193.47833302815755,192.3000030517578
2023-03-20,187.0,188.25,175.0500030517578,178.10000610351562,195191,INDIACEM.BO,188.57143075125558,193.00833333333333,188.1999969482422
2023-03-21,178.60000610351562,181.5,177.5500030517578,180.1999969482422,180463,INDIACEM.BO,186.3500017438616,192.7483332316081,178.10000610351562
2023-03-22,180.5500030517578,182.9499969482422,180.3500061035156,181.6999969482422,147765,INDIACEM.BO,185.5857151576451,192.5383331298828,180.1999969482422
2023-03-23,183.8999938964844,183.8999938964844,179.3000030517578,179.85000610351562,83655,INDIACEM.BO,184.40714372907365,192.08999989827473,181.6999969482422
2023-03-24,178.3000030517578,180.75,174.6999969482422,175.25,100674,INDIACEM.BO,182.22857230050224,191.5183334350586,179.85000610351562
2023-03-27,175.0,175.8000030517578,171.10000610351562,172.14999389648438,118797,INDIACEM.BO,179.3499995640346,190.65,175.25
2023-03-28,173.9499969482422,173.9499969482422,167.3000030517578,168.60000610351562,168528,INDIACEM.BO,176.5500008719308,189.75,172.14999389648438
2023-03-29,167.0500030517578,178.0,167.0500030517578,177.0500030517578,180925,INDIACEM.BO,176.4000004359654,189.15833333333333,168.60000610351562
2023-03-31,179.35000610351562,186.3500061035156,177.64999389648438,184.8999938964844,177085,INDIACEM.BO,177.07142857142858,188.79666646321616,177.0500030517578
2023-04-03,186.0,188.3000030517578,184.6499938964844,187.25,62977,INDIACEM.BO,177.8642861502511,188.4316665649414,184.8999938964844
2023-04-05,188.25,188.25,185.3500061035156,187.4499969482422,89939,INDIACEM.BO,178.9499991280692,188.07166646321613,187.25
2023-04-06,186.9499969482422,189.6999969482422,185.75,187.75,446972,INDIACEM.BO,180.7357134137835,187.6933329264323,187.4499969482422
2023-04-10,188.0500030517578,189.8999938964844,185.8999938964844,187.0,1294778,INDIACEM.BO,182.85714285714286,187.3299997965495,187.75
2023-04-11,187.5500030517578,190.8000030517578,187.5,188.8999938964844,83480,INDIACEM.BO,185.75714111328125,187.28333282470703,187.0
2023-04-12,189.0,191.6999969482422,188.4499969482422,189.4499969482422,64719,INDIACEM.BO,187.528568812779,187.32166595458983,188.8999938964844
2023-04-13,189.4499969482422,189.6000061035156,185.3999938964844,186.1499938964844,73974,INDIACEM.BO,187.70714024135046,187.22999928792316,189.4499969482422
2023-04-17,185.75,192.4499969482422,184.9499969482422,191.9499969482422,81465,INDIACEM.BO,188.3785683768136,187.46499938964843,186.1499938964844
2023-04-18,193.9499969482422,194.1999969482422,186.8000030517578,188.6499938964844,257524,INDIACEM.BO,188.54999651227678,187.518332417806,191.9499969482422
2023-04-19,191.5500030517578,191.5500030517578,186.0500030517578,186.6499938964844,92322,INDIACEM.BO,188.39285278320312,187.2883321126302,188.6499938964844
2023-04-20,186.5500030517578,187.8000030517578,182.5,183.25,69777,INDIACEM.BO,187.85713849748885,186.8499989827474,186.6499938964844
2023-04-21,183.8999938964844,184.5,176.6999969482422,177.5500030517578,152848,INDIACEM.BO,186.23571123395647,186.12999928792317,183.25
2023-04-24,177.9499969482422,180.8500061035156,176.14999389648438,180.5,155159,INDIACEM.BO,184.95714024135046,185.50833282470703,177.5500030517578
2023-04-25,180.8500061035156,182.8999938964844,179.5500030517578,180.1499938964844,62304,INDIACEM.BO,184.09999738420763,184.76166585286458,180.5
2023-04-26,180.5,181.1000061035156,178.8000030517578,179.8000030517578,65586,INDIACEM.BO,182.36428397042414,184.07166595458983,180.1499938964844
2023-04-27,180.0,182.25,178.9499969482422,181.25,86445,INDIACEM.BO,181.3071419852121,183.5883326212565,179.8000030517578
2023-04-28,182.75,186.3000030517578,182.0,185.8000030517578,189837,INDIACEM.BO,181.1857147216797,183.54666595458986,181.25
2023-05-02,185.8000030517578,188.1999969482422,184.1999969482422,186.6000061035156,129574,INDIACEM.BO,181.66428702218192,183.49666595458984,185.8000030517578
2023-05-03,186.9499969482422,188.8999938964844,184.8000030517578,187.25,112338,INDIACEM.BO,183.0500008719308,183.38833262125652,186.6000061035156
2023-05-04,188.6999969482422,190.8000030517578,187.3999938964844,189.4499969482422,74450,INDIACEM.BO,184.32857186453683,183.293332417806,187.25
2023-05-05,190.0,193.4499969482422,186.75,191.1000061035156,97971,INDIACEM.BO,185.89285932268413,183.38999938964844,189.4499969482422
2023-05-08,192.75,196.8999938964844,191.6000061035156,195.5500030517578,189486,INDIACEM.BO,188.14285932268413,183.97166595458984,191.1000061035156
2023-05-09,195.6000061035156,197.1999969482422,190.6999969482422,191.4499969482422,112215,INDIACEM.BO,189.60000174386158,184.34666595458984,195.5500030517578
2023-05-10,192.75,200.6499938964844,190.6999969482422,194.3000030517578,311942,INDIACEM.BO,190.81428745814728,184.76666615804035,191.4499969482422
2023-05-11,195.0,197.9499969482422,194.0,196.6999969482422,163081,INDIACEM.BO,192.25714329310827,185.32833251953124,194.3000030517578
2023-05-12,197.0,197.0,193.4499969482422,194.0500030517578,59837,INDIACEM.BO,193.22857230050224,185.9549992879232,196.6999969482422
2023-05-15,194.1000061035156,195.25,190.75,193.6499938964844,91739,INDIACEM.BO,193.82857186453683,186.67166595458986,194.0500030517578
2023-05-16,193.5,196.3999938964844,192.5,193.8500061035156,63260,INDIACEM.BO,194.22142900739397,187.51333262125652,193.6499938964844
2023-05-17,193.75,197.8500061035156,192.5500030517578,194.25,152796,INDIACEM.BO,194.03571428571428,188.08666585286457,193.8500061035156
2023-05-19,189.5500030517578,192.9499969482422,186.3999938964844,191.8000030517578,184371,INDIACEM.BO,194.0857151576451,188.31666615804036,194.25
2023-05-22,192.0,195.6499938964844,190.25,194.3500061035156,69016,INDIACEM.BO,194.09285845075334,188.55333302815754,191.8000030517578
2023-05-23,194.3500061035156,198.75,194.1499938964844,195.6499938964844,208978,INDIACEM.BO,193.94285801478796,188.82666625976563,194.3500061035156
2023-05-24,194.4499969482422,195.9499969482422,188.6999969482422,190.1999969482422,305358,INDIACEM.BO,193.39285714285714,188.90833282470703,195.6499938964844
2023-05-25,189.9499969482422,189.9499969482422,183.6499938964844,185.0500030517578,248475,INDIACEM.BO,192.16428702218192,188.84333292643228,190.1999969482422
2023-05-26,185.0500030517578,188.3000030517578,184.6499938964844,187.8500061035156,186145,INDIACEM.BO,191.30714416503906,188.80833333333334,185.0500030517578
2023-05-30,193.6999969482422,202.3000030517578,193.6999969482422,199.75,606948,INDIACEM.BO,192.09285845075334,189.15166676839192,187.8500061035156
2023-05-31,199.3999938964844,203.0,197.9499969482422,202.3000030517578,324905,INDIACEM.BO,193.59285845075334,189.69000040690105,199.75
2023-06-01,202.9499969482422,213.1999969482422,201.75,210.8000030517578,430732,INDIACEM.BO,195.94285801478796,190.3183339436849,202.3000030517578
2023-06-02,212.0,214.3500061035156,210.1999969482422,212.8999938964844,214551,INDIACEM.BO,198.40714372907365,191.12666727701824,210.8000030517578
2023-06-05,214.6000061035156,223.1000061035156,214.1499938964844,218.0500030517578,366072,INDIACEM.BO,202.3857160295759,192.17333424886067,212.8999938964844
2023-06-06,218.0,221.5,216.1000061035156,220.8500061035156,271113,INDIACEM.BO,207.50000217982702,193.42666778564453,218.0500030517578
2023-06-07,221.1499938964844,223.6499938964844,217.9499969482422,222.6999969482422,200566,INDIACEM.BO,212.47857230050224,194.93166758219402,220.8500061035156
2023-06-08,223.9499969482422,223.9499969482422,214.1499938964844,214.9499969482422,283226,INDIACEM.BO,214.6500004359654,196.0800008138021,222.6999969482422
2023-06-09,215.3999938964844,234.5,215.3999938964844,230.1999969482422,1067821,INDIACEM.BO,218.6357138497489,197.7483342488607,214.9499969482422
2023-06-12,229.0500030517578,232.0,225.3999938964844,229.9499969482422,284172,INDIACEM.BO,221.37142726353235,199.4200007120768,230.1999969482422
2023-06-13,229.3999938964844,230.8000030517578,227.4499969482422,228.0,78592,INDIACEM.BO,223.52857099260603,200.97833404541015,229.9499969482422
2023-06-14,228.0,231.3999938964844,225.8000030517578,227.3999938964844,129085,INDIACEM.BO,224.8642839704241,202.36500040690103,228.0
2023-06-15,226.1499938964844,228.3500061035156,221.4499969482422,222.4499969482422,211875,INDIACEM.BO,225.09285409109933,203.56000010172525,227.3999938964844
2023-06-16,222.9499969482422,227.0,222.9499969482422,224.1999969482422,91246,INDIACEM.BO,225.30713980538505,204.79166666666666,222.4499969482422
2023-06-19,224.6499938964844,224.6499938964844,218.0,223.1000061035156,263444,INDIACEM.BO,226.47142682756697,205.9133336385091,224.1999969482422
2023-06-20,221.25,225.0,220.6999969482422,222.4499969482422,83030,INDIACEM.BO,225.3642839704241,206.95833333333334,223.1000061035156
2023-06-21,222.6999969482422,233.3000030517578,222.6999969482422,231.5500030517578,400696,INDIACEM.BO,225.59285627092635,208.15833333333333,222.4499969482422
2023-06-22,233.8999938964844,236.5500030517578,217.3500061035156,218.0,590056,INDIACEM.BO,224.1642848423549,209.0433334350586,231.5500030517578
2023-06-23,219.75,219.75,209.0500030517578,209.6000061035156,232163,INDIACEM.BO,221.62142944335938,209.55333353678387,218.0
2023-06-26,210.9499969482422,214.1999969482422,208.3500061035156,212.9499969482422,112704,INDIACEM.BO,220.2642865862165,210.09500020345052,209.6000061035156
2023-06-27,214.9499969482422,219.3999938964844,213.0,214.0,109539,INDIACEM.BO,218.80714416503906,210.76000010172527,212.9499969482422
2023-06-28,212.0500030517578,216.75,210.3000030517578,214.3999938964844,217639,INDIACEM.BO,217.5642852783203,211.45166676839193,214.0
2023-06-30,215.0,216.8000030517578,211.6499938964844,212.0,109423,INDIACEM.BO,216.07142857142858,212.0566665649414,214.3999938964844
2023-07-07,212.8500061035156,216.1000061035156,209.9499969482422,211.0500030517578,351959,INDIACEM.BO,213.14285714285714,212.61666666666667,212.0
2023-07-10,210.6499938964844,212.0,204.75,206.0500030517578,189688,INDIACEM.BO,211.4357147216797,213.09166666666667,211.0500030517578
2023-07-14,206.3999938964844,214.9499969482422,206.3500061035156,214.1000061035156,345121,INDIACEM.BO,212.07857186453683,213.75,206.0500030517578
2023-07-17,215.9499969482422,218.5500030517578,213.5,214.4499969482422,183064,INDIACEM.BO,212.29285757882255,214.3766667683919,214.1000061035156
2023-07-19,209.8999938964844,212.8000030517578,209.8999938964844,212.3500061035156,49850,INDIACEM.BO,212.05714416503906,215.11500040690103,214.4499969482422
2023-07-20,212.9499969482422,214.3000030517578,210.5500030517578,211.1000061035156,100320,INDIACEM.BO,211.5857173374721,215.98333384195965,212.3500061035156
2023-07-21,211.0,211.0,206.3999938964844,207.3000030517578,142487,INDIACEM.BO,210.91428920200892,216.6316670735677,211.1000061035156
2023-07-24,207.3000030517578,213.3500061035156,207.3000030517578,207.8500061035156,88559,INDIACEM.BO,210.45714678083147,216.90166727701822,207.3000030517578
2023-07-26,213.8999938964844,213.8999938964844,210.8999938964844,211.5500030517578,127958,INDIACEM.BO,211.24286106654577,217.21000061035156,207.8500061035156
2023-07-28,213.3500061035156,215.6499938964844,212.5500030517578,214.6000061035156,261019,INDIACEM.BO,211.31428963797433,217.3366673787435,211.5500030517578
2023-08-03,215.5,220.8999938964844,211.3000030517578,217.25,192408,INDIACEM.BO,211.71429007393974,217.481667582194,214.6000061035156
2023-08-04,217.25,225.25,215.6999969482422,224.6000061035156,469516,INDIACEM.BO,213.46429007393974,217.70000101725262,217.25
2023-08-07,226.8500061035156,226.8500061035156,214.6000061035156,215.9499969482422,407829,INDIACEM.BO,214.15714590890067,217.5366673787435,224.6000061035156
2023-08-08,214.6499938964844,215.8000030517578,211.8999938964844,215.0500030517578,226631,INDIACEM.BO,215.26428876604353,217.28166758219402,215.9499969482422
2023-08-09,216.0,231.0,215.75,229.1499938964844,582090,INDIACEM.BO,218.30714416503906,217.75500081380207,215.0500030517578
2023-08-10,230.6499938964844,246.9499969482422,229.6000061035156,241.1999969482422,1280374,INDIACEM.BO,222.54285757882255,218.12166748046874,229.1499938964844
2023-08-11,241.25,259.29998779296875,241.0,252.5,1380220,INDIACEM.BO,227.95714242117745,218.8733342488607,241.1999969482422
2023-08-14,248.4499969482422,256.70001220703125,239.8000030517578,251.0500030517578,468880,INDIACEM.BO,232.78571428571428,219.64166768391928,252.5
2023-08-16,248.0500030517578,251.5500030517578,244.4499969482422,247.0500030517578,128242,INDIACEM.BO,235.99285670689173,220.29666798909506,251.0500030517578
2023-08-17,245.8500061035156,246.4499969482422,235.1999969482422,240.8000030517578,355028,INDIACEM.BO,239.54285757882255,220.90833485921223,247.0500030517578
2023-08-18,237.0500030517578,240.1000061035156,233.25,237.1000061035156,234551,INDIACEM.BO,242.69285801478796,221.338335164388,240.8000030517578
2023-08-21,236.9499969482422,247.0500030517578,236.9499969482422,245.0,560002,INDIACEM.BO,244.95714460100447,222.0683349609375,237.1000061035156
2023-08-22,247.8500061035156,247.9499969482422,237.4499969482422,240.0,147348,INDIACEM.BO,244.7857164655413,222.65333506266276,245.0
2023-08-23,239.9499969482422,241.9499969482422,237.5500030517578,238.5500030517578,95793,INDIACEM.BO,242.79285975864954,222.88666839599608,240.0
2023-08-24,242.9499969482422,242.9499969482422,235.25,235.8500061035156,70639,INDIACEM.BO,240.62143162318634,223.4816685994466,238.5500030517578
2023-08-25,235.0,235.1499938964844,228.3500061035156,230.3999938964844,182723,INDIACEM.BO,238.24285888671875,224.1750015258789,235.8500061035156
2023-08-28,230.6000061035156,240.8000030517578,230.6000061035156,239.5500030517578,206607,INDIACEM.BO,238.06428745814733,225.0616683959961,230.3999938964844
2023-08-29,241.0500030517578,246.0,239.0500030517578,243.8000030517578,211863,INDIACEM.BO,239.02142987932478,226.05500183105468,239.5500030517578
2023-08-30,246.3500061035156,250.5,237.5500030517578,238.1999969482422,349599,INDIACEM.BO,238.0500008719308,226.84833526611328,243.8000030517578
2023-08-31,238.25,240.0500030517578,234.0,235.8000030517578,125944,INDIACEM.BO,237.4500013078962,227.64166870117188,238.1999969482422
2023-09-01,237.5,263.20001220703125,235.5,261.04998779296875,583317,INDIACEM.BO,240.6642848423549,229.30833485921224,235.8000030517578
2023-09-04,262.04998779296875,266.8500061035156,256.3500061035156,257.6499938964844,449524,INDIACEM.BO,243.778568812779,231.02833455403646,261.04998779296875
2023-09-05,257.6000061035156,258.79998779296875,251.25,254.8500061035156,146148,INDIACEM.BO,247.27142769949776,232.38666788736978,257.6499938964844
2023-09-06,253.75,260.3500061035156,250.25,253.8500061035156,190014,INDIACEM.BO,249.3142852783203,233.70000152587892,254.8500061035156
2023-09-07,255.0500030517578,255.3000030517578,250.25,251.1999969482422,51833,INDIACEM.BO,250.37142726353235,234.99500122070313,253.8500061035156
2023-09-08,252.4499969482422,254.1499938964844,246.5500030517578,248.9499969482422,122475,INDIACEM.BO,251.90714154924666,236.256667582194,251.1999969482422
2023-09-11,251.9499969482422,256.20001220703125,249.0,250.8500061035156,289658,INDIACEM.BO,254.05714198521204,237.70833435058594,248.9499969482422
2023-09-12,252.0500030517578,255.8500061035156,231.0,234.0500030517578,267536,INDIACEM.BO,250.2000013078962,238.581667582194,250.8500061035156
2023-09-13,235.1499938964844,249.9499969482422,230.8500061035156,247.0500030517578,153663,INDIACEM.BO,248.6857169015067,239.76500091552734,234.0500030517578
2023-09-14,248.0,255.6000061035156,245.3999938964844,250.5,169921,INDIACEM.BO,248.06428745814733,240.9616673787435,247.0500030517578
2023-09-15,250.5,254.3999938964844,245.1000061035156,247.75,134704,INDIACEM.BO,247.19285801478796,241.97833404541015,250.5
2023-09-18,245.6999969482422,247.9499969482422,242.5,244.3500061035156,114004,INDIACEM.BO,246.21428789411272,242.63666737874348,247.75
2023-09-20,241.0500030517578,245.8999938964844,236.0,238.75,187473,INDIACEM.BO,244.75714547293526,243.39666748046875,244.3500061035156
2023-09-21,236.8500061035156,239.1000061035156,228.5,229.8500061035156,112934,INDIACEM.BO,241.75714547293526,243.89000091552734,238.75
2023-09-22,230.8000030517578,236.3999938964844,229.3000030517578,233.6499938964844,205360,INDIACEM.BO,241.7000013078962,244.04000091552734,229.8500061035156
2023-09-25,234.9499969482422,235.6999969482422,229.8000030517578,232.6999969482422,105676,INDIACEM.BO,239.6500004359654,243.756667582194,233.6499938964844
2023-09-26,232.0,240.3999938964844,231.25,232.3000030517578,135402,INDIACEM.BO,237.0500008719308,243.08333435058594,232.6999969482422
2023-09-27,238.0,238.0,230.6000061035156,232.5,108704,INDIACEM.BO,234.87142944335938,242.46500091552736,232.3000030517578
2023-09-28,230.9499969482422,234.6999969482422,224.1000061035156,226.5500030517578,167427,INDIACEM.BO,232.32857186453683,241.78166758219402,232.5
2023-09-29,229.9499969482422,235.8000030517578,228.3999938964844,233.0500030517578,158309,INDIACEM.BO,231.5142865862165,241.52333424886066,226.5500030517578
2023-10-03,233.1999969482422,238.8000030517578,232.0,232.6000061035156,147858,INDIACEM.BO,231.90714372907365,241.3733342488607,233.0500030517578
2023-10-04,230.0500030517578,235.0,226.5,230.8999938964844,124657,INDIACEM.BO,231.5142865862165,240.90333404541016,232.6000061035156
2023-10-05,233.0500030517578,236.3000030517578,228.8000030517578,229.3999938964844,116974,INDIACEM.BO,231.04285757882255,240.5500005086263,230.8999938964844
2023-10-06,231.9499969482422,232.4499969482422,228.25,231.25,95026,INDIACEM.BO,230.89285714285714,240.3066670735677,229.3999938964844
2023-10-09,228.0500030517578,229.1499938964844,223.6000061035156,224.8500061035156,156636,INDIACEM.BO,229.8000008719308,239.94000040690105,231.25
2023-10-10,227.8500061035156,229.3500061035156,225.0,228.5,59451,INDIACEM.BO,230.07857186453683,239.87666727701824,224.8500061035156
2023-10-11,229.3500061035156,236.6999969482422,228.1999969482422,228.75,1905016,INDIACEM.BO,229.46428571428572,239.51666717529298,228.5
2023-10-12,229.8000030517578,231.1499938964844,228.1000061035156,228.8500061035156,69533,INDIACEM.BO,228.92857142857142,239.0183339436849,228.75
2023-10-13,227.1999969482422,228.6999969482422,221.6000061035156,223.1499938964844,155118,INDIACEM.BO,227.82142857142858,238.51666717529298,228.8500061035156
2023-10-16,225.1499938964844,225.1499938964844,218.3999938964844,218.8500061035156,171065,INDIACEM.BO,226.31428745814733,237.95166727701823,223.1499938964844
2023-10-17,220.1000061035156,223.3999938964844,219.3000030517578,221.75,180162,INDIACEM.BO,224.95714460100447,236.64166768391928,218.8500061035156
2023-10-18,222.0500030517578,226.8999938964844,220.5500030517578,221.1499938964844,143367,INDIACEM.BO,224.42857142857142,235.4250010172526,221.75
2023-10-19,220.9499969482422,228.6499938964844,219.8999938964844,226.6000061035156,196832,INDIACEM.BO,224.15714372907365,234.48333435058595,221.1499938964844
2023-10-20,226.3000030517578,228.3999938964844,223.5,225.5,112006,INDIACEM.BO,223.69285801478796,233.53833414713543,226.6000061035156
2023-10-23,226.25,226.8999938964844,208.6000061035156,210.0,115132,INDIACEM.BO,221.0,232.16500091552734,225.5
2023-10-25,210.0500030517578,213.6000061035156,205.25,207.1000061035156,151025,INDIACEM.BO,218.70714460100447,230.77000122070314,210.0
2023-10-26,204.4499969482422,210.75,201.6000061035156,209.3999938964844,219636,INDIACEM.BO,217.35714285714286,229.38833414713542,207.1000061035156
2023-10-27,210.0500030517578,211.6000061035156,207.0,208.4499969482422,205393,INDIACEM.BO,215.45714242117745,228.53500061035157,209.3999938964844
2023-10-30,209.6999969482422,211.0,206.8500061035156,209.9499969482422,123005,INDIACEM.BO,213.85714285714286,227.29833374023437,208.4499969482422
2023-10-31,212.25,212.8000030517578,208.25,209.3999938964844,101549,INDIACEM.BO,211.3999982561384,225.92833353678387,209.9499969482422
2023-11-01,209.0,210.8000030517578,198.0500030517578,199.8500061035156,276773,INDIACEM.BO,207.7357134137835,224.3316670735677,209.3999938964844
2023-11-02,200.0,209.5,200.0,208.1999969482422,256826,INDIACEM.BO,207.47857012067522,223.1266667683919,199.8500061035156
2023-11-03,210.0,211.0,206.25,207.75,129416,INDIACEM.BO,207.57142639160156,222.09333343505858,208.1999969482422
2023-11-06,205.6499938964844,216.6499938964844,205.6499938964844,215.0,112165,INDIACEM.BO,208.37142726353235,221.59833323160808,207.75
2023-11-07,212.6499938964844,216.6999969482422,212.6499938964844,214.3999938964844,71917,INDIACEM.BO,209.22142682756697,220.9566665649414,215.0
2023-11-08,217.5500030517578,218.1999969482422,213.6499938964844,214.3999938964844,68265,INDIACEM.BO,209.85714067731584,220.34666646321614,214.3999938964844
2023-11-09,214.5,215.6999969482422,211.9499969482422,212.3999938964844,65404,INDIACEM.BO,210.28571210588728,219.68333282470704,214.3999938964844
2023-11-10,214.75,214.75,210.25,212.5500030517578,55822,INDIACEM.BO,212.0999973842076,219.0183329264323,212.3999938964844
2023-11-13,217.0,217.0,211.8000030517578,212.5500030517578,50433,INDIACEM.BO,212.72142682756697,218.55166625976562,212.5500030517578
2023-11-15,215.75,216.75,213.1000061035156,213.25,40691,INDIACEM.BO,213.50714111328125,217.89166615804035,212.5500030517578
2023-11-16,214.6499938964844,220.8999938964844,213.1499938964844,219.6000061035156,134629,INDIACEM.BO,214.1642848423549,217.45833282470704,213.25
2023-11-17,220.75,221.6999969482422,215.6000061035156,217.3999938964844,164486,INDIACEM.BO,214.59285627092635,217.00833282470703,219.6000061035156
2023-11-20,217.0500030517578,222.3500061035156,216.0,218.8500061035156,55056,INDIACEM.BO,215.22857230050224,216.65666656494142,217.3999938964844
2023-11-21,218.5,220.3500061035156,216.9499969482422,218.8000030517578,94771,INDIACEM.BO,216.14285932268416,216.24166666666667,218.8500061035156
2023-11-22,219.8999938964844,219.8999938964844,214.4499969482422,217.3999938964844,57892,INDIACEM.BO,216.8357151576451,215.9933329264323,218.8000030517578
2023-11-23,217.4499969482422,219.1999969482422,216.6999969482422,217.3500061035156,74184,INDIACEM.BO,217.52142987932478,215.62166646321614,217.3999938964844
2023-11-24,217.5,221.6999969482422,216.6999969482422,220.0,233406,INDIACEM.BO,218.48571559361048,215.3299997965495,217.3500061035156
2023-11-28,220.1499938964844,230.3999938964844,220.1499938964844,229.75,589252,INDIACEM.BO,219.9357147216797,215.35999959309896,220.0
2023-11-29,232.1999969482422,235.8999938964844,230.25,232.8999938964844,499220,INDIACEM.BO,222.1500004359654,215.68499959309895,229.75
2023-11-30,233.8500061035156,254.3999938964844,233.5500030517578,251.4499969482422,1008002,INDIACEM.BO,226.80714198521204,216.77166595458985,232.8999938964844
2023-12-01,254.4499969482422,257.5,248.4499969482422,253.1000061035156,642540,INDIACEM.BO,231.70714242117745,217.81666615804036,251.4499969482422
2023-12-04,255.5500030517578,260.0,253.0,254.0500030517578,236098,INDIACEM.BO,236.94285801478796,218.9133331298828,253.1000061035156
2023-12-05,254.4499969482422,256.95001220703125,245.1499938964844,254.1999969482422,460361,INDIACEM.BO,242.20714242117745,219.83333282470704,254.0500030517578
2023-12-06,255.0500030517578,261.70001220703125,250.3999938964844,252.3999938964844,256132,INDIACEM.BO,246.83571297781808,220.72999928792316,254.1999969482422
2023-12-07,252.5,267.0,247.8500061035156,263.29998779296875,595664,INDIACEM.BO,251.6285683768136,222.5066655476888,252.3999938964844
2023-12-08,263.3999938964844,272.8999938964844,255.6000061035156,271.20001220703125,674114,INDIACEM.BO,257.0999995640346,224.643332417806,263.29998779296875
2023-12-11,274.79998779296875,275.3500061035156,266.79998779296875,269.1499938964844,565062,INDIACEM.BO,259.6285705566406,226.63499908447267,271.20001220703125
2023-12-12,269.3500061035156,271.6000061035156,263.79998779296875,266.79998779296875,129859,INDIACEM.BO,261.58571079799106,228.5799987792969,269.1499938964844
2023-12-13,267.95001220703125,274.70001220703125,264.29998779296875,272.6499938964844,294517,INDIACEM.BO,264.2428523472377,230.6699986775716,266.79998779296875
2023-12-14,270.6499938964844,275.0,267.54998779296875,271.3500061035156,275811,INDIACEM.BO,266.69285365513394,232.73499908447266,272.6499938964844
2023-12-15,271.3999938964844,273.8999938964844,265.5,266.20001220703125,117333,INDIACEM.BO,268.6642848423549,234.94666595458983,271.3500061035156
2023-12-18,265.04998779296875,266.04998779296875,255.6499938964844,259.95001220703125,281327,INDIACEM.BO,268.1857169015067,236.67166646321616,266.20001220703125
2023-12-19,261.0,270.3999938964844,258.6499938964844,268.8500061035156,203460,INDIACEM.BO,267.8500017438616,238.70833333333334,259.95001220703125
2023-12-20,270.04998779296875,275.04998779296875,242.0,248.3999938964844,826125,INDIACEM.BO,264.8857160295759,239.82166646321613,268.8500061035156
2023-12-21,244.1000061035156,252.5500030517578,241.1000061035156,251.4499969482422,343184,INDIACEM.BO,262.692860194615,241.0566665649414,248.3999938964844
2023-12-22,251.6499938964844,257.95001220703125,249.3500061035156,251.6999969482422,204346,INDIACEM.BO,259.7000034877232,242.3,251.4499969482422
2023-12-26,250.1499938964844,262.0,249.5500030517578,261.29998779296875,322821,INDIACEM.BO,258.26428658621654,243.92999979654948,251.6999969482422
2023-12-27,264.1499938964844,270.1000061035156,255.8500061035156,258.25,716242,INDIACEM.BO,257.1285705566406,245.45333302815754,261.29998779296875
2023-12-28,259.45001220703125,260.8999938964844,254.0500030517578,257.54998779296875,242691,INDIACEM.BO,256.7857099260603,246.95333251953124,258.25
2023-12-29,257.1499938964844,262.79998779296875,256.5,258.8999938964844,224281,INDIACEM.BO,255.3642796107701,248.4749989827474,257.54998779296875
2024-01-01,261.8500061035156,263.70001220703125,259.0,261.20001220703125,252635,INDIACEM.BO,257.19285365513394,249.86166585286458,258.8999938964844
2024-01-02,262.8999938964844,264.5,255.5500030517578,260.95001220703125,199965,INDIACEM.BO,258.54999869210377,251.3133331298828,261.20001220703125
2024-01-03,260.25,269.3999938964844,260.0,263.04998779296875,396167,INDIACEM.BO,260.17142595563615,252.7866658528646,260.95001220703125
2024-01-04,264.75,277.0,263.3500061035156,273.20001220703125,965826,INDIACEM.BO,261.8714294433594,254.5999994913737,263.04998779296875
2024-01-05,274.8999938964844,274.8999938964844,262.5,265.45001220703125,462526,INDIACEM.BO,262.9000026157924,256.20166676839193,273.20001220703125
2024-01-08,265.95001220703125,266.3999938964844,256.25,257.6000061035156,242709,INDIACEM.BO,262.9071480887277,257.54333343505857,265.45001220703125
2024-01-09,259.6000061035156,262.95001220703125,257.6000061035156,258.3999938964844,170137,INDIACEM.BO,262.8357195172991,258.82333323160805,257.6000061035156
2024-01-10,257.54998779296875,261.79998779296875,253.0,258.8999938964844,106238,INDIACEM.BO,262.5071454729353,259.79499969482424,258.3999938964844
2024-01-11,259.6000061035156,260.8500061035156,256.79998779296875,257.8500061035156,78866,INDIACEM.BO,262.0642874581473,260.62666676839194,258.8999938964844
2024-01-12,260.70001220703125,262.79998779296875,257.3500061035156,258.25,187237,INDIACEM.BO,261.37857491629467,260.85333353678385,257.8500061035156
2024-01-15,259.6499938964844,259.6499938964844,255.0500030517578,257.25,110554,INDIACEM.BO,259.1000017438616,260.9916666666667,258.25
2024-01-16,257.25,261.8999938964844,253.5,258.04998779296875,110206,INDIACEM.BO,258.0428553989955,261.12499949137367,257.25
2024-01-17,253.8000030517578,257.95001220703125,250.1000061035156,252.3999938964844,191388,INDIACEM.BO,257.29999651227683,261.06499938964845,258.04998779296875
2024-01-19,250.6499938964844,255.1000061035156,250.0500030517578,253.25,171718,INDIACEM.BO,256.5642830984933,261.0933329264323,252.3999938964844
2024-01-23,252.0,253.3500061035156,233.25,235.1999969482422,303894,INDIACEM.BO,253.17856924874442,260.1566665649414,253.25
2024-01-24,236.1499938964844,242.6999969482422,233.5,241.9499969482422,139884,INDIACEM.BO,250.90713936941964,259.1816660563151,235.1999969482422
2024-01-25,241.9499969482422,254.0,241.8500061035156,252.3999938964844,131458,INDIACEM.BO,250.07142421177454,258.6233327229818,241.9499969482422
2024-01-29,254.8000030517578,259.3999938964844,250.5,258.3999938964844,130705,INDIACEM.BO,250.23570905412947,258.3433329264323,252.3999938964844
2024-01-30,260.0,265.0,258.6499938964844,260.04998779296875,301600,INDIACEM.BO,250.52142333984375,257.9233327229818,258.3999938964844
2024-01-31,260.29998779296875,265.1000061035156,258.29998779296875,261.3500061035156,101619,INDIACEM.BO,251.79999651227678,257.5899993896484,260.04998779296875
2024-02-01,264.75,264.8999938964844,236.8500061035156,242.5,2115711,INDIACEM.BO,250.2642822265625,256.7999989827474,261.3500061035156
2024-02-02,243.3999938964844,244.9499969482422,239.1999969482422,240.0500030517578,309954,INDIACEM.BO,250.95714024135046,256.1366653442383,242.5
2024-02-05,242.8999938964844,242.8999938964844,231.5,233.6499938964844,120660,INDIACEM.BO,249.77142551967077,254.9633316040039,240.0500030517578
2024-02-06,234.25,242.8000030517578,230.4499969482422,241.0,149024,INDIACEM.BO,248.14285496303015,254.71666514078777,233.6499938964844
2024-02-07,244.8500061035156,244.8500061035156,238.4499969482422,239.9499969482422,99409,INDIACEM.BO,245.50714111328125,254.3333318074544,241.0
2024-02-08,242.0,242.5,236.3999938964844,237.1000061035156,97190,INDIACEM.BO,242.22857230050224,253.84666544596354,239.9499969482422
2024-02-09,238.1499938964844,249.8000030517578,228.6000061035156,247.0,548213,INDIACEM.BO,240.17857142857142,253.36999918619793,237.1000061035156
2024-02-12,247.6000061035156,248.0500030517578,233.3500061035156,234.9499969482422,124837,INDIACEM.BO,239.0999995640346,252.59333241780598,247.0
2024-02-13,235.9499969482422,237.0,230.1000061035156,232.1999969482422,66181,INDIACEM.BO,237.97857012067522,251.74833272298176,234.9499969482422
2024-02-14,228.3000030517578,235.6000061035156,228.1000061035156,234.5500030517578,74551,INDIACEM.BO,238.10714285714286,250.9366663614909,232.1999969482422
2024-02-15,237.75,239.0,235.0,236.0,69547,INDIACEM.BO,237.39285714285714,250.09666595458984,234.5500030517578
2024-02-16,236.25,246.3999938964844,236.25,243.3999938964844,312114,INDIACEM.BO,237.8857138497489,249.51166534423828,236.0
2024-02-19,243.8500061035156,244.1999969482422,239.4499969482422,241.25,151270,INDIACEM.BO,238.47857012067522,248.78499908447264,243.3999938964844
2024-02-20,241.4499969482422,244.5,239.5500030517578,242.6999969482422,74802,INDIACEM.BO,237.8642839704241,247.7683319091797,241.25
2024-02-21,244.8000030517578,248.25,241.75,242.8500061035156,140015,INDIACEM.BO,238.99285670689173,247.01499837239584,242.6999969482422
2024-02-22,242.8500061035156,249.6000061035156,239.0,248.3999938964844,238858,INDIACEM.BO,241.30714198521204,246.7083312988281,242.8500061035156
2024-02-23,249.6999969482422,252.0500030517578,243.1999969482422,245.0,218896,INDIACEM.BO,242.7999986921038,246.26166483561198,248.3999938964844
2024-02-26,246.3500061035156,246.3500061035156,238.1499938964844,239.25,110421,INDIACEM.BO,243.26428440638952,245.6066650390625,245.0
2024-02-27,239.8500061035156,240.6999969482422,233.75,234.3500061035156,134147,INDIACEM.BO,241.97142900739397,244.82333170572917,239.25
2024-02-28,237.9499969482422,237.9499969482422,222.3000030517578,224.6499938964844,155623,INDIACEM.BO,239.5999995640346,243.70333150227864,234.3500061035156
2024-02-29,224.6999969482422,230.0,220.8000030517578,228.8000030517578,213266,INDIACEM.BO,237.6142861502511,242.75499827067057,224.6499938964844
2024-03-01,229.9499969482422,233.3000030517578,228.8999938964844,231.1499938964844,67523,INDIACEM.BO,235.94285583496094,241.85833180745442,228.8000030517578
2024-03-04,234.4499969482422,234.6999969482422,231.0,232.5,41622,INDIACEM.BO,233.67142813546317,241.19499867757162,231.1499938964844
2024-03-05,231.6999969482422,234.3500061035156,228.0,228.3000030517578,98768,INDIACEM.BO,231.28571428571428,240.36333211263022,232.5
2024-03-06,229.1499938964844,229.75,219.1000061035156,223.5500030517578,142426,INDIACEM.BO,229.04285757882255,239.9749989827474,228.3000030517578
2024-03-07,224.0,228.25,223.75,225.3500061035156,84763,INDIACEM.BO,227.75714329310827,239.42166595458986,223.5500030517578
2024-03-11,225.8000030517578,227.0,219.25,220.0,65788,INDIACEM.BO,227.09285845075334,238.34166615804037,225.3500061035156
2024-03-12,220.4499969482422,220.75,211.8000030517578,212.3500061035156,160362,INDIACEM.BO,224.74285888671875,236.8066665649414,220.0
2024-03-13,214.3999938964844,214.8500061035156,194.0500030517578,196.3500061035156,356031,INDIACEM.BO,219.77143205915178,234.68333384195964,212.3500061035156
2024-03-14,195.1499938964844,205.3500061035156,193.8500061035156,204.1499938964844,178873,INDIACEM.BO,215.721431187221,232.77666676839192,196.3500061035156
2024-03-15,205.0,207.1000061035156,199.5,205.1000061035156,176412,INDIACEM.BO,212.40714590890067,231.53000030517578,204.1499938964844
2024-03-18,206.0,208.3999938964844,202.75,204.3999938964844,130535,INDIACEM.BO,209.67143031529017,230.34166666666667,205.1000061035156
2024-03-19,203.1499938964844,204.8999938964844,197.5,198.75,151044,INDIACEM.BO,205.87142944335938,229.17833353678387,204.3999938964844
2024-03-20,202.1000061035156,202.1000061035156,194.3000030517578,196.6000061035156,95112,INDIACEM.BO,202.52857317243303,227.69833374023438,198.75
2024-03-21,198.5500030517578,204.9499969482422,198.5500030517578,203.6499938964844,169074,INDIACEM.BO,201.28571428571428,226.48833363850912,196.6000061035156
2024-03-22,205.0,209.5500030517578,202.6000061035156,207.0500030517578,84731,INDIACEM.BO,202.8142852783203,225.48666687011718,203.6499938964844
2024-03-26,205.25,211.0500030517578,205.0500030517578,209.0,210627,INDIACEM.BO,203.50714329310827,224.22000020345052,207.0500030517578
2024-03-27,211.3500061035156,216.4499969482422,210.0,212.8000030517578,178790,INDIACEM.BO,204.60714285714286,223.4816670735677,209.0
2024-03-28,214.0500030517578,215.1499938964844,211.3000030517578,212.5,185273,INDIACEM.BO,205.7642865862165,222.8250005086263,212.8000030517578
2024-04-01,215.4499969482422,221.0,213.9499969482422,220.3000030517578,162798,INDIACEM.BO,208.84285845075334,222.3500005086263,212.5
2024-04-02,219.6999969482422,229.3999938964844,218.5,226.6999969482422,137277,INDIACEM.BO,213.14285714285714,222.04000040690104,220.3000030517578
2024-04-03,228.9499969482422,228.9499969482422,221.9499969482422,223.5500030517578,121057,INDIACEM.BO,215.98571559361048,221.37833404541016,226.6999969482422
2024-04-04,225.0,228.1000061035156,223.1000061035156,223.8999938964844,97524,INDIACEM.BO,218.39285714285714,220.8000005086263,223.5500030517578
2024-04-05,224.8500061035156,227.1499938964844,220.5,225.1499938964844,173126,INDIACEM.BO,220.6999991280692,220.21500040690105,223.8999938964844
2024-04-08,226.8500061035156,232.8999938964844,225.3999938964844,230.6499938964844,163863,INDIACEM.BO,223.24999782017298,219.80833333333334,225.1499938964844
2024-04-09,232.3500061035156,232.3500061035156,224.5,225.8500061035156,129004,INDIACEM.BO,225.15714154924666,219.0566670735677,230.6499938964844
2024-04-10,226.6999969482422,230.3500061035156,224.8000030517578,227.9499969482422,85890,INDIACEM.BO,226.24999782017298,218.48833363850912,225.8500061035156
2024-04-12,227.25,229.9499969482422,224.0,224.6000061035156,122647,INDIACEM.BO,225.9499991280692,218.0000005086263,227.9499969482422
2024-04-15,210.1000061035156,225.0,210.1000061035156,222.1999969482422,161812,INDIACEM.BO,225.75714111328125,217.59500020345052,224.6000061035156
2024-04-16,221.1499938964844,228.1999969482422,219.6000061035156,226.6999969482422,52183,INDIACEM.BO,226.15714154924666,217.6633336385091,222.1999969482422
2024-04-18,229.6499938964844,230.3500061035156,220.5,221.8999938964844,86669,INDIACEM.BO,225.69285583496094,217.43333333333334,226.6999969482422
2024-04-19,219.6000061035156,225.8000030517578,217.1000061035156,223.9499969482422,108215,INDIACEM.BO,224.7357134137835,217.1933334350586,221.8999938964844
2024-04-22,228.3000030517578,228.8000030517578,219.0,219.75,88613,INDIACEM.BO,223.8642839704241,216.7683334350586,223.9499969482422
2024-04-23,221.0500030517578,226.3999938964844,220.1499938964844,224.3500061035156,173338,INDIACEM.BO,223.3499995640346,216.63666687011718,219.75
2024-04-24,225.5500030517578,232.6499938964844,225.0500030517578,227.5500030517578,268950,INDIACEM.BO,223.77142769949776,216.7700002034505,224.3500061035156
2024-04-25,229.0,229.0,222.6999969482422,226.9499969482422,100244,INDIACEM.BO,224.4499991280692,216.82333323160807,227.5500030517578
2024-04-26,226.9499969482422,230.9499969482422,225.6499938964844,227.6000061035156,181414,INDIACEM.BO,224.57857186453683,217.07666676839193,226.9499969482422
2024-04-29,230.5500030517578,230.75,225.5,226.6000061035156,106880,INDIACEM.BO,225.25000217982702,217.55166676839193,227.6000061035156
2024-04-30,227.6499938964844,230.5500030517578,223.0,224.4499969482422,72440,INDIACEM.BO,225.32143075125558,218.48833312988282,226.6000061035156
2024-05-02,225.5,225.8000030517578,223.6499938964844,224.0500030517578,65797,INDIACEM.BO,225.9357169015067,219.15166676839192,224.4499969482422
2024-05-03,225.1499938964844,229.6499938964844,220.0,222.3999938964844,86493,INDIACEM.BO,225.65714372907365,219.72833302815755,224.0500030517578
2024-05-06,224.1000061035156,224.8999938964844,216.0500030517578,216.5500030517578,152464,INDIACEM.BO,224.0857151576451,220.13333333333333,222.3999938964844
2024-05-07,217.6000061035156,217.6499938964844,205.3999938964844,207.6499938964844,114264,INDIACEM.BO,221.32857186453683,220.42999979654948,216.5500030517578
2024-05-08,207.6499938964844,212.5500030517578,204.0,210.9499969482422,94844,INDIACEM.BO,218.9499991280692,220.90833282470703,207.6499938964844
2024-05-09,211.0,211.4499969482422,201.8000030517578,202.6499938964844,54309,INDIACEM.BO,215.528568812779,220.8749994913737,210.9499969482422
2024-05-10,204.3999938964844,206.5,200.3000030517578,205.9499969482422,85682,INDIACEM.BO,212.88571166992188,220.8383326212565,202.6499938964844
2024-05-13,207.0,207.25,201.5,205.75,77499,INDIACEM.BO,210.27142551967077,220.72999928792316,205.9499969482422
2024-05-14,208.75,211.6499938964844,205.1000061035156,210.0,86485,INDIACEM.BO,208.49999782017298,220.63666585286458,205.75
2024-05-15,211.6000061035156,212.8999938964844,208.1000061035156,208.75,32874,INDIACEM.BO,207.38571166992188,220.51166585286458,210.0
2024-05-16,208.1999969482422,210.1499938964844,206.8500061035156,208.5,54237,INDIACEM.BO,207.50714111328125,220.118332417806,208.75
2024-05-17,209.3000030517578,211.8999938964844,208.0500030517578,211.1999969482422,35021,INDIACEM.BO,207.54285539899553,219.60166575113934,208.5
2024-05-21,215.4499969482422,215.4499969482422,210.0,210.25,55760,INDIACEM.BO,208.62857055664062,219.15833231608073,211.1999969482422
2024-05-22,211.1499938964844,211.1499938964844,207.8500061035156,208.4499969482422,33364,INDIACEM.BO,208.9857134137835,218.643332417806,210.25
2024-05-23,207.6499938964844,210.8000030517578,207.6499938964844,209.1000061035156,81143,INDIACEM.BO,209.46428571428572,218.10833282470702,208.4499969482422
2024-05-24,209.3999938964844,211.5,208.3000030517578,208.75,97052,INDIACEM.BO,209.28571428571428,217.37833302815756,209.1000061035156
2024-05-27,208.8500061035156,214.5,208.6999969482422,213.3500061035156,93977,INDIACEM.BO,209.94285801478796,216.9616663614909,208.75
2024-05-28,213.8500061035156,218.0,210.8999938964844,213.3500061035156,112644,INDIACEM.BO,210.6357160295759,216.475,213.3500061035156
2024-05-29,212.3500061035156,219.5,211.4499969482422,213.0500030517578,180329,INDIACEM.BO,210.9000026157924,216.08999989827473,213.3500061035156
2024-05-30,213.8000030517578,214.1999969482422,204.1499938964844,204.8999938964844,102707,INDIACEM.BO,210.1357160295759,215.51333312988282,213.0500030517578
2024-05-31,205.5500030517578,207.3000030517578,203.1000061035156,204.5500030517578,92668,INDIACEM.BO,209.57857404436385,214.775,204.8999938964844
2024-06-03,210.1499938964844,218.6000061035156,207.8500061035156,215.1999969482422,400578,INDIACEM.BO,210.4500013078962,214.55166676839193,204.5500030517578
2024-06-04,213.0500030517578,215.6000061035156,172.5500030517578,184.75,335975,INDIACEM.BO,207.02142987932478,213.24500020345053,215.1999969482422
2024-06-05,190.8000030517578,198.3000030517578,181.1499938964844,196.3500061035156,224243,INDIACEM.BO,204.59285845075334,212.46500040690105,184.75
2024-06-06,199.9499969482422,208.3999938964844,197.9499969482422,207.1000061035156,333449,INDIACEM.BO,203.7000013078962,211.89000040690104,196.3500061035156
2024-06-07,207.1000061035156,216.0,205.5,214.1999969482422,389924,INDIACEM.BO,203.8642861502511,211.44500020345052,207.1000061035156
2024-06-10,214.6999969482422,224.6499938964844,213.9499969482422,218.5500030517578,261272,INDIACEM.BO,205.81428745814733,211.16500040690104,214.1999969482422
2024-06-11,217.8999938964844,219.0500030517578,215.25,216.1000061035156,145517,INDIACEM.BO,207.4642878941127,210.78166707356772,218.5500030517578
2024-06-12,216.0,222.75,216.0,219.8999938964844,148164,INDIACEM.BO,208.1357160295759,210.55833333333334,216.1000061035156
2024-06-13,221.1000061035156,221.4499969482422,217.6000061035156,218.6499938964844,130603,INDIACEM.BO,212.97857230050224,210.36499989827473,219.8999938964844
2024-06-14,221.3000030517578,224.1499938964844,219.6999969482422,221.4499969482422,173966,INDIACEM.BO,216.5642852783203,210.27833302815756,218.6499938964844
2024-06-18,221.0,223.1499938964844,218.4499969482422,220.4499969482422,119214,INDIACEM.BO,218.47142682756697,210.2133331298828,221.4499969482422
2024-06-19,221.3500061035156,223.4499969482422,215.8500061035156,218.4499969482422,62498,INDIACEM.BO,219.07856968470983,210.27666625976562,220.4499969482422
2024-06-20,220.1999969482422,234.75,219.6499938964844,233.3500061035156,532271,INDIACEM.BO,221.19285583496094,211.13333333333333,218.4499969482422
2024-06-21,234.0,237.5500030517578,229.6000061035156,231.5,470888,INDIACEM.BO,223.39285496303015,211.8183334350586,233.3500061035156
2024-06-24,227.6499938964844,238.3500061035156,223.6999969482422,234.5,177051,INDIACEM.BO,225.47857012067522,212.88000030517577,231.5
2024-06-25,235.25,237.25,226.8500061035156,229.3000030517578,281205,INDIACEM.BO,227.0,213.65833384195963,234.5
2024-06-26,232.9499969482422,269.5,231.1499938964844,262.95001220703125,3857369,INDIACEM.BO,232.92857360839844,215.56500091552735,229.3000030517578
2024-06-27,280.3999938964844,299.0,275.20001220703125,293.1499938964844,81617550,INDIACEM.BO,243.31428745814733,218.3366673787435,262.95001220703125
2024-06-28,291.6000061035156,308.1000061035156,283.5,293.3999938964844,2425223,INDIACEM.BO,254.02142987932478,221.15833384195963,293.1499938964844
2024-07-01,292.0,293.20001220703125,281.8500061035156,282.8500061035156,564211,INDIACEM.BO,261.09285845075334,223.63666737874348,293.3999938964844
2024-07-02,283.95001220703125,289.54998779296875,282.20001220703125,284.04998779296875,399060,INDIACEM.BO,268.5999995640346,226.06500040690105,282.8500061035156
2024-07-03,286.45001220703125,289.5,281.1000061035156,287.75,196340,INDIACEM.BO,276.2071424211775,228.64833374023436,284.04998779296875
2024-07-04,288.3999938964844,289.5,280.5,285.3500061035156,516442,INDIACEM.BO,284.2142857142857,231.2116673787435,287.75
2024-07-05,287.3500061035156,287.8500061035156,283.5,284.95001220703125,128431,INDIACEM.BO,287.35714285714283,233.74000091552733,285.3500061035156
2024-07-08,283.04998779296875,284.6499938964844,276.0,277.1499938964844,365811,INDIACEM.BO,285.07142857142856,236.02000071207684,284.95001220703125
2024-07-09,272.04998779296875,284.8999938964844,272.04998779296875,281.6499938964844,360009,INDIACEM.BO,283.39285714285717,238.29666697184246,277.1499938964844
2024-07-10,281.8999938964844,298.3500061035156,275.29998779296875,295.54998779296875,598438,INDIACEM.BO,285.20714024135043,241.0366663614909,281.6499938964844
2024-07-11,298.0,307.3999938964844,297.8999938964844,305.1000061035156,657308,INDIACEM.BO,288.2142857142857,244.1049997965495,295.54998779296875
2024-07-12,303.95001220703125,305.6499938964844,295.54998779296875,298.29998779296875,432907,INDIACEM.BO,289.721426827567,247.21833292643228,305.1000061035156
2024-07-15,298.29998779296875,318.0,296.3999938964844,307.25,1121587,INDIACEM.BO,292.8499973842076,250.64166615804035,298.29998779296875
2024-07-16,308.54998779296875,324.95001220703125,308.54998779296875,323.04998779296875,880496,INDIACEM.BO,298.29285103934154,254.23666585286458,307.25
2024-07-18,325.04998779296875,354.6499938964844,324.95001220703125,344.75,2260547,INDIACEM.BO,307.9499947684152,259.5699991861979,323.04998779296875
2024-07-19,342.25,354.25,336.1000061035156,346.6000061035156,1075256,INDIACEM.BO,317.2285679408482,264.5783325195313,344.75
2024-07-22,340.0,358.3999938964844,335.8999938964844,351.5,533912,INDIACEM.BO,325.221426827567,269.39166564941405,346.6000061035156
2024-07-23,355.0,357.0,340.0,350.8999938964844,666359,INDIACEM.BO,331.7642822265625,273.94833221435545,351.5
2024-07-24,349.1499938964844,359.8500061035156,331.1499938964844,349.3999938964844,1035134,INDIACEM.BO,339.0642830984933,278.30999857584635,350.8999938964844
2024-07-25,343.8999938964844,366.0,343.8999938964844,361.3999938964844,517611,INDIACEM.BO,346.7999965122768,283.15333150227866,349.3999938964844
2024-07-26,361.5499877929688,376.7000122070313,361.5499877929688,374.6000061035156,684690,INDIACEM.BO,354.1642848423549,288.30999857584635,361.3999938964844
2024-07-29,380.6000061035156,385.5,368.3999938964844,372.1499938964844,2206180,INDIACEM.BO,358.0785696847098,293.426665242513,374.6000061035156
2024-07-30,373.0499877929688,375.7000122070313,367.8999938964844,368.9500122070313,227009,INDIACEM.BO,361.2714276994978,298.343332417806,372.1499938964844
2024-07-31,369.8999938964844,370.2999877929688,363.25,364.0499877929688,142074,INDIACEM.BO,363.0642830984933,303.1299987792969,368.9500122070313
2024-08-01,364.2999877929688,366.5,359.04998779296875,363.6000061035156,174773,INDIACEM.BO,364.8785705566406,307.968332417806,364.0499877929688
2024-08-02,357.20001220703125,375.2999877929688,357.20001220703125,371.9500122070313,467560,INDIACEM.BO,368.1000017438616,312.5883326212565,363.6000061035156
2024-08-05,361.0499877929688,370.0,361.0499877929688,367.6499938964844,207711,INDIACEM.BO,368.99285888671875,317.12666575113934,371.9500122070313
2024-08-06,365.0499877929688,373.1499938964844,361.7999877929688,362.5,196604,INDIACEM.BO,367.26428658621654,321.393332417806,367.6499938964844
2024-08-07,368.0,369.9500122070313,363.8999938964844,368.3999938964844,99479,INDIACEM.BO,366.7285723005022,326.0299987792969,362.5
2024-08-08,368.0499877929688,369.75,365.5499877929688,368.1499938964844,107969,INDIACEM.BO,366.6142839704241,329.536664835612,368.3999938964844
2024-08-09,371.0,372.0,365.25,366.8999938964844,275330,INDIACEM.BO,367.0214276994978,331.9949981689453,368.1499938964844
2024-08-12,366.0,368.5499877929688,364.25,367.0,66810,INDIACEM.BO,367.50714111328125,334.4483317057292,366.8999938964844
2024-08-13,365.0499877929688,368.1000061035156,363.8999938964844,364.8500061035156,48531,INDIACEM.BO,366.4928545270647,337.1816650390625,367.0
2024-08-14,364.5,366.5,362.25,365.5499877929688,57691,INDIACEM.BO,366.19285365513394,339.89833170572916,364.8500061035156
2024-08-16,368.0,368.0,363.0499877929688,364.9500122070313,50097,INDIACEM.BO,366.5428553989955,342.47166544596354,365.5499877929688
2024-08-19,364.75,368.3500061035156,363.6499938964844,364.6000061035156,132597,INDIACEM.BO,366.0,345.1133321126302,364.9500122070313
2024-08-20,364.0499877929688,366.25,363.4500122070313,364.5,62408,INDIACEM.BO,365.4785723005022,347.76499837239584,364.6000061035156
2024-08-21,364.0,367.0,362.9500122070313,363.6000061035156,72182,INDIACEM.BO,365.0071454729353,350.64666544596355,364.5
2024-08-22,363.0,372.0,363.0,369.0499877929688,94123,INDIACEM.BO,365.3000008719308,353.55999857584635,363.6000061035156
2024-08-23,369.4500122070313,370.0,366.0,367.1499938964844,37015,INDIACEM.BO,365.6285705566406,355.94666544596356,369.0499877929688
2024-08-26,369.3999938964844,369.3999938964844,365.2000122070313,365.75,52214,INDIACEM.BO,365.65714372907365,357.9683319091797,367.1499938964844
2024-08-28,369.0,375.75,366.1499938964844,371.3999938964844,230157,INDIACEM.BO,366.5785696847098,360.4049987792969,365.75
2024-08-29,371.5,373.4500122070313,362.7999877929688,363.3500061035156,219424,INDIACEM.BO,366.3999982561384,362.2749989827474,371.3999938964844
2024-08-30,363.5499877929688,369.0,357.6499938964844,362.9500122070313,277160,INDIACEM.BO,366.1785714285715,363.60499979654946,363.3500061035156
2024-09-02,363.2999877929688,366.6499938964844,362.7999877929688,364.7000122070313,100211,INDIACEM.BO,366.33571515764515,364.27000020345054,362.9500122070313
2024-09-03,364.7000122070313,367.4500122070313,363.75,365.75,27665,INDIACEM.BO,365.8642883300781,364.90833333333336,364.7000122070313
2024-09-04,360.8999938964844,367.0,360.8999938964844,364.8999938964844,53200,INDIACEM.BO,365.54285975864957,365.35499979654946,365.75
2024-09-05,365.0,368.1499938964844,363.8999938964844,364.1499938964844,39236,INDIACEM.BO,365.3142874581473,365.7966664632161,364.8999938964844
2024-09-06,362.5499877929688,365.4500122070313,362.5499877929688,363.1499938964844,20820,INDIACEM.BO,364.1357160295759,366.2549997965495,364.1499938964844
2024-09-09,360.04998779296875,367.4500122070313,360.04998779296875,365.5499877929688,57116,INDIACEM.BO,364.4499991280692,366.39333292643227,363.1499938964844
2024-09-10,363.1499938964844,371.2000122070313,363.1499938964844,364.6499938964844,27035,INDIACEM.BO,364.69285365513394,366.06166585286456,365.5499877929688
2024-09-11,363.1499938964844,366.2999877929688,362.8999938964844,363.1000061035156,20425,INDIACEM.BO,364.4642813546317,365.75999959309894,364.6499938964844
2024-09-12,363.2999877929688,364.9500122070313,363.1000061035156,363.6499938964844,9747,INDIACEM.BO,364.1642804827009,365.5833323160807,363.1000061035156
2024-09-13,364.8500061035156,368.1000061035156,363.1000061035156,367.25,16344,INDIACEM.BO,364.49999564034596,365.68999938964845,363.6499938964844
2024-09-16,368.9500122070313,381.7000122070313,366.7999877929688,371.9500122070313,274442,INDIACEM.BO,365.6142839704241,365.9683329264323,367.25
2024-09-17,372.5499877929688,375.1000061035156,366.2000122070313,368.5499877929688,55189,INDIACEM.BO,366.3857116699219,365.85499877929686,371.9500122070313
2024-09-18,369.25,374.2000122070313,367.5499877929688,368.6499938964844,39486,INDIACEM.BO,366.8285696847098,365.8883321126302,368.5499877929688
2024-09-19,370.6499938964844,372.1000061035156,364.8999938964844,367.2999877929688,39537,INDIACEM.BO,367.20714024135043,366.04833170572914,368.6499938964844
2024-09-20,368.2000122070313,368.2000122070313,359.70001220703125,362.2000122070313,31065,INDIACEM.BO,367.0785696847098,365.84166564941404,367.2999877929688
2024-09-23,362.9500122070313,368.0499877929688,362.9500122070313,365.7999877929688,84445,INDIACEM.BO,367.3857116699219,365.7633321126302,362.2000122070313
2024-09-24,362.0499877929688,366.0,362.0499877929688,364.0499877929688,54858,INDIACEM.BO,366.92856706891746,365.6683319091797,365.7999877929688
2024-09-25,364.1499938964844,366.3999938964844,362.8500061035156,365.0499877929688,33011,INDIACEM.BO,365.94284929547996,365.60333150227865,364.0499877929688
2024-09-26,366.6499938964844,366.6499938964844,361.6499938964844,362.1499938964844,32136,INDIACEM.BO,365.02856445312506,365.5133310953776,365.0499877929688
2024-09-27,363.0,363.75,358.1000061035156,359.1499938964844,22376,INDIACEM.BO,363.6714215959822,365.2999979654948,362.1499938964844
2024-09-30,359.8999938964844,368.1000061035156,352.5,365.2999877929688,66332,INDIACEM.BO,363.38570731026795,365.31166381835936,359.1499938964844
2024-10-01,368.1000061035156,368.1000061035156,362.8500061035156,365.0,15359,INDIACEM.BO,363.7857055664063,365.3249969482422,365.2999877929688
2024-10-03,358.1000061035156,367.9500122070313,358.1000061035156,366.1499938964844,100567,INDIACEM.BO,363.83570643833707,365.37999674479164,365.0
2024-10-04,362.0499877929688,365.2999877929688,360.1499938964844,362.8500061035156,44179,INDIACEM.BO,363.6642804827009,365.35499674479166,366.1499938964844
2024-10-07,358.0,365.4500122070313,358.0,363.0,32782,INDIACEM.BO,363.37142508370533,365.15333048502606,362.8500061035156
2024-10-08,358.54998779296875,361.8999938964844,358.54998779296875,360.4500122070313,15382,INDIACEM.BO,363.1285705566406,364.92999776204425,363.0
2024-10-09,366.4500122070313,366.4500122070313,361.0499877929688,362.1499938964844,9851,INDIACEM.BO,363.55714198521207,364.80999755859375,360.4500122070313
2024-10-10,358.6000061035156,364.1499938964844,358.6000061035156,362.2999877929688,37280,INDIACEM.BO,363.1285705566406,364.50666402180997,362.1499938964844
2024-10-11,364.8999938964844,364.8999938964844,361.0,362.4500122070313,7274,INDIACEM.BO,362.76428658621654,364.4766642252605,362.2999877929688
2024-10-14,359.1499938964844,363.25,359.1499938964844,362.4500122070313,112111,INDIACEM.BO,362.2357177734375,364.4599975585938,362.4500122070313
2024-10-15,362.4500122070313,362.9500122070313,361.5,362.25,20863,INDIACEM.BO,362.1500026157924,364.3783304850261,362.4500122070313
2024-10-16,363.9500122070313,363.9500122070313,362.25,363.0499877929688,9867,INDIACEM.BO,362.15714372907365,364.28833007812506,362.25
2024-10-17,362.0,363.7999877929688,360.9500122070313,362.1000061035156,14957,INDIACEM.BO,362.39285714285717,364.19499715169275,363.0499877929688
2024-10-18,358.1000061035156,362.5499877929688,357.54998779296875,361.9500122070313,10312,INDIACEM.BO,362.3642883300782,364.121664428711,362.1000061035156
2024-10-21,359.04998779296875,363.25,359.04998779296875,361.9500122070313,13794,INDIACEM.BO,362.3142918178014,364.08166503906256,361.9500122070313
2024-10-22,360.04998779296875,363.0,358.79998779296875,360.2999877929688,46396,INDIACEM.BO,362.00714547293535,363.90666503906255,361.9500122070313
2024-10-23,357.1000061035156,360.0,355.79998779296875,359.45001220703125,58753,INDIACEM.BO,361.5785740443639,363.7333323160808,360.2999877929688
2024-10-24,360.0,360.6000061035156,357.6499938964844,358.95001220703125,11085,INDIACEM.BO,361.10714721679693,363.594999186198,359.45001220703125
2024-10-25,352.0,358.5,348.1000061035156,354.6000061035156,112507,INDIACEM.BO,359.90000697544644,363.29333292643236,358.95001220703125
2024-10-28,350.0,363.8999938964844,350.0,358.6000061035156,34487,INDIACEM.BO,359.40000697544644,363.00499979654955,354.6000061035156
2024-10-29,364.5,364.5,355.75,357.04998779296875,8905,INDIACEM.BO,358.7000034877232,362.5083323160808,358.6000061035156
2024-10-31,363.0,364.3999938964844,357.6000061035156,363.8999938964844,8614,INDIACEM.BO,358.9785723005022,362.3533325195313,357.04998779296875
2024-11-01,368.8500061035156,368.8500061035156,360.7999877929688,363.1000061035156,10669,INDIACEM.BO,359.37857491629467,362.16833292643236,363.8999938964844
2024-11-04,357.1000061035156,362.0,357.1000061035156,361.0,10057,INDIACEM.BO,359.6000017438616,361.95833333333337,363.1000061035156
2024-11-06,360.7999877929688,362.6499938964844,360.6499938964844,361.4500122070313,18842,INDIACEM.BO,359.9571446010045,361.9333333333334,361.0
2024-11-07,362.0,362.7000122070313,359.79998779296875,360.25,6734,INDIACEM.BO,360.76428658621654,361.74833374023444,361.4500122070313
2024-11-08,360.25,364.5499877929688,353.0,360.2999877929688,238565,INDIACEM.BO,361.00714111328125,361.62333374023444,360.25
2024-11-11,358.1000061035156,360.0,355.1499938964844,357.70001220703125,12596,INDIACEM.BO,361.1000017438616,361.37833455403654,360.2999877929688
2024-11-12,357.0,361.5499877929688,356.1000061035156,357.54998779296875,22746,INDIACEM.BO,360.19285801478793,361.2250010172527,357.70001220703125
2024-11-13,357.54998779296875,357.54998779296875,353.3500061035156,355.04998779296875,47194,INDIACEM.BO,359.0428553989955,361.08833414713547,357.54998779296875
2024-11-14,352.04998779296875,356.8999938964844,351.25,355.1499938964844,31538,INDIACEM.BO,358.20714024135043,360.75000101725266,355.04998779296875
2024-11-18,351.79998779296875,357.29998779296875,351.79998779296875,356.8999938964844,11280,INDIACEM.BO,357.557137625558,360.4800008138021,355.1499938964844
2024-11-19,351.29998779296875,360.25,351.29998779296875,356.29998779296875,9973,INDIACEM.BO,356.9928501674107,360.1516672770183,356.8999938964844
2024-11-21,356.29998779296875,356.54998779296875,353.6499938964844,354.8500061035156,14882,INDIACEM.BO,356.2142813546317,359.8850006103516,356.29998779296875
2024-11-22,354.20001220703125,357.04998779296875,353.1499938964844,355.8999938964844,16823,INDIACEM.BO,355.95713588169644,359.6483337402344,354.8500061035156
2024-11-25,359.6499938964844,361.7000122070313,356.1499938964844,358.1499938964844,20487,INDIACEM.BO,356.04285103934154,359.57166646321616,355.8999938964844
2024-11-26,358.1499938964844,362.75,358.1499938964844,359.6000061035156,14329,INDIACEM.BO,356.69285365513394,359.4866668701172,358.1499938964844
2024-11-27,355.29998779296875,361.7000122070313,355.29998779296875,360.3500061035156,4819,INDIACEM.BO,357.4357125418527,359.4216674804687,359.6000061035156
2024-11-28,361.9500122070313,364.8500061035156,358.25,362.7999877929688,44279,INDIACEM.BO,358.27856881277904,359.43333333333334,360.3500061035156
2024-11-29,363.0,367.0,360.8500061035156,365.3999938964844,35135,INDIACEM.BO,359.5785696847098,359.5316660563151,362.7999877929688
2024-12-02,366.0,370.7999877929688,365.0,367.6499938964844,37857,INDIACEM.BO,361.40713936941967,359.7116658528646,365.3999938964844
2024-12-03,367.6499938964844,372.0,365.9500122070313,370.9500122070313,62020,INDIACEM.BO,363.55714198521207,359.975,367.6499938964844
2024-12-04,371.0499877929688,373.5499877929688,368.3500061035156,369.8999938964844,55733,INDIACEM.BO,365.23571341378346,360.23499959309896,370.9500122070313
2024-12-05,369.0,369.8999938964844,365.7000122070313,366.1499938964844,45604,INDIACEM.BO,366.17142595563615,360.3749989827474,369.8999938964844
2024-12-06,366.1499938964844,367.25,358.29998779296875,360.20001220703125,38186,INDIACEM.BO,366.1499982561384,360.31666564941406,366.1499938964844
2024-12-09,357.04998779296875,358.04998779296875,344.75,345.70001220703125,136396,INDIACEM.BO,363.7071446010045,359.8299997965495,360.20001220703125
2024-12-10,346.45001220703125,347.5,341.8500061035156,343.79998779296875,35012,INDIACEM.BO,360.6214294433594,359.30833231608074,345.70001220703125
2024-12-11,348.3500061035156,353.5,344.04998779296875,345.1499938964844,50342,INDIACEM.BO,357.40714372907365,358.84833170572915,343.79998779296875
2024-12-12,343.04998779296875,345.1499938964844,340.29998779296875,341.70001220703125,42693,INDIACEM.BO,353.2285723005022,358.4183319091797,345.1499938964844
2024-12-13,340.5,346.75,338.8500061035156,344.1499938964844,20283,INDIACEM.BO,349.5500008719308,357.93666483561196,341.70001220703125
2024-12-16,342.5,343.3999938964844,338.0,338.95001220703125,18543,INDIACEM.BO,345.66428920200894,357.3333323160807,344.1499938964844
2024-12-17,338.04998779296875,339.0,331.75,333.20001220703125,51440,INDIACEM.BO,341.80714634486606,356.30999959309895,338.95001220703125
2024-12-18,331.0,342.6000061035156,331.0,339.6000061035156,52120,INDIACEM.BO,340.9357169015067,355.52666625976565,333.20001220703125
2024-12-19,339.70001220703125,343.3999938964844,333.3999938964844,340.45001220703125,139139,INDIACEM.BO,340.45714896065846,354.84166666666664,339.6000061035156
2024-12-20,336.54998779296875,341.3500061035156,331.20001220703125,339.0,50770,INDIACEM.BO,339.57857840401783,354.0933329264323,340.45001220703125
2024-12-23,362.0,376.2999877929688,362.0,366.1499938964844,761769,INDIACEM.BO,343.0714329310826,354.2899993896484,339.0
2024-12-24,365.0,373.8999938964844,359.95001220703125,372.5499877929688,286187,INDIACEM.BO,347.12857491629467,354.6983327229818,366.1499938964844
2024-12-26,373.2000122070313,379.2999877929688,369.75,373.7999877929688,699514,INDIACEM.BO,352.10714285714283,355.23499857584636,372.5499877929688
2024-12-27,374.0,378.0,371.8500061035156,372.3999938964844,45924,INDIACEM.BO,357.70714024135043,355.72999877929686,373.7999877929688
2024-12-30,372.4500122070313,381.7999877929688,371.7999877929688,380.2000122070313,278946,INDIACEM.BO,363.50714111328125,356.5683329264323,372.3999938964844
2024-12-31,378.75,379.5499877929688,375.0,376.6499938964844,28244,INDIACEM.BO,368.6785670689174,357.284999593099,380.2000122070313
2025-01-01,379.7000122070313,382.25,375.7999877929688,377.2999877929688,54300,INDIACEM.BO,374.1499938964844,357.9649993896484,376.6499938964844
2025-01-02,380.9500122070313,380.9500122070313,376.0499877929688,377.3500061035156,73233,INDIACEM.BO,375.74999564034596,358.6666666666667,377.2999877929688
2025-01-03,376.75,381.0,375.2999877929688,377.9500122070313,64006,INDIACEM.BO,376.5214276994978,359.43666687011716,377.3500061035156
2025-01-06,378.2000122070313,380.8999938964844,375.0499877929688,375.6499938964844,121391,INDIACEM.BO,376.7857142857143,360.0950002034505,377.9500122070313
2025-01-07,373.5499877929688,377.9500122070313,373.5499877929688,377.5,40723,INDIACEM.BO,377.51428658621654,360.74000040690106,375.6499938964844
2025-01-08,376.75,377.8999938964844,376.6000061035156,377.1000061035156,17005,INDIACEM.BO,377.07142857142856,361.3233337402344,377.5
2025-01-09,375.25,378.25,375.25,376.75,9331,INDIACEM.BO,377.0857151576451,361.8700002034505,377.1000061035156
2025-01-10,374.75,377.7000122070313,374.75,376.8999938964844,36760,INDIACEM.BO,377.028573172433,362.340000406901,376.75
2025-01-13,376.0499877929688,378.6499938964844,376.0499877929688,376.6000061035156,73694,INDIACEM.BO,376.9214303152902,362.7133341471354,376.8999938964844
2025-01-14,376.2999877929688,378.5,376.2999877929688,377.3500061035156,13480,INDIACEM.BO,376.8357151576451,363.0366678873698,376.6000061035156
2025-01-15,378.9500122070313,378.9500122070313,377.0,377.5499877929688,17834,INDIACEM.BO,377.10714285714295,363.2566670735677,377.3500061035156
2025-01-16,377.9500122070313,380.2000122070313,377.5499877929688,378.0499877929688,34227,INDIACEM.BO,377.1857125418527,363.52833353678386,377.5499877929688
2025-01-17,378.0499877929688,380.8500061035156,377.6499938964844,379.0499877929688,10467,INDIACEM.BO,377.4642813546317,363.9583333333333,378.0499877929688
2025-01-20,379.1499938964844,380.5,366.0,379.4500122070313,34605,INDIACEM.BO,377.8499973842076,364.6,379.0499877929688
2025-01-21,376.0,377.9500122070313,346.8500061035156,348.29998779296875,96329,INDIACEM.BO,373.7642822265625,364.68666585286456,379.4500122070313
2025-01-22,345.54998779296875,346.0,303.45001220703125,319.20001220703125,585960,INDIACEM.BO,365.5642830984933,363.8666666666667,348.29998779296875
2025-01-23,312.8500061035156,321.04998779296875,309.6000061035156,311.6499938964844,119526,INDIACEM.BO,356.1785670689174,362.75,319.20001220703125
2025-01-24,312.0,315.20001220703125,292.6499938964844,295.45001220703125,107787,INDIACEM.BO,344.4499991280692,361.2083333333333,311.6499938964844
2025-01-27,290.1000061035156,294.29998779296875,273.0,276.5,139495,INDIACEM.BO,329.94285801478793,358.9533335367839,295.45001220703125
2025-01-28,276.0,280.1499938964844,259.04998779296875,267.75,48731,INDIACEM.BO,314.04285975864957,356.5799997965495,276.5
2025-01-29,269.0,285.75,269.0,278.3999938964844,50715,INDIACEM.BO,299.60714285714283,354.7533325195312,267.75
2025-01-30,284.0,284.0,267.3999938964844,268.5,20787,INDIACEM.BO,288.2071446010045,352.3833323160807,278.3999938964844
2025-01-31,267.3999938964844,271.75,261.20001220703125,264.29998779296875,34387,INDIACEM.BO,280.3642839704241,349.8449981689453,268.5
2025-02-01,265.95001220703125,278.29998779296875,263.04998779296875,272.0,89676,INDIACEM.BO,274.6999991280692,347.611664835612,264.29998779296875
2025-02-03,267.8500061035156,269.6000061035156,259.95001220703125,265.75,47613,INDIACEM.BO,270.45714024135043,344.26499837239584,272.0
2025-02-04,265.75,281.54998779296875,254.8500061035156,280.0,83983,INDIACEM.BO,270.95714024135043,341.17999877929685,265.75
2025-02-05,279.04998779296875,291.3999938964844,273.70001220703125,280.8999938964844,110185,INDIACEM.BO,272.83571079799106,338.0833323160807,280.0
2025-02-06,285.0,285.0,279.25,281.54998779296875,22970,INDIACEM.BO,273.2857099260603,335.05499877929685,280.8999938964844
2025-02-07,278.04998779296875,286.1000061035156,275.45001220703125,278.6499938964844,28920,INDIACEM.BO,274.7357090541295,331.6699981689453,281.54998779296875
2025-02-10,278.8500061035156,279.45001220703125,273.54998779296875,276.3999938964844,14263,INDIACEM.BO,276.4642813546317,328.3283315022787,278.6499938964844
2025-02-11,281.8500061035156,281.8500061035156,273.29998779296875,277.8999938964844,10892,INDIACEM.BO,277.307137625558,325.01499837239584,276.3999938964844
2025-02-12,280.04998779296875,282.0,267.54998779296875,279.70001220703125,24119,INDIACEM.BO,279.2999965122768,321.75999857584634,277.8999938964844
2025-02-13,274.0,282.6000061035156,274.0,281.45001220703125,15681,INDIACEM.BO,279.50714111328125,318.5433319091797,279.70001220703125
2025-02-14,276.6499938964844,282.75,272.3500061035156,282.0,27752,INDIACEM.BO,279.6642848423549,315.4216654459635,281.45001220703125
2025-02-17,283.8500061035156,283.8500061035156,271.6499938964844,276.95001220703125,24993,INDIACEM.BO,279.0071454729353,312.0699991861979,282.0
2025-02-18,278.0,278.0,267.1000061035156,271.70001220703125,29105,INDIACEM.BO,278.0142909458705,308.5566660563151,276.95001220703125
2025-02-19,270.6000061035156,275.25,265.95001220703125,270.29998779296875,18448,INDIACEM.BO,277.14286150251115,305.0083323160807,271.70001220703125
2025-02-20,266.1000061035156,270.95001220703125,257.5,260.3999938964844,43645,INDIACEM.BO,274.64286150251115,301.1249989827474,270.29998779296875
2025-02-21,260.45001220703125,266.54998779296875,257.5,258.8500061035156,55936,INDIACEM.BO,271.66428920200894,297.1999989827474,260.3999938964844
2025-02-24,256.0,259.29998779296875,251.0,255.25,19138,INDIACEM.BO,267.9214303152902,293.1299987792969,258.8500061035156
2025-02-25,255.0,259.0,248.0,251.5500030517578,25485,INDIACEM.BO,263.5714307512556,288.9299992879232,255.25
2025-02-27,252.75,257.0,244.0500030517578,246.5500030517578,18532,INDIACEM.BO,259.2285723005022,284.5466664632161,251.5500030517578
2025-02-28,245.0,256.79998779296875,239.0,252.0500030517578,32304,INDIACEM.BO,256.42142813546315,280.3133336385091,246.5500030517578
2025-03-03,257.6000061035156,261.0,248.3000030517578,256.54998779296875,42587,INDIACEM.BO,254.45714242117745,276.21666615804037,252.0500030517578
2025-03-04,253.0,302.0,252.1000061035156,295.04998779296875,477264,INDIACEM.BO,259.40714154924666,274.4416661580404,256.54998779296875
2025-03-05,293.0,298.20001220703125,286.04998779296875,296.1000061035156,74169,INDIACEM.BO,264.7285701206752,273.67166595458986,295.04998779296875
2025-03-06,295.1000061035156,300.70001220703125,290.0,295.1000061035156,59132,INDIACEM.BO,270.42142813546315,273.11999969482423,296.1000061035156
2025-03-07,294.95001220703125,300.0,290.8999938964844,297.0,37578,INDIACEM.BO,276.9142848423549,273.17166595458986,295.1000061035156
2025-03-10,284.29998779296875,300.0,284.29998779296875,287.3500061035156,33073,INDIACEM.BO,282.74285670689176,273.53333282470703,297.0
2025-03-11,281.04998779296875,285.6000061035156,278.70001220703125,280.3500061035156,28386,INDIACEM.BO,286.7857142857143,273.95333302815754,287.3500061035156
2025-03-12,284.95001220703125,284.95001220703125,277.45001220703125,280.25,13220,INDIACEM.BO,290.1714303152902,274.01499989827477,280.3500061035156
2025-03-13,284.95001220703125,284.95001220703125,272.0,272.6499938964844,33774,INDIACEM.BO,286.97143118722096,274.15333302815753,280.25
2025-03-17,275.3999938964844,275.3999938964844,265.6000061035156,266.8999938964844,13009,INDIACEM.BO,282.8000008719308,274.23999989827473,272.6499938964844
2025-03-18,268.8500061035156,275.1000061035156,265.45001220703125,274.25,21325,INDIACEM.BO,279.82142857142856,274.3149998982747,266.8999938964844
2025-03-19,277.5,277.95001220703125,269.54998779296875,275.1499938964844,69834,INDIACEM.BO,276.6999991280692,274.62833302815756,274.25
2025-03-20,278.6000061035156,278.6000061035156,271.3500061035156,274.8500061035156,79295,INDIACEM.BO,274.9142848423549,274.45666656494143,275.1499938964844
2025-03-21,277.6000061035156,283.0,274.5,279.79998779296875,31563,INDIACEM.BO,274.83571079799106,274.41999969482424,274.8500061035156
2025-03-24,280.0,291.1499938964844,280.0,282.20001220703125,33135,INDIACEM.BO,275.1142839704241,274.441667175293,279.79998779296875
2025-03-25,287.8500061035156,288.29998779296875,273.0,274.75,22078,INDIACEM.BO,275.4142848423549,274.3116673787435,282.20001220703125
2025-03-26,274.3500061035156,275.5,267.29998779296875,267.79998779296875,156526,INDIACEM.BO,275.5428553989955,274.0250005086263,274.75
2025-03-27,267.1000061035156,279.45001220703125,265.1000061035156,277.1000061035156,24660,INDIACEM.BO,275.9499991280692,273.99833424886066,267.79998779296875
2025-03-28,278.0,280.0,273.6499938964844,276.6000061035156,12555,INDIACEM.BO,276.15714372907365,273.8950007120768,277.1000061035156
2025-04-01,273.75,282.95001220703125,273.29998779296875,281.0,9421,INDIACEM.BO,277.0357142857143,273.88000030517577,276.6000061035156
2025-04-02,279.6000061035156,282.0,273.54998779296875,280.0,7884,INDIACEM.BO,277.0642874581473,273.8133336385091,281.0
2025-04-03,282.79998779296875,284.54998779296875,278.54998779296875,283.5,8184,INDIACEM.BO,277.25,274.0316665649414,280.0
2025-04-04,276.6499938964844,282.95001220703125,273.0,277.79998779296875,14645,INDIACEM.BO,277.6857125418527,274.23499908447263,283.5
2025-04-07,266.0,279.5,252.5500030517578,276.5,77514,INDIACEM.BO,278.92857142857144,274.4416661580404,277.79998779296875
2025-04-08,273.0,278.25,272.0,273.3500061035156,13056,INDIACEM.BO,278.39285714285717,274.87333323160806,276.5
2025-04-09,273.0,275.75,268.0,274.6000061035156,11780,INDIACEM.BO,278.10714285714283,275.3983332316081,273.3500061035156
2025-04-11,273.1000061035156,281.54998779296875,273.1000061035156,280.3999938964844,17595,INDIACEM.BO,278.0214276994978,276.2366663614909,274.6000061035156
2025-04-15,281.0,286.3999938964844,281.0,285.79998779296875,9115,INDIACEM.BO,278.8499973842076,277.3783325195312,280.3999938964844
2025-04-16,289.25,289.25,281.25,282.6499938964844,7297,INDIACEM.BO,278.7285679408482,278.58166554768883,285.79998779296875
2025-04-17,283.04998779296875,304.1499938964844,283.04998779296875,287.79998779296875,263063,INDIACEM.BO,280.15713936941967,279.77333170572916,282.6499938964844
2025-04-21,292.1499938964844,292.1499938964844,284.1499938964844,288.79998779296875,23624,INDIACEM.BO,281.9142804827009,280.84833170572915,287.79998779296875
2025-04-22,285.5,291.54998779296875,284.29998779296875,288.6499938964844,38114,INDIACEM.BO,284.09999302455356,280.63499857584634,288.79998779296875
2025-04-23,286.04998779296875,289.25,284.3999938964844,288.5,31394,INDIACEM.BO,286.08570643833707,280.3816650390625,288.6499938964844
2025-04-24,292.8999938964844,293.1499938964844,288.1000061035156,291.1000061035156,33124,INDIACEM.BO,287.6142796107701,280.2483317057292,288.5
2025-04-25,290.29998779296875,292.5,283.5,287.95001220703125,52047,INDIACEM.BO,287.92142595563615,279.94666544596356,291.1000061035156
2025-04-28,294.79998779296875,294.79998779296875,278.6499938964844,290.20001220703125,46882,INDIACEM.BO,289.0,280.0416656494141,287.95001220703125
2025-04-29,291.0,319.0,291.0,314.6000061035156,204581,INDIACEM.BO,292.82857404436385,281.18333231608074,290.20001220703125
2025-04-30,306.3999938964844,312.1499938964844,304.0,307.8999938964844,42091,INDIACEM.BO,295.55714634486606,282.10499877929686,314.6000061035156
2025-05-02,302.5,312.25,302.5,305.8999938964844,17663,INDIACEM.BO,298.0214320591518,283.2133321126302,307.8999938964844
2025-05-05,309.0,310.8999938964844,305.04998779296875,310.75,33585,INDIACEM.BO,301.2000034877232,284.6749989827474,305.8999938964844
2025-05-06,306.29998779296875,316.5,306.0,310.3500061035156,58432,INDIACEM.BO,303.9500034877232,285.8783325195312,310.75
2025-05-07,303.0,316.70001220703125,303.0,315.1499938964844,49648,INDIACEM.BO,307.8357151576451,287.2116658528646,310.3500061035156
2025-05-08,315.1499938964844,320.70001220703125,308.54998779296875,310.8999938964844,50979,INDIACEM.BO,310.7928553989955,288.4133321126302,315.1499938964844
2025-05-09,301.1499938964844,310.75,301.1499938964844,308.3999938964844,20280,INDIACEM.BO,309.90713936941967,289.3666656494141,310.8999938964844
2025-05-12,315.1499938964844,320.5,312.75,318.3500061035156,13175,INDIACEM.BO,311.3999982561384,290.57166544596356,308.3999938964844
2025-05-13,315.04998779296875,320.45001220703125,315.04998779296875,318.20001220703125,13256,INDIACEM.BO,313.15714372907365,292.01999918619794,318.3500061035156
2025-05-14,312.5,325.5,312.5,323.0,33249,INDIACEM.BO,314.90714372907365,293.85999959309896,318.20001220703125
2025-05-15,324.95001220703125,328.0,319.8999938964844,323.1499938964844,39062,INDIACEM.BO,316.73571341378346,295.39499918619794,323.0
2025-05-16,325.0,325.25,317.5,319.70001220703125,31545,INDIACEM.BO,317.3857160295759,296.8316660563151,323.1499938964844
2025-05-19,322.54998779296875,323.75,315.45001220703125,321.29998779296875,11990,INDIACEM.BO,318.8714294433594,298.1749989827474,319.70001220703125
2025-05-20,322.0,325.8500061035156,317.8500061035156,320.75,24186,INDIACEM.BO,320.6357160295759,299.5333323160807,321.29998779296875
2025-05-21,322.29998779296875,322.29998779296875,315.6000061035156,318.8500061035156,25012,INDIACEM.BO,320.7071446010045,300.7116658528646,320.75
2025-05-22,318.5,330.0,318.04998779296875,329.1000061035156,33975,INDIACEM.BO,322.26428658621654,302.4216664632161,318.8500061035156
2025-05-23,329.0,338.5,327.0,332.45001220703125,34661,INDIACEM.BO,323.6142883300781,304.2866668701172,329.1000061035156
2025-05-26,338.95001220703125,338.95001220703125,324.79998779296875,327.0,11938,INDIACEM.BO,324.16428920200894,306.075,332.45001220703125
2025-05-27,326.04998779296875,338.70001220703125,325.20001220703125,337.6499938964844,20871,INDIACEM.BO,326.7285723005022,308.1766662597656,327.0
2025-05-28,337.0,341.0,329.5,335.29998779296875,15432,INDIACEM.BO,328.7285723005022,310.0066660563151,337.6499938964844
2025-05-29,339.54998779296875,339.54998779296875,333.25,336.75,9451,INDIACEM.BO,331.01428658621654,311.7049997965495,335.29998779296875
2025-05-30,332.04998779296875,336.1000061035156,312.0,317.75,25046,INDIACEM.BO,330.85714285714283,312.875,336.75
2025-06-02,317.54998779296875,331.6499938964844,313.04998779296875,329.5,48353,INDIACEM.BO,330.9142848423549,314.26500040690104,317.75
2025-06-03,333.5,360.20001220703125,329.70001220703125,351.5,254024,INDIACEM.BO,333.6357116699219,316.35500081380206,329.5
2025-06-04,349.95001220703125,349.95001220703125,337.45001220703125,340.8999938964844,57260,INDIACEM.BO,335.62142508370533,318.09666748046874,351.5
2025-06-05,340.5,342.6499938964844,333.54998779296875,335.25,27532,INDIACEM.BO,335.27856881277904,319.6550008138021,340.8999938964844
2025-06-06,335.04998779296875,345.8500061035156,335.0,342.6000061035156,33279,INDIACEM.BO,336.32142857142856,321.3716674804688,335.25
2025-06-09,340.6499938964844,343.6000061035156,339.04998779296875,342.1499938964844,19845,INDIACEM.BO,337.09285627092635,323.17833353678384,342.6000061035156
2025-06-10,342.6499938964844,349.6499938964844,341.45001220703125,347.75,17508,INDIACEM.BO,341.3785705566406,325.09666646321614,342.1499938964844
2025-06-11,347.45001220703125,347.45001220703125,338.70001220703125,339.75,15518,INDIACEM.BO,342.84285627092635,325.93499959309895,347.75
2025-06-12,339.75,340.0,331.0,332.1499938964844,31874,INDIACEM.BO,340.0785696847098,326.7433329264323,339.75
2025-06-13,319.8999938964844,333.95001220703125,319.8999938964844,333.04998779296875,13272,INDIACEM.BO,338.95714024135043,327.64833272298176,332.1499938964844
2025-06-16,322.29998779296875,337.3999938964844,322.29998779296875,336.29998779296875,25121,INDIACEM.BO,339.10713849748885,328.4999989827474,333.04998779296875
2025-06-17,335.0,336.6499938964844,326.0,327.20001220703125,19756,INDIACEM.BO,336.90713936941967,329.06166585286456,336.29998779296875
2025-06-18,334.95001220703125,334.95001220703125,322.0,323.04998779296875,8198,INDIACEM.BO,334.1785670689174,329.3249989827474,327.20001220703125
2025-06-19,322.54998779296875,326.6000061035156,317.0,320.3500061035156,4902,INDIACEM.BO,330.2642822265625,329.63999938964844,323.04998779296875
2025-06-20,318.0,321.45001220703125,297.54998779296875,304.20001220703125,88491,INDIACEM.BO,325.1857125418527,329.5,320.3500061035156
2025-06-23,318.5,318.5,306.1000061035156,310.95001220703125,60532,INDIACEM.BO,322.15714372907365,329.2533335367838,304.20001220703125
2025-06-24,313.0,319.0,308.6499938964844,311.3999938964844,29255,INDIACEM.BO,319.0642874581473,329.02666625976565,310.95001220703125
2025-06-25,318.95001220703125,336.6499938964844,312.70001220703125,333.75,144677,INDIACEM.BO,318.7000034877232,329.38499959309894,311.3999938964844
2025-06-26,334.0,336.20001220703125,330.8500061035156,334.95001220703125,23346,INDIACEM.BO,319.80714634486606,329.77833353678386,333.75
2025-06-27,338.45001220703125,350.0,333.0,341.29998779296875,43595,INDIACEM.BO,322.41428920200894,330.4983327229818,334.95001220703125
2025-06-30,343.75,346.5,333.5,344.3500061035156,27653,INDIACEM.BO,325.84286063058033,331.26666666666665,341.29998779296875
2025-07-01,348.95001220703125,349.3999938964844,341.5,346.0,18782,INDIACEM.BO,331.8142874581473,332.10833333333335,344.3500061035156
2025-07-02,349.0,352.0,342.79998779296875,348.79998779296875,17266,INDIACEM.BO,337.221426827567,333.1066660563151,346.0
2025-07-03,348.6499938964844,350.3500061035156,341.6000061035156,342.95001220703125,20554,INDIACEM.BO,341.7285723005022,333.5683329264323,348.79998779296875
2025-07-04,342.6000061035156,347.6499938964844,339.1000061035156,344.25,29341,INDIACEM.BO,343.2285723005022,333.9616658528646,342.95001220703125
2025-07-07,342.8999938964844,348.5,337.04998779296875,345.8999938964844,24342,INDIACEM.BO,344.7928553989955,334.59166564941404,344.25
2025-07-08,346.04998779296875,351.1499938964844,340.54998779296875,348.6499938964844,10311,INDIACEM.BO,345.84285627092635,334.9583323160807,345.8999938964844
2025-07-09,351.75,351.75,346.3500061035156,348.3500061035156,8553,INDIACEM.BO,346.4142848423549,335.39333292643227,348.6499938964844
2025-07-10,348.3500061035156,350.0,343.6499938964844,348.5,7773,INDIACEM.BO,346.7714276994978,335.784999593099,348.3500061035156
2025-07-11,342.0,349.8999938964844,342.0,346.79998779296875,10074,INDIACEM.BO,346.48571341378346,336.7533325195312,348.5
2025-07-14,339.79998779296875,351.0,339.79998779296875,345.54998779296875,13961,INDIACEM.BO,346.85713849748885,337.2883321126302,346.79998779296875
2025-07-15,342.04998779296875,350.0,342.04998779296875,347.5,9273,INDIACEM.BO,347.32142421177457,337.1549987792969,345.54998779296875
2025-07-16,348.79998779296875,348.79998779296875,343.3500061035156,344.8999938964844,8509,INDIACEM.BO,347.1785670689174,337.2883321126302,347.5
2025-07-17,347.45001220703125,354.75,343.45001220703125,349.79998779296875,42954,INDIACEM.BO,347.3428519112723,337.77333170572916,344.8999938964844
2025-07-18,352.0,354.29998779296875,346.0,347.20001220703125,9626,INDIACEM.BO,347.1785670689174,337.926665242513,349.79998779296875
2025-07-21,342.20001220703125,345.0,329.8999938964844,343.0,66872,INDIACEM.BO,346.3928527832031,337.9549987792969,347.20001220703125
2025-07-22,338.0,375.8500061035156,338.0,371.0499877929688,300920,INDIACEM.BO,349.85713849748885,338.7316650390625,343.0
2025-07-23,366.0499877929688,373.7999877929688,357.3999938964844,369.7000122070313,95834,INDIACEM.BO,353.30714198521207,339.72999877929686,371.0499877929688
2025-07-24,364.5499877929688,368.8500061035156,358.5,359.95001220703125,37905,INDIACEM.BO,355.0857151576451,340.6566660563151,369.7000122070313
2025-07-25,358.5,362.9500122070313,352.95001220703125,359.1000061035156,46027,INDIACEM.BO,357.1142883300781,341.525,359.95001220703125
2025-07-28,354.45001220703125,368.8999938964844,353.20001220703125,356.5,41986,INDIACEM.BO,358.0714329310826,342.1983337402344,359.1000061035156
2025-07-29,353.6499938964844,366.8999938964844,349.04998779296875,364.9500122070313,89322,INDIACEM.BO,360.6071472167969,343.4566670735677,356.5
2025-07-30,364.9500122070313,371.9500122070313,363.0,371.2999877929688,24332,INDIACEM.BO,364.6500026157924,345.06500040690105,364.9500122070313
2025-07-31,371.8999938964844,376.0,362.75,369.7999877929688,25207,INDIACEM.BO,364.47143118722107,346.7133331298828,371.2999877929688
2025-08-01,364.0,369.7000122070313,361.2999877929688,362.75,18754,INDIACEM.BO,363.4785723005023,348.6649993896484,369.7999877929688
2025-08-04,357.04998779296875,369.6000061035156,356.75,361.7000122070313,32380,INDIACEM.BO,363.7285723005023,350.3566660563151,362.75
2025-08-05,357.04998779296875,374.0,357.04998779296875,372.75,44712,INDIACEM.BO,365.6785714285715,352.40166625976565,361.7000122070313
2025-08-06,370.6499938964844,374.0,366.1499938964844,367.5499877929688,12413,INDIACEM.BO,367.2571411132813,353.52833251953126,372.75
2025-08-07,366.4500122070313,366.4500122070313,355.20001220703125,358.0,9777,INDIACEM.BO,366.26428222656256,354.2966654459635,367.5499877929688
2025-08-08,356.0,360.5,352.0,355.3500061035156,31709,INDIACEM.BO,363.98571341378346,354.76499938964844,358.0
2025-08-11,350.54998779296875,363.75,350.54998779296875,357.6499938964844,42494,INDIACEM.BO,362.25,355.2083323160807,355.3500061035156
2025-08-12,354.3500061035156,370.0,354.3500061035156,368.3500061035156,27959,INDIACEM.BO,363.0500008719308,355.9533325195313,357.6499938964844
2025-08-13,366.75,371.5499877929688,364.6499938964844,368.6499938964844,38900,INDIACEM.BO,364.0428553989955,356.61499938964846,368.3500061035156
2025-08-14,373.9500122070313,373.9500122070313,362.9500122070313,368.7999877929688,15339,INDIACEM.BO,363.4785679408482,357.47666524251304,368.6499938964844
2025-08-18,381.5499877929688,381.5499877929688,369.7000122070313,370.3999938964844,24275,INDIACEM.BO,363.8857116699219,358.34833170572915,368.7999877929688
2025-08-19,371.2999877929688,374.0,370.1000061035156,373.4500122070313,6772,INDIACEM.BO,366.09285627092635,359.26666564941405,370.3999938964844
2025-08-20,373.2999877929688,373.4500122070313,366.1499938964844,370.0,25242,INDIACEM.BO,368.1857125418527,359.97833251953125,373.4500122070313
2025-08-21,374.0499877929688,400.2999877929688,374.0499877929688,391.2000122070313,506159,INDIACEM.BO,372.9785723005022,361.4066660563151,370.0
2025-08-22,394.75,394.75,374.0499877929688,376.1499938964844,288814,INDIACEM.BO,374.09285627092635,362.3283325195313,391.2000122070313
2025-08-25,374.5,382.6000061035156,366.0,381.8999938964844,41077,INDIACEM.BO,375.98571341378346,363.4983327229818,376.1499938964844
2025-08-26,375.7000122070313,385.0,374.0,382.7000122070313,48300,INDIACEM.BO,377.97143118722096,364.7366668701172,381.8999938964844
2025-08-28,375.0499877929688,385.5499877929688,375.0499877929688,384.5499877929688,17836,INDIACEM.BO,379.99285888671875,365.97166646321614,382.7000122070313
2025-08-29,384.5499877929688,386.3999938964844,380.7999877929688,381.2000122070313,33500,INDIACEM.BO,381.1000017438617,367.1816670735678,384.5499877929688
2025-09-01,376.9500122070313,389.2000122070313,376.9500122070313,382.7999877929688,24959,INDIACEM.BO,382.9285714285715,368.28166707356775,381.2000122070313
2025-09-02,378.5499877929688,387.5499877929688,378.5499877929688,385.25,13277,INDIACEM.BO,382.07856968470986,369.55000000000007,382.7999877929688
2025-09-03,382.5499877929688,406.3999938964844,382.5499877929688,403.6000061035156,181850,INDIACEM.BO,386.00000000000006,371.5700002034506,385.25
2025-09-04,410.5499877929688,412.6000061035156,394.2999877929688,401.6499938964844,99077,INDIACEM.BO,388.8214285714286,372.5900004069011,403.6000061035156
2025-09-05,403.8500061035156,404.2999877929688,393.5499877929688,395.0,57029,INDIACEM.BO,390.57856968470986,373.4333333333334,401.6499938964844
2025-09-08,403.7999877929688,408.7999877929688,398.4500122070313,403.1499938964844,27146,INDIACEM.BO,393.23571341378346,374.87333272298184,395.0
2025-09-09,403.1499938964844,403.1499938964844,391.2000122070313,391.5,12407,INDIACEM.BO,394.70714024135043,375.95333251953133,403.1499938964844
2025-09-10,391.5499877929688,393.5499877929688,387.0,389.7999877929688,16002,INDIACEM.BO,395.70714024135043,377.0633321126303,391.5
2025-09-11,389.8500061035156,395.5,389.1499938964844,394.3999938964844,27604,INDIACEM.BO,397.0142822265625,378.04499816894537,389.7999877929688
2025-09-12,394.3999938964844,397.3999938964844,389.7000122070313,391.7999877929688,17504,INDIACEM.BO,395.3285653250558,378.7283315022787,394.3999938964844
2025-09-15,391.6499938964844,400.0,387.7999877929688,398.5,36049,INDIACEM.BO,394.8785661969866,379.6849985758464,391.7999877929688
2025-09-16,400.3999938964844,402.8999938964844,396.5,400.0499877929688,44264,INDIACEM.BO,395.59999302455356,380.9283315022787,398.5
2025-09-17,398.5,408.8999938964844,398.5,406.3500061035156,34678,INDIACEM.BO,396.057137625558,382.41666463216154,400.0499877929688
2025-09-18,404.5499877929688,407.3999938964844,398.4500122070313,399.0,21435,INDIACEM.BO,397.1285661969866,383.29166463216154,406.3500061035156
2025-09-19,399.6000061035156,400.1000061035156,395.25,398.8500061035156,8520,INDIACEM.BO,398.42142595563615,384.33499857584644,399.0
2025-09-22,398.0499877929688,398.0499877929688,387.5,390.6000061035156,127941,INDIACEM.BO,397.8785705566406,385.4216654459636,398.8500061035156
2025-09-23,386.6499938964844,392.1000061035156,379.0,381.8500061035156,16260,INDIACEM.BO,396.4571446010045,386.3049987792969,390.6000061035156
2025-09-24,380.5,390.1499938964844,380.5,386.75,40922,INDIACEM.BO,394.778573172433,387.27499898274743,381.8500061035156
2025-09-25,389.0,389.5499877929688,382.0,383.7999877929688,30601,INDIACEM.BO,392.4571446010045,387.78999837239587,386.75
2025-09-26,378.7000122070313,391.75,378.7000122070313,386.0,32457,INDIACEM.BO,389.5500008719308,388.36833190917974,383.7999877929688
2025-09-29,381.1499938964844,388.3999938964844,381.0,382.5499877929688,34639,INDIACEM.BO,387.1999991280692,388.82666524251306,386.0
2025-09-30,381.0,384.8500061035156,379.7999877929688,383.7999877929688,11152,INDIACEM.BO,385.0499965122768,389.2733317057292,382.5499877929688
2025-10-01,382.0499877929688,394.7000122070313,380.8999938964844,390.8999938964844,11451,INDIACEM.BO,385.0928519112723,389.8549977620443,383.7999877929688
2025-10-03,387.1000061035156,392.5499877929688,384.7999877929688,386.8999938964844,11776,INDIACEM.BO,385.8142787388393,390.41833089192716,390.8999938964844
2025-10-06,385.9500122070313,399.0,383.25,393.5499877929688,39150,INDIACEM.BO,386.7857055664063,390.49666341145837,386.8999938964844
2025-10-07,393.5499877929688,398.3500061035156,392.0,393.25,11612,INDIACEM.BO,388.13570731026795,391.0666636149089,393.5499877929688
2025-10-08,394.0,397.2000122070313,385.2000122070313,387.5,20120,INDIACEM.BO,388.3499930245536,391.2533304850261,393.25
2025-10-09,389.9500122070313,395.6000061035156,389.5499877929688,392.4500122070313,12641,INDIACEM.BO,389.76428222656256,391.57833048502613,387.5
2025-10-10,385.6499938964844,398.0,385.6499938964844,391.3999938964844,22967,INDIACEM.BO,390.8499973842076,391.8066640218099,392.4500122070313
2025-10-13,387.8500061035156,395.7999877929688,387.8500061035156,392.75,25055,INDIACEM.BO,391.1142839704241,392.19166361490886,391.3999938964844
2025-10-14,390.0499877929688,394.8500061035156,383.8500061035156,384.25,25219,INDIACEM.BO,390.73571341378346,392.2399973551432,392.75
2025-10-15,383.5,394.4500122070313,383.5,393.2000122070313,9039,INDIACEM.BO,390.6857169015067,392.5049977620443,384.25
2025-10-16,394.5,397.1499938964844,391.5499877929688,394.0499877929688,29241,INDIACEM.BO,390.8000008719308,392.18666381835936,393.2000122070313
2025-10-17,394.0499877929688,394.7999877929688,390.0,391.75,9433,INDIACEM.BO,391.40714372907365,391.8566640218099,394.0499877929688
2025-10-20,396.8500061035156,396.8500061035156,391.0,392.3999938964844,5614,INDIACEM.BO,391.3999982561384,391.76999715169273,391.75
2025-10-21,391.0499877929688,394.8500061035156,390.0499877929688,390.7000122070313,8522,INDIACEM.BO,391.3000008719308,391.35499776204426,392.3999938964844
2025-10-23,391.0,393.2999877929688,390.7000122070313,391.4500122070313,5165,INDIACEM.BO,391.1142883300781,391.35333150227865,390.7000122070313
2025-10-24,391.5,393.0,389.5499877929688,390.1000061035156,6880,INDIACEM.BO,391.9500034877232,391.3633321126302,391.4500122070313
